pubid,question,context,synthetic_answer,final_decision
27172741,Can the histopathology influence the outcome of early-stage cervical cancer?,"The assessment of the histology influence on survival in early-stage cervical cancer patients treated with surgery. The retrospective analysis of 71 cervical adenocarcinoma (AC), International Federation of Gynecology and Obstetrics (FIGO) Stage IB, treated initially with surgery, between 1989 and 1999 and 43 squamous cell cancer (SCC) patients, treated with the same method, between 1998 and 1999, was performed. Cox multi-variant analysis and the Kaplan-Meyer methods were performed (the level of statistical significance, p ≤ 0.05). The ten-year overall survival (OS) of AC and SCC patients was 67.5% and 90%, p = 0.015. The ten-year disease free survival (DFS) was 63% and 85%, p = 0.022, respectively. After adjusting the significant prognostic factors, patients with AC had significantly worse treatment outcomes than patients with SCC: DFS (relative risk (RR) 1.85, 95% CI = 1.28-2.69, p = 0.001) and OS (RR 1.65, 95% CI = 1.65-2.33, p = 0.005).",The results suggest that the histological type is an important factor affecting prognosis after surgical treatment for early stage cervical carcinoma. This finding may be useful when selecting patients for further treatment or as part of clinical trials.,
9860222,Gastroesophageal reflux in neurologically impaired children: partial or total fundoplication?,"It is difficult to give guidelines when approaching gastroesophageal disease in neurologically impaired children. Indication for surgery has been increasing over recent years, but there is no consensus on the surgical technique of choice. Nothing has been written specifically comparing the results of different procedures in these patients, so far. We retrospectively compare the short- and long-term results of two different types of fundoplication in a series of children operated on for documented gastroesophageal reflux disease at our institution. One group (group A) of 27 patients, operated on between 1977 and 1993, underwent Nissen fundoplication, the other (group B), formed of 20 patients all of whom were operated on between 1993 and 1995, underwent Thai fundoplication. We compared the results in terms of positive outcome (recovery) and negative outcome (minor and major complication), computing the relative odds of group A versus group B in terms of risk of complication, and we compared the mean operative time and the length of hospital stay by means of a student's t-test analysis.","The results show that both groups had similar rates of recovery after operation; however, there was an increased incidence of minor complications among those who received partial fundoplications. The mean operating times were shorter in group B than in group A, while the lengths of hospital stays were longer. These findings suggest that either type of fundo-polytomy may be acceptable depending upon individual patient characteristics such as age, severity of disease, and response to treatment.",
23043866,Does lumbar microdiscectomy affect adjacent segmental disc degeneration?,"Microdiscectomy is a common surgical procedure used to treat lumbar disc herniation. Following microdiscectomy, the space of the excised nucleus pulposus is replaced by fibrocartilaginous granulation tissue. This results in alterations of both the material properties of the intervertebral disc and the biomechanics of the lumbar motion segments, potentially contributing to adjacent segmental disc degeneration. To our knowledge, there is no published study in the English literature investigating this potential effect. A previously developed three-dimensional finite element model of L3-L5 was used as a normal control. From this normal model, two different grades of disc degeneration models (mild and moderate) and corresponding microdiscectomy models were developed by changing either the geometry or associated material properties of L4-L5 segment. The 800 N pre-compressive loading plus 10 Nm moments simulating flexion, extension, lateral bending, and axial rotation were imposed on L3 superior end plate of each model. The intradiscal pressure, intersegmental rotation, and tresca stress of annulus fibrosus in L3-L4 segment were investigated. The intradiscal pressure, intersegmental rotation, and tresca stress of L3-L4 segment in mild degeneration microdiscectomy model are higher than those in the mild degeneration model under all motion directions. The above parameters in moderate degeneration microdiscectomy model present a similar trend to the mild degeneration microdiscectomy model. However, the intersegmental rotation of L3-L4 in moderate degeneration microdiscectomy model is lower than that in the moderate degeneration model in lateral bending, and the intradiscal pressure of L3-L4 in moderate degeneration microdiscectomy model is lower than that in the moderate degeneration model in axial rotation.",Lumbar micro-discectomies may cause an increase in intra- and extramedullary stresses within the L3–L5 region which could lead to increased risk for developing adjacent-segmental disc dysfunctions.,
26442390,RESIDENT IMPLEMENTATION OF THE 2007 ACC/AHA GUIDELINES ON PREOPERATIVE CARDIAC EVALUATION IN NON-CARDIAC SURGERY PATIENTS: IS CLINICAL EXPERIENCE ENOUGH?,"Preoperative evaluation of surgical patients is important, as perioperative complications are associated with increased mortality. Specialties including anesthesiology, internal medicine, cardiology, and surgery are involved in the evaluation and management of these patients. This institutional study investigated the residents' knowledge of the 2007 American College of Cardiology/American Heart Association (ACC/AHA) guidelines on perioperative evaluation of patients undergoing non-cardiac surgery. This pilot study used a web-based survey questionnaire to assess resident's knowledge of the 2007 ACC/AHA guidelines through individual steps and corresponding branch point(s) in twelve clinical scenarios. Additionally, residents were asked if they were aware of, or if they had received lectures on ACC/AHA guidelines. Staff anesthesiologists with training in cardiac and intensive care medicine validated the scenarios. A total of 104 resident participants were surveyed including 35 anesthesiology residents, 41 internal medicine residents, 20 surgery residents, and 8 cardiology fellows. Awareness of the 2007 ACC/AHA guidelines by specialty was: anesthesiology (85%), internal medicine (97.6%), cardiology (100%), and surgery (70%). Only 54.3% of anesthesiology, 31.7% of internal medicine, 100% of cardiology, and 10% of surgery residents stated they received lectures. The overall mean score achieved on the eleven scenarios was 50.4% for anesthesiology, 47.0% for internal medicine, 55.7% for cardiology, and 42.3% for surgery.",The results suggest that there is still room for improvement regarding the implementation of the ACC/AHAs guidelines among our residents. Further education programs should be conducted to increase awareness about the importance of preoperative assessment of patients who will require cardiothoracic procedures.,
15819286,Lipid-lowering therapy in patients with peripheral arterial disease: are guidelines being met?,"To determine the proportion of patients with lower extremity peripheral arterial disease (PAD) who reach recommended low-density lipoprotein cholesterol (LDL-C) levels (<100 mg/dL) and to identify the patient characteristics that are independently associated with attaining the LDL-C goal (<100 mg/dL). Eligible patients were identified from a roster of patients who had undergone testing at a nonvascular laboratory between September 1, 2001, and January 31, 2002, and were found to have evidence of PAD, defined as an ankle-brachial index of 0.9 or less. We thoroughly reviewed patients' electronic medical records. Backward elimination multivariate logistic regression modeling was used to Identify factors associated with reaching the goal LDL-C level. Among 143 patients with PAD, 105 (73%) met the goal LDL-C level. Lipid-lowering therapy was prescribed for 109 (76%). Lower diastolic blood pressure and lower weight were independently associated with an LDL-C level of less than 100 mg/dL.","The majority of patients diagnosed with PAD achieve their target LDLC goals when treated with lipid-lowering medications. However, some may not meet this objective due to poor clinical presentation or other factors such as high body mass index or hypertension. Further studies should investigate whether there is a relationship between these variables and adherence to treatment.",
26419506,Do CHA2 DS2 VASc and HAS-BLED scores influence 'real-world' anticoagulation management in atrial fibrillation?,"Although recommendations for the antithrombotic management of atrial fibrillation (AF) are based on strong evidence, the European guidelines are not fully implemented into practice. The objective of this study is to analyse antithrombotic treatment in AF in Poland after the publication of the European Society of Cardiology Guidelines in 2012. We retrospectively studied 1556 patients with AF from the Reference Cardiology University Centre in Poland in 2012-2014. CHA2 DS2 VASc and HAS-BLED scores were 3.5 ± 1.7 and 2.4 ± 1.1. Anti-vitamin K agent were prescribed in 59%, with non-vitamin K antagonist oral anticoagulants in 12%, acetylsalicylic acid (ASA) alone in 18%. Older patients (p < 0.0001) and with paroxysmal AF were less likely to receive oral anticoagulation (OAC, p < 0.0001). The risk of stroke according to CHA2 DS2 VASc score was higher in patients who did not receive OAC (p < 0.0001). The use of OAC increased with increasing CHA2 DS2 VASc score but was less frequent in score ≥ 4. The risk of bleeding was higher in patients without OAC (p < 0.0001). The odds of non-vitamin K antagonist oral anticoagulants use were lower for older patients, patients with ischaemic heart disease, chronic heart failure, anaemia, HAS-BLED ≥ 3 and valvular AF. ASA was given in 39% of the patients, especially in paroxysmal AF (p < 0.0001). The odds of ASA alone were higher for older patients, with ischaemic heart disease and history of myocardial infarction (p < 0.0001). The odds of use of ASA as the only treatment were 5.5 times higher for HAS-BLED ≥ 3 (p < 0.0001).","The results suggest that although there has been some improvement in the implementation of the ESH guidelines among our population, they still do not meet the standards set by the European Association of Cardio-Thoracic Surgeons. Further studies should be conducted to determine whether these changes have led to an increase or decrease in morbidity and mortality due to thromboembolic events.",
21794924,Anxiety symptom presentations in Han Chinese and Euro-Canadian outpatients: is distress always somatized in China?,"Cultural variations in the relative emphasis on somatic versus psychological symptoms of distress are a common topic in cultural psychopathology. The most well-known example involves people of Chinese heritage, who are found to emphasize somatic symptoms in presenting depression as compared with people of Western European heritage. It remains unknown whether a similar cultural difference is found for anxiety disorders. Euro-Canadian (n=79) and Han Chinese (n=154) psychiatric outpatients with clinically significant concerns about both depression and anxiety were selected from a larger dataset based on their responses to a structured interview. They also completed two self-report questionnaires assessing somatization of depression and anxiety. As expected, Chinese participants reported a greater tendency to emphasize somatic symptoms of depression, as compared to the Euro-Canadians. Contrary to expectations, the tendency to emphasize somatic symptoms of anxiety was higher among the Euro-Canadians as compared to the Chinese participants. Characteristics of our participants limit the generalizability of our findings. The current study is preliminary and requires replication.",Our results suggest that there may be differences between how Chinese and Europeans perceive and respond to anxiety-related symptoms. Further studies should investigate these differences further before drawing conclusions about which type of symptoms should be considered when diagnosing an individual's overall mental health status.,
18242262,Paraplegia after extensive thoracic and thoracoabdominal aortic aneurysm repair: does critical spinal cord ischemia occur postoperatively?,"Spinal cord injury can occur not only during extensive thoracoabdominal aneurysm repair but also postoperatively, causing delayed-onset paraplegia. A series of 858 thoracoabdominal aneurysm repairs (June 1990-June 2006) with an overall paraplegia rate of 2.7% was analyzed retrospectively. Serial segmental artery sacrifice was monitored by using somatosensory evoked potentials; segmental arteries were not reimplanted. Of a total of 20 cases of paraplegia, 3 occurred intraoperatively and 7 occurred late postoperatively: these will not be analyzed further. In 10 cases (the paraplegia group) spinal cord injury occurred within 48 hours after thoracoabdominal aneurysm repair, despite intact somatosensory evoked potentials at the end of the procedure. These patients with early postoperative delayed paraplegia were compared with 10 matched control subjects who recovered without spinal cord injury. In the paraplegia group a median of 9 segmental arteries (range, 5-12 segmental arteries) were sacrificed. There were 9 male subjects: median age was 63 years (range, 40-79 years), and 4 of 10 had cerebrospinal fluid drainage. A median of 9 segmental arteries (range, 2-12 segmental arteries) were also sacrificed in the matched recovery group. There were 4 male subjects; median age was 66 years (range, 40-78 years), and 8 of 10 had cerebrospinal fluid drainage. During the first 48 hours postoperatively, there were no significant differences in arterial and mixed venous oxygen saturation, partial arterial O2 and CO2 pressures, body temperature, glucose, hematocrit, or pH. The mean central venous pressures, however, were significantly higher in the paraplegic patients from 1 to 5 hours postoperatively (P = .03). In addition, although absolute mean aortic pressures did not differ between matched pairs postoperatively, when pressures were considered as a percentage of individual antecedent preoperative mean aortic pressure, paraplegic patients had significantly lower values during the first 5 hours postoperatively (P = .03).",In this study we found that severe spinal cord damage occurs even if there is no apparent acute brainstem injury. This may explain why some patients recover completely while others do not.,
20368474,Are psychological features useful in classifying patients with somatic symptoms?,"To evaluate psychological characteristics that could be used for the classification of somatic syndromes requesting medical care. Positive psychological classification criteria are needed to justify the classification of somatic syndromes as Diagnostic and Statistical Manual of Mental Disorders- or International Classification of Diseases-10 section F/mental disorders diagnosis. From a population-based sample of 2510 people, subsamples reporting high scores for somatic symptoms (SOM+; n = 154) versus average scores for somatic symptoms (SOM-; n = 167) were defined. Telephone interviews (e.g., structured interviews for diagnoses, healthcare use, symptom history, possible psychological characteristics), self-rating scales (e.g., Pain Disability Index, depression scale Patient Health Questionnaire-9), and general practitioners reports were collected for these subsamples. In addition to somatic symptoms, we used healthcare use and disability as major external validation criteria. There was strong evidence for ten of the 28 binary coded psychological variables to identify those people with somatic symptoms who needed medical help and/or were seriously disabled. These variables included ""avoidance of physical activities,"" ""bias for somatic illness attributions,"" ""self-concept of being physically weak,"" and ""desperation because of somatic symptoms."" The relevance of these psychological characteristics was partially further confirmed by stepwise regression analyses, which showed incremental validity compared with variables like somatic symptoms and depression.","Psychological factors can provide valuable information about whether someone has an SDRD or is severely disabled due to it. However, they do not seem to have much impact on predicting severity or outcome when combined with other clinical data. Further studies should investigate their role in identifying individuals at risk for developing SDRDs or having severe disabilities caused by them.",
18809063,Do additional shaved margins at the time of lumpectomy eliminate the need for re-excision?,"Most women diagnosed with breast cancer undergo breast-conservation surgery. Re-excision rates for positive margins have been reported to be greater than 50%. The purpose of our study was to determine if removing additional shaved margins from the lumpectomy cavity at the time of lumpectomy reduces re-excisions. A retrospective study was performed on 125 women who had undergone lumpectomy with additional shaved margins taken from the lumpectomy cavity. Pathology reports were reviewed for tumor size and histology, lumpectomy and additional margin status, and specimen and margin volume. If additional margins were not taken, 66% would have required re-excision. Because of taking additional shaved margins, re-excision was eliminated in 48%.",Removing additional shaved borders from the lumen during lumpectomies does not increase the risk of requiring further surgical intervention. This finding suggests that these procedures may be safely performed without increasing morbidity or mortality.,
26328290,Is There Evidence of Failing to Fail in Our Schools of Nursing?,Literature on grading practices largely focuses on clinical or academic grading. Reviewing both as distinct entities may miss a more systemic grading problem. A cross-sectional survey targeted 235 faculty within university and community colleges in a western state. Chi-square tests of independence explored the relation between institutional and faculty variables. The response rate was 34 percent. Results suggest failing to fail may be evident across the sector in both clinical and academic settings: 43 percent of respondents had awarded higher grades than merited; 17.7 percent had passed written examinations they felt should fail; 66 percent believed they had worked with students who should not have passed their previous placement.,The results indicate that many nurses do not understand how best to grade themselves or others. This finding suggests that there is an opportunity for improvement by developing better guidelines for self-grading. Further studies should investigate whether these changes lead to improvements in student outcomes.,
7674464,Does desmopressin improve hemostasis and reduce blood loss from aortic surgery?,"The purpose of this study was to determine the effect of desmopressin acetate (DDAVP) on blood loss, transfusion requirements, and thromboembolic complications in patients undergoing elective aortic operations. A randomized, double-blind trial was carried out during a 3-year period with patients receiving 20 micrograms DDAVP or identical-appearing placebo at the time of aortic cross-clamp placement. In addition to major bleeding and thromboembolic end points, bleeding times and platelet counts were monitored serially. Forty-three patients were randomized to receive DDAVP, and 48 were assigned to a placebo. An equivalent proportion of patients with aneurysm and patients with occlusive disease was in each group. In spite of mild prolongation in the postoperative bleeding times and moderate thrombocytopenia, DDAVP had no beneficial effect on blood loss or transfusion requirements. Total blood transfusion amount (mean +/- standard deviation) for patients receiving DDAVP was 3.1 +/- 3.0 U compared with 2.7 +/- 3.0 U for those receiving placebo. For all patients the period associated with the greatest blood loss was the time between heparin administration with cross-clamp application and reversal of heparin with protamine sulfate. The incidence of major thromboembolic complications was similar in both groups.","Desmopressesins do not appear to be effective in reducing blood loss during aortic procedures. However, they may have some benefit when used as adjuncts to other treatments such as anticoagulation therapy.",
21830151,Is there an association between hiatal hernia and ineffective esophageal motility in patients with gastroesophageal reflux disease?,"The pathophysiology of gastroesophageal reflux disease is multifactorial, where esophageal motility is one of the factors implicated in its genesis. However, there is still no consensus on the existence of an association between esophageal dysmotility and hiatal hernia in patients with gastroesophageal reflux disease. The objective of this study was to establish the prevalence of esophageal dysmotility in patients with hiatal hernia and to determine if herniation is a factor related to esophageal dysmotility in patients with gastroesophageal reflux disease. The study included 356 patients with a clinical diagnosis of gastroesophageal reflux disease submitted to upper digestive endoscopy and esophageal functional diagnostics. Hiatal hernia was defined endoscopically by a distance equal to or greater than 2 cm between the diaphragmatic constriction and the squamocolumnar junction and esophageal dysmotility when the esophageal manometry identified the amplitude of the peristaltic waves in the distal esophagus as<30 mmHg and/or less than 80% of effective contractions. For univariate statistical analysis, the patients were divided into two groups: with and without hiatal hernia. Poisson regression models were used to estimate crude and adjusted prevalence ratios (PR) of esophageal dysmotility according to hiatal hernia. Gastroesophageal reflux disease patients with hiatal hernia had a prevalence of esophageal dysmotility equal to 14.8% and those without hiatal hernia, a prevalence of 7.7% (p = 0.041). Patients with hiatal hernia also showed a higher frequency of erosive esophagitis (47.5% versus 24.2%, p < 0.001), lower low esophageal sphincter pressure (10.4 versus 13.10; p < 0.001), and higher frequency of individuals with abnormal pH-metry values (p < 0.001). The crude PR for esophageal dysmotility, according to the presence of hiatal hernia, was 1.92 (confidence interval (CI), 1.04-3.53; p = 0.037), but this association did not persist when controlled for age, esophagitis, altered pH-metry, and altered low esophageal sphincter (adjusted PR, 1.69; CI, 0.68-4.15; p = 0.257).","In our cohort, we found that almost half of these patients have some degree of esophagiomyosis due to their condition. Moreover, we observed that even though hiatal Hernias may be associated with increased risk of developing esophagealgic dysmotiism, they do not seem to be responsible for this phenomenon.",
15720043,Is high density lipoprotein cholesterol useful in diagnosis of metabolic syndrome in native Africans with type 2 diabetes?,"High-density lipoprotein (HDL) hypocholesterolemia predicts metabolic syndrome among Caucasians and is one of the World Health Organization (WHO) diagnostic criteria of the syndrome. Plasma lipid levels are, however, influenced by genetic and environmental factors. To determine the relationship between HDL cholesterol and metabolic syndrome among native Africans with type 2 diabetes. Indigenous Nigerians with type 2 diabetes (N = 254) aged 35-80 years (mean: 52.0 +/- 11.7 years) with male:female ratio of 1.5:1 were studied prospectively. Outcome measures included anthropometric indices, plasma lipid concentrations, uric acid, microalbuminuria, and predictive values. Of the 254 diabetic patients, 150 (54.3%) had metabolic syndrome. Dyslipidemia occurred in 184 (72.4%) patients. Of these, 54 (29.4%) had HDL hypocholesterolemia. Mean HDL cholesterol among patients with HDL hypocolesterolemia and those with normocholesterolemia were 32.4 +/- 5.7 mg/dL and 51.3 +/- 9.9 mg/dL, respectively. Prevalence of metabolic syndrome did not differ significantly between the two groups (56% vs 70.4%; P = .08). Linear regression analysis showed no association between HDL cholesterol and metabolic syndrome (r = 0.01; P = .2), body mass index (r = 0.02; P = .4), waist circumference (r = 0.07; P = .42) and microalbuminuria (r = 0.03; P = .8). A positive correlation occurred between HDL cholesterol and triglyceride concentrations (r = 0.6). The sensitivity, specificity, and positive and negative predictive values of HDL hypocholesterolemia in the diagnosis of metabolic syndrome were 25%, 84.6%, 70.4%, and 44%, respectively.","In this study we found that there was no association among HDL level, obesity, hypertension or dyslipidemic state and metabolic disease in our population. However, it seems that higher HDL may be associated with better outcome after treatment for metabolic disorders such as hypertriglyceridemia.",
26698671,Active surveillance of carbapenem-resistant Enterobacteriaceae in intensive care units: Is it cost-effective in a nonendemic region?,"Carbapenem-resistant Enterobacteriaceae (CRE) cause significant morbidity and mortality in intensive care unit (ICU) settings. We examined potential cost-effectiveness of active CRE surveillance at ICUs in a nonendemic region from the perspective of a Hong Kong health care provider. A decision analytic model was designed to simulate outcomes of active CRE surveillance in ICUs. Outcome measures included CRE-associated direct medical cost, infection rate, mortality rate, quality-adjusted life year (QALY) loss, and incremental cost per QALY saved by active surveillance. Model inputs were derived from the literature. Sensitivity analyses evaluated the influence of uncertainty of model variables. In base-case analysis, the surveillance group was more costly ($1,260 vs $1,256) with lower CRE infection rate (5.670% vs 5.902%), CRE-associated mortality rate (2.139% vs 2.455%), and CRE-associated QALY loss (0.3335 vs 0.3827) than the control group. Incremental cost per QALY saved of active surveillance was $81 per QALY saved. One-way sensitivity analyses found base-case results to be robust to a variety of model inputs. In 10,000 Monte Carlo simulations, the surveillance group was the preferred option 99.98% of time.",Active surveillance is an effective way to reduce costs associated with treating CRE infections but may not be optimal when there is little or no incidence of these organisms. Further studies should investigate whether other strategies can improve efficiency while still achieving adequate protection against CRE infection.,
2003663,Can nurses perform surgical cricothyrotomy with acceptable success and complication rates?,"This study was undertaken to determine whether flight nurses can perform surgical cricothyrotomies with acceptable success and complication rates. This case series examined the survival, success, and complication rates of surgical cricothyrotomy. A specially trained flight nurse retrospectively reviewed all prehospital, emergency department, inpatient, autopsy, and outpatient follow-up records. Fifty-five consecutive patients in whom surgical cricothyrotomy was attempted by a flight nurse during a two-and-one-half-year period were studied. Patients ranged in age from 9 to 76 years. The airway was not cannulated successfully by a flight nurse in two patients. In two patients, the tube was not in the cricothyroid space (one in the upper tracheal rings, and the other in the larynx). In three patients, packing was insufficient to stop bleeding from around the operative site; and in three the tube became occluded by blood in the emergency department. Finally, two patients developed subglottic stenosis.","Surgical cricothoracic tubes should be used cautiously because they may fail to enter the cricoid or lobes when placed into an open-airway. Failure to do so results in inadequate ventilation and/or oxygenation. Packing is essential for successful entry into the criclesthroat space. If this cannot be achieved, then immediate intervention must be sought.",
26748629,Do pancrelipase delayed-release capsules have a protective role against nonalcoholic fatty liver disease after pancreatoduodenectomy in patients with pancreatic cancer?,"The aim of this randomized controlled trial (RCT) was to investigate whether pancrelipase protects against nonalcoholic fatty liver disease (NAFLD) development after pancreatoduodenectomy in patients with pancreatic cancer better than conventional pancreatic enzyme supplementation. A total of 57 patients were randomly assigned to the study group (n = 29; pancrelipase replacement therapy) or the control group (n = 28; conventional pancreatic enzyme supplementation). NAFLD was defined as a liver-to-spleen attenuation ratio less than 0.9 on CT. Clinical and laboratory findings were also assessed. NAFLD was observed in 6/29 patients (21%) in the study group, and 11/28 patients (39%) in the control group, but this was not a statistically significant difference. In the control group, crossover to pancrelipase replacement therapy upon NAFLD diagnosis produced improvement in five out of 10 patients. Multivariate analysis showed that advanced age and extended resection were independent risk factors for NAFLD development.","Pancrelipases do not appear to be effective against NAFLDs following pancreatectomy. However, they may help prevent progression into cirrhosis if administered early enough. Further studies should evaluate their efficacy in preventing cirrhotic complications associated with chronic pancreatitis.",
12211732,Do fibrinolytic proteins of human bile derive exclusively from gall bladder?,"In this study we addressed the issue of whether fibrinolytic proteins are presented in gall bladder bile only or in choledochus bile as well. Gall bladder bile was obtained from 20 patients (Group I) undergoing laparoscopic cholecystectomy. Bile from common bile duct was aspirated after insertion Kehr drainage from 9 patients (Group II). The concentrations of t-PA, u-PA, PAI-1 and PAI-2 were measured by ELISA. We have shown that in cholecystectomized patients fibrinolytic proteins can be detected in bile both from gall bladder and from choledochus. Mean concentrations of t-PA, u-PA, PAI-1 were lower in Group II (5.69 ng/ml vs 15.7; 0.46 ng/ml vs 0.7; 16.82 ng/ml vs 26.16 ng/ml) or nearly equal for PAI-2 (343.53 ng/ml vs 341.02). All differences were insignificant (p>0.05).",Fibrinolysis is an important mechanism involved in maintaining normal bile flow through the biliary tree. Our results suggest that there may also exist another pathway whereby other parts of the liver produce these proteins.,
26575995,Does the Mother or Father Determine the Offspring Sex Ratio?,"In mammals, high parental testosterone levels present around the time of conception are thought to skew offspring sex ratio toward sons. The second to fourth digit ratio (digit ratio) is now widely accepted as a negative correlate of prenatal testosterone. Thus, we investigated the association between digit ratio and offspring sex ratio. A total of 508 Korean patients (257 males and 251 females) less than 60 years old who had one or more offspring were prospectively enrolled. The lengths of the 2nd and 4th digits of the right hand were measured by a single investigator using a digital vernier calliper. Next, the patients' lifetime offspring birth sex ratios were investigated. Maternal (rather than paternal) digit ratio was significantly associated with the number of sons (r = -0.153, p = 0.015), number of daughters (r = 0.130, p = 0.039), and offspring sex ratio (r = -0.171, p = 0.007). And, the maternal digit ratio was a significant factor for predicting offspring sex ratio (B = -1.620, p = 0.008) on multiple linear regression analysis. The female patients with a lower digit ratio (<0.95) were found to have a higher offspring sex ratio (0.609 versus 0.521, p = 0.046) compared to those with a higher digit ratio (≥ 0.95). Furthermore, females in the low digit ratio group have a probability 1.138 greater of having sons than females in the high digit ratio group.",The results suggest that maternal digit length may be an important determinant of the sex ratio among offspring born from couples where both partners have elevated levels of testosterone during pregnancy.,
24792810,Are the equations for the creatinine-based estimated glomerular filtration rate applicable to the evaluation of renal function in Japanese children and adult patients receiving chemotherapy?,"Equations for the creatinine-based estimated glomerular filtration rate (eGFR) were recently established for Japanese adults (>18 years old) and children (2-11 years old), respectively, but it is unclear whether eGFR can be as useful as 24-h creatinine clearance (CCr) for assessing renal function in patients receiving chemotherapy. This study examined the degree of concordance between eGFR and CCr and the risk factors leading to the overestimation of renal function by eGFR. A total of 53 data points of 19 children and 56 data points of 16 adults who received chemotherapy were analyzed retrospectively. Body mass index, serum creatinine concentration, 24-h urinary creatinine excretion (UCr), and nephrectomy were considered as risk factors for overestimation by eGFR. In the pediatric part of the study, 7 data points from 3 patients who underwent nephrectomy were included. The eGFR in patients with bilateral kidneys overestimated renal function to a greater degree than in patients with a unilateral kidney. In 45.7 % of pediatric patients with bilateral kidneys and in 19.6 % of adult patients, eGFR overestimated renal function. The risk factor for overestimation was lower UCr in pediatric patients with bilateral kidneys and adult patients.",The results suggest that eGfr may not be an accurate measure of renal reserve when used alone or together with other parameters such as Ucr. Further studies should investigate whether these findings apply also to other populations including older adults.,
17085456,Does biofuel smoke contribute to anaemia and stunting in early childhood?,"Reliance on biomass fuels for cooking and heating exposes many women and young children in developing countries to high levels of air pollution indoors. Exposure to biomass smoke has been linked to reduced birth weight, acute respiratory infections, and childhood mortality. This study examines the association between household use of biofuels (wood, dung, and crop residues) for cooking and heating and prevalence of anaemia and stunting in children. Data are from a 1998-99 national family health survey in India, which measured height, weight, and blood haemoglobin of 29 768 children aged 0-35 months in 92 486 households. Multinomial logistic regression is used to estimate the effects of biofuel use on prevalence of anaemia and stunting, controlling for exposure to tobacco smoke, recent episodes of illness, maternal education and nutrition, and other potentially confounding factors. Analysis shows that prevalence of moderate-to-severe anaemia was significantly higher among children in households using biofuels than among children in households using cleaner fuels (RRR = 1.58; 95% CI: 1.28, 1.94), independent of other factors. Prevalence of severe stunting was also significantly higher among children in biofuel-using households (RRR = 1.84; 95% CI: 1.44, 2.36). Thirty-one per cent of moderate-to-severe anaemia and 37% of severe stunting among children aged 6-35 months in India may be attributable to exposure to biofuel smoke. Effects on mild anaemia and moderate stunting were smaller, but positive and statistically significant. Effects of exposure to tobacco smoke on anaemia and stunting were small and not significant.",Biofuel use appears to increase risk of both anaemic and stunted children. Further studies should investigate whether these associations change over time or if they persist across different age groups.,
22174322,Orthopaedic surgeons: as strong as an ox and almost twice as clever?,To compare the intelligence and grip strength of orthopaedic surgeons and anaesthetists. Multicentre prospective comparative study. Three UK district general hospitals in 2011. 36 male orthopaedic surgeons and 40 male anaesthetists at consultant or specialist registrar grade. Intelligence test score and dominant hand grip strength. Orthopaedic surgeons had a statistically significantly greater mean grip strength (47.25 (SD 6.95) kg) than anaesthetists (43.83 (7.57) kg). The mean intelligence test score of orthopaedic surgeons was also statistically significantly greater at 105.19 (10.85) compared with 98.38 (14.45) for anaesthetists.,The results suggest that there may be some overlap between these professions but it is likely that one will perform better than the other depending on their specific role within the healthcare system.,
26683090,A comparison of two digital mammography systems: are there any differences?,"This was a retrospective study of a prospectively collected database of 50,000 consecutive screening episodes from 2012; clients were aged 49-88 years (mean 61.9 years). All studies were double-blind read by two readers. All tumours identified in the two arms of the study were detailed and compared specifically with regards to type (ductal or lobular) size, grade, and whether invasive or non-invasive. Performance was analysed for any statistically significant differences. Twenty-five thousand consecutive women were screened with Hologic (recall rate 5.9% of which 18% were cancer) and 25,000 were screened with Sectra digital mammography (recall rate 4.3% and 22% were cancer). Five hundred tumours were found with no significant difference in invasive cancer detection or between ductal or lobular subtypes. The Hologic system detected 267 tumours; of which 81 (30.33%) were non-invasive (3.24 per 1000), compared to the Sectra system with 233 cancers overall including 36 non-invasive (15.45%, 1.44 per 1000). The difference in non-invasive lesions (mainly ductal carcinoma in situ [DCIS]) detection was significant (p<0.001); 38% of which were high nuclear grade (HNG) using Hologic and 50% HNG lesions using Sectra. There was no significant difference in non-invasive size between the two technologies. The mean glandular dose received using the Sectra system was significantly less (0.7 mGy) compared to the Hologic system (1.6 mGy) for a 50-60 mm breast thickness.",The Sectra System has been shown to have better performance than its competitor's technology when it comes to detecting DCIS but not other types of lesion such as benign fibroadenomas or small nodules.,
16170083,Do children with developmental dyslexia have an implicit learning deficit?,"The purpose of this study was to investigate the effects of specific types of tasks on the efficiency of implicit procedural learning in the presence of developmental dyslexia (DD). Sixteen children with DD (mean (SD) age 11.6 (1.4) years) and 16 matched normal reader controls (mean age 11.4 (1.9) years) were administered two tests (the Serial Reaction Time test and the Mirror Drawing test) in which implicit knowledge was gradually acquired across multiple trials. Although both tests analyse implicit learning abilities, they tap different competencies. The Serial Reaction Time test requires the development of sequential learning and little (if any) procedural learning, whereas the Mirror Drawing test involves fast and repetitive processing of visuospatial stimuli but no acquisition of sequences. The children with DD were impaired on both implicit learning tasks, suggesting that the learning deficit observed in dyslexia does not depend on the material to be learned (with or without motor sequence of response action) but on the implicit nature of the learning that characterises the tasks.",Children with DD show an impairment in their ability to learn through explicit means such as serial reaction times but also through implicit mechanisms like mirror drawing. This finding suggests that there may exist an underlying cognitive mechanism responsible for these difficulties.,
9338902,Does metoclopramide supplement postoperative analgesia using patient-controlled analgesia with morphine in patients undergoing elective cesarean delivery?,"Recent studies have shown that metoclopramide may decrease postoperative narcotic requirements in patients undergoing second-trimester induced abortions or prosthetic hip surgery. It is often used to decrease the incidence of nausea and vomiting in the patient undergoing cesarean delivery under regional anesthesia. If metoclopramide were found to be an analgesic adjunct in these patients, it would offer an additional impetus for its routine use. After elective cesarean delivery under spinal anesthesia, 32 patients were monitored for initial and 24-hour postoperative morphine requirements via intravenous patient-controlled analgesia. These patients were divided into two groups. Prior to spinal block, group 1 (n = 17) received 10 mg intravenous metoclopramide, and group 2 (n = 15) received an intravenous saline placebo. No differences were found between groups in the time from spinal placement to the time of pain onset, the amount of morphine necessary to initially achieve comfort, or 24-hour postoperative morphine requirements. (P>.05).",Metoclopropramides does not appear to increase postoperative opioid requirement when administered prior to spinal anesthesia during elective cesarian deliveries. Further studies should investigate whether this agent can be used as an alternative to conventional opioids during such procedures.,
26335762,"An Observational Study on a Protocol for Withdrawal of Life-Sustaining Measures on Two Non-Academic Intensive Care Units in The Netherlands: Few Signs of Distress, No Suffering?","Because anticipation of death is common within the intensive care unit, attention must be paid to the prevention of distressing signs and symptoms, enabling the patient to die peacefully. In the relevant studies on this subject, there has been a lack of focus on measuring determinants of comfort in this population. To evaluate whether dying without distressing signs after the withdrawal of life-sustaining measures is possible using a newly introduced protocol and to analyze the potential influence of opioids and sedatives on time till death. This was a prospective observational study, in two nonacademic Dutch intensive care units after the introduction of a national protocol for end-of-life care. The study lasted two years and included adult patients in whom mechanical ventilation and/or vasoactive medication was withdrawn. Exclusion criteria included all other causes of death. During the study period, 450 patients died; of these, 305 patients were eligible, and 241 were included. Ninety percent of patients were well sedated before and after withdrawal. Severe terminal restlessness, death rattle, or stridor was seen in less than 6%. Dosages of opioids and sedatives increased significantly after withdrawal, but did not contribute to a shorter time till death according the regression analysis.","Dying without severe distressing symptoms can occur when withdrawing mechanical ventilation or vasomotor support from critically ill patients. However, dosages of opioid analgesics may increase if they accompany the removal of life-support systems. Further studies should investigate whether such increases can lead to decreased survival times.",
17518964,Is the Child Perceptions Questionnaire for 11-14 year olds sensitive to clinical and self-perceived variations in orthodontic status?,"To assess the association between scores on the Child Perceptions Questionnaire for 11-14 year olds (CPQ11-14) and clinical and self-perceived measures of malocclusion. Children were recruited from an orthodontic clinic just prior to starting orthodontic treatment. They completed a copy of the CPQ11-14 and a short questionnaire concerning their feelings about the condition of their teeth. Study models were taken and rated according to the Dental Aesthetic Index (DAI) and the Peer Assessment Rating (PAR) index by two sets of three examiners. Intra and inter-rater reliabilities for the two sets of examiners ranged from 0.80 to 0.99. CPQ11-14 scores were calculated for the full 35-item version and for 16 and 8-item short forms by summing the item response codes. The association between these scores, the DAI and PAR ratings and self-perceived measures of malocclusion were examined using appropriate parametric and nonparametric tests. Complete data were collected for 141 children, 63 boys and 78 girls. The mean age was 12.5 (SD = 1.0). DAI scores ranged from 17.0 to 58.0 with a mean of 35.0 (SD = 8.0). The distribution of subjects across the four severity categories was minor/none - 6.6%, definite - 35.2%, severe - 15.6% and handicapping 42.6%. PAR scores ranged from 8.0 to 66.0 with a mean of 31.4 (SD = 11.1). Eight percent had scores of 50 or above indicating marked deviation from an ideal occlusion. Both the long and the short forms of the CPQ11-14 identified substantial variability in the impacts of malocclusion. Correlations between CPQ11-14 scores and the orthodontic indices ranged from 0.26 to 0.31 (P<0.01). There was a clear gradient in CPQ11-14 scores across four categories of the PAR based on quartiles. The gradient across the DAI categories was less clear. There were significant associations between all CPQ11-14 scores and the children's self-ratings of oral health, ratings of the extent to which the condition of the teeth affected life overall and expressions of happiness with the appearance and arrangement of the teeth.",The results suggest that there is some degree of overlap between the responses given by parents regarding their child's dental health and those provided by them when asked about their perception of the impact of malformations on their lives.,
11456034,Plasma amino-terminal pro-brain natriuretic peptide levels in subjects presenting to the Emergency Department with suspected acute coronary syndrome: possible role in selecting patients for follow up?,"Plasma amino-terminal pro-brain natriuretic peptide (NT-proBNP) level is a sensitive and specific indicator of cardiac dysfunction.AIM: To determine whether plasma NT-proBNP level is elevated at the time of presentation with acute coronary syndrome (ACS) and whether it may assist in the diagnosis of heart failure and myocardial ischaemia in the Emergency Department. Plasma NT-proBNP levels were measured prospectively in 201 unselected presentations to the Emergency Department with suspected ACS where cardiac injury markers were requested by clinicians as part of routine assessment. NT-proBNP levels were correlated with clinical, electrocardiogram (ECG), biochemical and radiological findings. Elevated NT-proBNP level detected heart failure with high sensitivity (95-96%). Among patients without heart failure, NT-proBNP levels were increased more frequently in patients with previously diagnosed ischaemic heart disease. Elevated NT-proBNP level predicted cardiomegaly and a cardiac cause of presentation. However, the NT-proBNP level was not associated with ECG or biochemical markers of myocardial ischaemia, and only one-third of patients with ACS showed an increase of 40% or more in NT-proBNP level at repeat measurement of cardiac injury markers 5 h after presentation.","In this study we found that elevated NT-proBNNP levels can be used as an important predictor of severe cardiac damage during early stages of ACS but do not correlate well with other diagnostic tools such as ECGs or biochemical tests. Thus, these results suggest that NT-pro-BNPs should not be considered as a standard tool for diagnosing ACS-related heart failure.",
25524612,Can skin cancer prevention and early detection be improved via mobile phone text messaging?,"To test the impact of a theory-based, SMS (text message)-delivered behavioural intervention (Healthy Text) targeting sun protection or skin self-examination behaviours compared to attention control. Overall, 546 participants aged 18-42 years were randomised using a computer-generated number list to the skin self-examination (N=176), sun protection (N=187), or attention control (N=183) text messages group. Each group received 21 text messages about their assigned topic over 12 months (12 weekly messages for 3 months, then monthly messages for the next 9 months). Data were collected via telephone survey at baseline, 3, and 12 months across Queensland from January 2012 to August 2013. One year after baseline, the sun protection (mean change 0.12; P=0.030) and skin self-examination groups (mean change 0.12; P=0.035) had significantly greater improvement in their sun protection habits (SPH) index compared to the attention control group (reference mean change 0.02). The increase in the proportion of participants who reported any skin self-examination from baseline to 12 months was significantly greater in the skin self-examination intervention group (103/163; 63%; P<0.001) than the sun protection (83/173; 48%) or attention control (65/165; 36%) groups. There was no significant effect of the intervention for participants' self-reported whole-body skin self-examination, sun tanning, or sunburn behaviours.",The Healthy Text programme has been effective in improving SPH but not other aspects of skin health behaviour. Further studies should investigate whether this is due to changes in attitudes towards these topics or if there is an underlying mechanism involved.,
24499136,Does treatment response to ambrisentan vary by pulmonary arterial hypertension severity?,"Recent clinical trials in pulmonary arterial hypertension have included World Health Organization functional classes I and II patients. However, the impact of baseline functional class and other measures of severity on outcomes has not been evaluated in detail. Outcomes at 12 weeks for patients grouped by functional class, haemodynamics, brain natriuretic peptide (BNP) level and 6-min walk distance (6MWD) were evaluated for patients in the Ambrisentan in Pulmonary Arterial Hypertension, Randomized, Double-Blind, Placebo-Controlled, Multicenter Efficacy Study 1 and 2 (ARIES)-1 and 2 pivotal trials of ambrisentan, a once-daily oral endothelin-1 antagonist. Long-term outcomes in the ARIES-E extension study were also evaluated. At 12 weeks, ambrisentan-treated patients with both early and late functional class showed similar improvement in 6MWD relative to placebo. However, patients with more severe disease tended to have greater improvement in 6MWD after grouping by other measures of severity. This included higher baseline BNP level, shorter baseline 6MWD and more severe baseline haemodynamics (p<0.05 for BNP and p = NS for other comparisons, analysed as interaction terms). During long-term open label follow-up, maintenance of 6MWD improvement, freedom from clinical worsening and survival were also numerically worse for patients who were functional class III/IV at baseline.",Treatment responses to ambrinsenant did not differ significantly between groups defined by their functional status or by other factors such as haemodynamic parameters or BNP levels. These results suggest that there may be no need to adjust dosing schedules or timing of therapy when treating patients with moderate-to-severe PAh.,
21765300,Ruptured endometrial cysts as a rare cause of acute pelvic pain: can we differentiate them from ruptured corpus luteal cysts on CT scan?,"To evaluate the usefulness of CT in the differentiation of ruptured endometrial cysts and corpus luteal cysts. Sixteen patients (mean age, 26 years) with a surgically proven ruptured endometrial cyst and 19 patients (mean age, 28 years) with a surgically proven corpus luteal cyst were included in this study. All patients had undergone portal phase contrast-enhanced computed tomographic (CT) scans. We retrospectively analyzed the CT findings on the ovarian cysts for the size and shape of the ovarian cyst, the thickness of the cyst wall, the attenuation of the cyst content, the presence of a discontinuity of the cyst wall, and on the peritoneum for the amount and attenuation of the ascites and the presence of hazy infiltration in the peritoneal fat. We compared the CT imaging characteristics in patients with ruptured endometrial cysts and corpus luteal cysts, using the Mann-Whitney U test. Ruptured endometrial cysts tend to show larger, multilocular cysts with a thicker wall compared to ruptured corpus luteal cysts (P<0.05). A distorted shape of the cyst was more commonly seen in ruptured endometrial cyst, but direct CT findings that can suggest a rupture of an ovarian cyst, such as a discontinuity of the cyst wall and hemoperitoneum, were more commonly seen in ruptured corpus luteal cysts than in endometrial cysts (P<0.05).","In our experience, CT is useful in differentiating between these two types of lesions because it allows us to assess their size, shape, and appearance without having to perform any other diagnostic procedures.",
15958252,Do mass media affect Medicare beneficiaries' use of diabetes services?,"Appropriate secondary preventive care for people with diabetes can reduce complications and premature death, yet many people with diabetes do not get these services. Mass media may influence individual health behavior. In 1999, the West Virginia Medical Institute (WVMI) began a long-term radio and television campaign to educate West Virginia Medicare beneficiaries with diabetes about the importance of foot exams, eye exams, HbA1c testing, and influenza and pneumonia immunizations using messages with an ""Ask your doctor about..."" formula. To assess campaign efficacy, WVMI commissioned a telephone survey of 1500 randomly selected beneficiaries likely to have diabetes in two groups of counties with differing exposure to the messages. The survey asked whether the beneficiary had heard the messages and responded to them, by message topic. Nearly everyone (90%) in both survey groups said they had seen or heard the diabetes ads. However, high-exposure group members were about 1.2 times more likely to recall hearing most messages than low-exposure group members, and were 1.2 to 1.8 times more likely to say that they did what the messages suggested.","The results suggest that although some beneficiaries receive information through mass media channels, others do not because they perceive those channels as inadequate or irrelevant. Further studies should investigate how best to reach this population.",
11228444,Academic otolaryngology in the new millennium: Are we falling behind?,"To determine if differences in publication rates have evolved over the past 3 decades for academic otolaryngologists. Three random samples with 50 academic otolaryngologists each were studied. These otolaryngologists completed training in 1 of the 3 time periods (1970-74, 1980-84, 1990-94) studied. Articles published within the first 5 years after graduation were tabulated and statistically analyzed. Academic otolaryngologists graduating in the 1970s, 1980s, and 1990s averaged 8.7, 8.9, and 6.4 publications during their first 5 years of academic practice, respectively. The first 2 cohorts averaged 5.4 and 5.7 publications in the 4 major otolaryngology journals, versus 3.3 for 1990s graduates. Basic science publications increased for 1990s graduates over those of the 1970s and 1980s graduates. The percentage of first author articles remained stable. Despite these trends, only the drop in case reports was statistically significant (P = 0.023, ANOVA).","The number of publications has declined significantly from what it was when I began my career as an otologist. However, there is no indication that this trend will continue.",
25203347,Can noise cause high blood pressure?,"The authors hypothesize cardiovascular effects in paper industry workers exposed to noise. The study included 72 paper industry workers exposed to noise and two control groups not exposed to noise. The workers completed a questionnaire and underwent a medical examination, measurement of blood pressure, electrocardiogram, blood tests, audiometry and measurement of noise exposure. The workers exposed to noise, all hearing impaired, were compared with not exposed and showed: significant increase of mean systolic and diastolic blood pressure values (p<0.001), higher frequency of hypertension, systolic and diastolic blood pressure (p<0.01 and p<0.001) and electrocardiografic abnormalities (p<0.05), significant reduction of blood pressure response in orthostatism (p<0.005).",Noise can lead to increased risk for developing hypertension but also reduce its severity when it occurs during rest or at low altitudes. Further studies should investigate whether these changes occur under other conditions such as sleep or exercise.,
9498317,Alcohol use in the Greek system: follow the leader?,"This study was designed to identify drinking patterns, consequences of use, and belief systems about alcohol among college students according to their level of involvement in campus fraternity and sorority life. This study of 25,411 (15,100 female) students who completed the Core Alcohol and Drug Survey, from 61 institutions, compared alcohol consumption, binge drinking, consequences of use and beliefs about drinking according to students' level of involvement in fraternities and sororities, ranging from no involvement to that of attending functions only, to active involvement, to leadership positions within Greek organizations. Analyses indicated that students in the Greek system averaged significantly more drinks per week, engaged in heavy drinking more often and, with minor exceptions, suffered more negative consequences than non-Greeks. The leaders of fraternities and sororities consumed alcohol, engaged in heavy drinking and experienced negative consequences at levels at least as high and in some cases higher than that of other Greek members. In terms of their views about alcohol, fraternity and sorority members believed that alcohol was a vehicle for friendship, social activity and sexuality to a greater extent than non-Greeks. The beliefs of the leaders did not stand out compared to other members.",The results suggest that there is an important gap between what many Greeks believe about alcohol and how they actually behave when it comes to consuming it. Further studies should investigate whether these differences can be explained by different attitudes toward alcohol or if they reflect actual behavior.,
22420760,Preterm premature rupture of membranes in the presence of cerclage: is the risk for intra-uterine infection and adverse neonatal outcome increased?,"To determine whether preterm premature rupture of membranes (PPROM) in the presence of a cerclage is associated with an increased incidence of intrauterine infection and/or adverse neonatal outcome compared to PPROM in the absence of cerclage. Patients diagnosed with PPROM with a cerclage (cases) between 24-34 weeks were matched (1:2.6) for gestational age at PPROM, gestational number, and chorionicity with patients diagnosed with PPROM without a cerclage (controls). Pregnancy latency period was not different but the rates of chorioamnionitis [clinical (26.6% versus 13.5%) and histological (92.6% versus 65.4%)] and the rates of adverse perinatal outcome were higher following PPROM in the presence of a cerclage compared with no cerclage.","The results suggest that there may be some benefit from having a cercle before delivery if it can be done safely during pregnancy. However, this should be considered carefully given the high rate of choriocarcinoma发生的可能性。",
27295949,Does online dating lead to higher sexual risk behaviour?,"Men having sex with men (MSM) frequently use the Internet to find sex partners. We examined the association between unprotected anal intercourse (UAI) with partners dated online and with partners dated offline (met elsewhere), and examined whether differences can be explained by self-perceived HIV status of the index and knowledge of partnership characteristics. MSM were recruited at the Sexually Transmitted Infections Clinic in Amsterdam, in 2008-2009. Participants completed a questionnaire concerning sexual behaviour. Only men reporting both online and offline casual sex partners were included. We assessed the association between online/offline partner dating and UAI, using random-effects logistic regression analysis. Five hundred seventy-seven men (351 HIV-negative, 153 HIV-positive, and 73 HIV-unaware) reported UAI in 26 % of 878 online, and 23 % of 903 offline casual partnerships. The crude OR of online dating for UAI was 1.36 (95 % CI 1.03-1.81). HIV-positive men were more likely to report UAI than HIV-negative men (49 % vs. 28 % of partnerships). Adjusted for demographic characteristics, online dating had no significant effect on UAI among HIV-negative and HIV status-unaware men, but HIV-positive men were more likely to have UAI with online partners (aOR = 1.65 [95 % CI 1.05-2.57]). After correction for partner and partnership characteristics the effect of online/offline dating on UAI among HIV-positive MSM was reduced and no longer significant.",Online dating does not increase the likelihood that an HIV positive man will engage in UAI compared to those who do not know their own HIV status or who have never been exposed to other people's sexuality.,
19252953,Lymph node metastasis patterns in right-sided colon cancers: is segmental resection of these tumors oncologically safe?,"The type of surgery and the extent of lymphadenectomy depend on the tumor location and should be based on the extent of lymphatic spread and the oncologic outcome. The aim was to analyze patterns of lymph node metastasis in patients with right-sided colon cancer. Between 1996 and 2007, a total of 419 patients underwent curative resection for right-sided colon cancer. Lymph nodes were grouped immediately after surgery on the basis of the location of the tumor. There were 75, 208, 78, and 58 tumors in the cecum, ascending colon, at the hepatic flexure, and in the transverse colon, respectively. Of the 58 patients with transverse colon tumors, 43, 11, 3, and 1 underwent right hemicolectomies, transverse colectomies, left hemicolectomies, and a subtotal colectomy, respectively. Patients with cecal and ascending colon cancers most frequently had metastases in the ileocolic lymph nodes. Metastasis to the lymph nodes along the right branch of the middle colic artery occurred in 6.1% of patients with cecal cancer. In patients with hepatic flexure cancers, the epicolic lymph nodes along the right and middle colic arteries were most commonly metastatic lymph nodes. In transverse colon cancer, the middle colic node was the most commonly involved lymph node. Approximately 10% of patients had metastases to the right colic nodes.",Lymph node involvement by colorectal carcinomas can occur anywhere within the lumen or along its course through the abdominal wall. Segmental resections may reduce morbidity but do not eliminate all risk factors for recurrence.,
19892310,Do PubMed and Google searches help medical students and young doctors reach the correct diagnosis?,"In the era of the World Wide Web we sought to examine whether the use of PubMed and Google can help physicians to improve their diagnostic skills. Twenty-six diagnostic cases presented in the case records of the New England Journal of Medicine during 2005 were used for our analysis. Three investigators (one trainee doctor and two final year medical students), tried determining the diagnosis, initially without and afterwards with the use of PubMed and Google. A slight increase in the proportion of correct diagnoses obtained was seen following the employment of the formerly mentioned Internet resources, specifically 15.4%, 2.9%, and 11.5% increase for the 3 investigators respectively (from 17 correct diagnoses out of the 26 cases to 21 correct diagnoses out of 26 for investigator A, from 11/26 to 12/26 for investigator B, and from 11/26 to 13/26 for investigator C). This increase was not statistically significant. One investigator was helped more by Google, one by PubMed, and one was equally assisted by the two resources.","The results suggest that these search engines may be useful tools when trying to identify the cause of an illness or injury. However, further studies should investigate whether they actually lead to better decisions about treatment options.",
12688593,A prospective randomized multicenter study to evaluate the best day for embryo transfer: does the outcome justify prolonged embryo culture?,"This study aimed to evaluate the best day for embryo transfer in a prospective unrestricted randomized multicenter trial. Data were collected on a preformed Excel-sheet which contained random numbers from 1 to 5 for each subsequent patient as a preprogrammed day for embryo transfer. Information was requested on patient's age, indication for sterility treatment, stimulation protocol used, numbers of oocytes retrieved, fertilized oocytes, cryopreserved embryos, and cell stage of embryos transferred. A total of 329 embryo transfers were performed, resulting in 106 clinical pregnancies (32.2%). Pregnancy rates achieved were 20.0% on day 1, 30.4% on days 2 and 3, and 50.0% on days 4 and 5 (p = 0.03).","The results suggest that there is no significant difference between the outcomes obtained by transferring embryos at different days during the first week after ovulation. However, it should be noted that this study did not include all patients who may benefit from early embryo transfer such as those with severe endometriosis or other conditions affecting fertility. Further studies should investigate whether extending the time interval before embryo transfer can improve pregnancy rate.",
22867073,Does competitive food and beverage legislation hurt meal participation or revenues in high schools?,"There is limited evidence to evaluate the influence of competitive food and beverage legislation on school meal program participation and revenues. A representative sample of 56 California high schools was recruited to collect school-level data before (2006–2007) and the year after (2007–2008) policies regarding limiting competitive foods and beverages were required to be implemented. Data were obtained from school records, observations, and questionnaires. Paired t-tests assessed significance of change between the two time points. Average participation in lunch increased from 21.7% to 25.3% (p<0.001), representing a 17.0% increase, while average participation in breakfast increased from 8.9% to 10.3% (p = 0.02), representing a 16.0% increase. There was a significant (23.0%) increase in average meal revenue, from $0.70 to $0.86 (per student per day) (p<0.001). There was a nonsignificant decrease (18.0%) in average sales from à la carte foods, from $0.45 to $0.37 (per student per day). Compliance with food and beverage standards also increased significantly. At end point, compliance with beverage standards was higher (71.0%) than compliance with food standards (65.7%).",Competition for meals has had little impact on participation rates but does affect revenues. The results suggest that there may be opportunities to improve nutrition education through increased funding for healthy eating programs rather than by restricting access to unhealthy foods.,
9236965,Cholesterol awareness after case-finding: do patients really know their cholesterol numbers?,"Patients who are informed of their cholesterol status have been shown to take steps subsequently to reduce their risks for coronary heart disease. Accordingly, as part of a population-based strategy to reduce disease burden due to high cholesterol, the National Cholesterol Education Program (NCEP) recommends that physicians tell all patients their cholesterol test results in a clear, understandable manner and encourage all patients, regardless of their risk factor status, to reduce their fat intake. Our objective was to assess compliance with these NCEP recommendations at a 432-bed, Midwestern, university-affiliated VA Medical Center. We surveyed, within a year of their cholesterol measurement, 250 randomly selected men and women who had had their cholesterol checked by physician order between January 1993 and 1994. Survey results were validated against laboratory data. Approximately one third of the men and women said their cholesterol had not been checked, and about one half said they had not been told their test results. Only 59% knew their cholesterol status, and only 19% accurately recalled their cholesterol number. More than half did not remember receiving dietary advice. Female gender and more years of education were correlated with cholesterol awareness on both bivariable and multivariable analyses (adjusted odds ratio [OR] = 2.00, 95% confidence intervals [CI]= 1.10, 3.67 and OR = 2.62, 95% CI = 1.43, 4.78, respectively). Respondents were more likely to accurately recall their cholesterol number if they remembered being told their test results or remembered receiving dietary advice (OR = 7.70, 95% CI = 2.04, 29.0 and OR = 2.65, 95% CI = 1.15, 6.07, respectively).",Most respondents reported knowing their cholesterol level but lacked information regarding how it relates to cardiovascular disease risk factors. Patients' knowledge may be improved through better communication from healthcare providers about their own cholesterol levels.,
20652709,Should barium enema be the next step following an incomplete colonoscopy?,"Double contrast barium enema (DCBE) is used to screen and diagnose colorectal disease and is often recommended following an incomplete colonoscopy. The purpose of this study was to determine the value of DCBE following an incomplete colonoscopy. A retrospective review was conducted of all patients who had an incomplete colonoscopy at Kaiser Permanente, Los Angeles in a 6-year period. Patient data was extracted from the endoscopy and radiology databases. Variables collected included demographics, indication for colonoscopy, reason for incompletion, findings of DCBE, and findings of repeat colonoscopy if subsequently performed. The incomplete colonoscopy rate was 1.6%. The mean age was 62 years with a predominance of females. The most common indication for colonoscopy was screening. The most frequent reason attributed to an incomplete colonoscopy was patient discomfort. Two hundred thirty three patients underwent DCBE and 42 patients underwent a repeat colonoscopy without DCBE; 13.3% of the DCBE were of poor quality and could not be interpreted. A repeat colonoscopy following DCBE was performed in 7% of patients. In 50% of these patients, the repeat colonoscopy revealed significant findings not noted on the DCBE or ruled out positive DCBE findings. In patients who had repeat colonoscopy without DCBE, completion rate was 95%.","Barium enemas should not be considered routine after an incomplete colonic exam unless there is suspicion that the diagnosis may have been missed during the initial examination. If such suspicion exists, then further investigation should be undertaken before proceeding with another DCBE.",
10610747,Does a glass of red wine improve endothelial function?,"To examine the acute effect of red wine and de-alcoholized red wine on endothelial function. High frequency ultrasound was used to measure blood flow and percentage brachial artery dilatation after reactive hyperaemia induced by forearm cuff occlusion in 12 healthy subjects, less than 40 years of age, without known cardiovascular risk factors. The subjects drank 250 ml of red wine with or without alcohol over 10 min according to a randomized procedure. Brachial artery dilatation was measured again 30 and 60 min after the subjects had finished drinking. The subjects were studied a second time within a week of the first study in a cross-over design. After the red wine with alcohol the resting brachial artery diameter, resting blood flow, heart rate and plasma-ethanol increased significantly. After the de-alcoholized red wine these parameters were unchanged. Flow-mediated dilatation of the brachial artery was significantly higher (P<0.05) after drinking de-alcoholized red wine (5.6+/-3.2%) than after drinking red wine with alcohol (3.6+/-2.2%) and before drinking (3.9+/-2.5%).",Red wine has an positive effect on endothelium-dependent vasodilatory responses but not on those mediated through increase in vascular smooth muscle cell number or activation of nuclear factor-kappaB pathway. This may be due to its high content of phenolic compounds which have been shown to modulate gene expression involved in angiogenesis.,
25795185,Does salivary duct repositioning prevent complications after tumor resection or salivary gland surgery?,"Tissue that is resected for the treatment of oral tumors often includes salivary gland ducts. At their institution, the authors conserve and transfer as much of the salivary duct as possible during these procedures to avoid obstructive complications. Differentiating these obstructive complications from a metastatic node can be challenging and can confound subsequent oncologic management. This study compared and examined the effectiveness of salivary duct repositioning in decreasing the incidence of obstructive complications. Cases of oromandibular disease treated with salivary duct resection at Kobe University Graduate School of Medicine from 2008 to 2013 were retrospectively analyzed. Thirty-two cases (25 patients) of Wharton duct resection and 31 cases (31 patients) of Stensen duct resection were included. The incidence of complications after salivary duct repositioning, duct ligation, and retention of the sublingual gland around the Wharton duct was compared. Wharton ducts were repositioned in 30 cases and ligated in 2 cases. Complications, including oral swelling at the Wharton duct, were observed in 5 cases of repositioning and 2 cases of ligation. Stensen ducts were repositioned in 9 cases and ligated in 22 cases. The only complication reported was a single case of salivary fistula after ligation.","Saliva duct repositions appear safe when performed carefully by experienced surgeons. However, they may cause some degree of obstruction if not done properly. In our experience, we have found that most obstructions can be resolved without surgical intervention. Therefore, we recommend that all patients who undergo salivatory reconstruction should receive detailed instructions regarding how to perform this procedure safely.",
21914197,Does lumbar spinal degeneration begin with the anterior structures?,"Prior studies that have concluded that disk degeneration uniformly precedes facet degeneration have been based on convenience samples of individuals with low back pain. We conducted a study to examine whether the view that spinal degeneration begins with the anterior spinal structures is supported by epidemiologic observations of degeneration in a community-based population. 361 participants from the Framingham Heart Study were included in this study. The prevalences of anterior vertebral structure degeneration (disk height loss) and posterior vertebral structure degeneration (facet joint osteoarthritis) were characterized by CT imaging. The cohort was divided into the structural subgroups of participants with 1) no degeneration, 2) isolated anterior degeneration (without posterior degeneration), 3) combined anterior and posterior degeneration, and 4) isolated posterior degeneration (without anterior structure degeneration). We determined the prevalence of each degeneration pattern by age group<45, 45-54, 55-64, ≥65. In multivariate analyses we examined the association between disk height loss and the response variable of facet joint osteoarthritis, while adjusting for age, sex, BMI, and smoking. As the prevalence of the no degeneration and isolated anterior degeneration patterns decreased with increasing age group, the prevalence of the combined anterior/posterior degeneration pattern increased. 22% of individuals demonstrated isolated posterior degeneration, without an increase in prevalence by age group. Isolated posterior degeneration was most common at the L5-S1 and L4-L5 spinal levels. In multivariate analyses, disk height loss was independently associated with facet joint osteoarthritis, as were increased age (years), female sex, and increased BMI (kg/m(2)), but not smoking.",Lumbar spine degenerative changes do not appear to be preceded or followed by changes within the posterior structures.,
24714803,De novo cerebral arteriovenous malformations: is epileptic seizure a potential trigger?,"The pathogenesis of cerebral arteriovenous malformations (cAVMs) is still not well understood. Generally, cAVMs are thought to be congenital lesions originating prenatally. We report a 7-year-old boy diagnosed with a de novo cAVM after 3 years of recurrent epileptic seizures. MR imaging at 4 years of age was normal. Follow-up MR imaging 3 years later demonstrated a de novo 2-cm cAVM in the right occipital lobe, confirmed by conventional angiography. We reviewed five previously reported cases of de novo cAVMs who did not have a previous neurovascular abnormality. Including our case, recurrent epileptic seizures are the major presentation (83.3 %) before de novo cAVM occurrence.",Cerebral vasculature abnormalities may occur as part of an inherited disorder or due to other causes such as trauma or infection. Our case suggests that epilepsy can serve as a trigger for the development of these malformances. Further studies should investigate whether there exists any correlation between epilepsy and cAVMS.,
12440817,Can radiotherapy be a treatment option for elderly women with invasive vulvar carcinoma without radical surgery?,"To evaluate the impact of radiotherapy after limited surgery in vulvar carcinoma. Between March 1980 and January 2000, 22 patients older than 60 years and suffering from invasive vulvar carcinoma were treated with limited surgery and radiotherapy at Gülhane Military Medicine Academy. These are the subjects of this review. The median age of the patients was 67 (range 60 to 78 years). Median follow-up was 35 months (range 12 to 60 months). Local recurrence rate was 18%. Median time to local failure was 12 months (range 8 to 14 months). Two patients with local failure also developed lung metastases. Five-year survival rate was 60% and cause-specific survival rate was 69%. No treatment delay or death related to treatment was observed.","Radiotherapy can be an effective alternative when there is no need for radical surgical procedures. It may also improve prognosis by reducing local recurrence rates. However, it should not be used as its sole therapy because of high morbidity associated with it.",
8925726,Is a clinical positional control for nasogastric tubes good enough?,"Nasoenteric tubes are usually introduced blindly by nursing staff, i.e. without visual or radiological control. A prospective study was undertaken to determine how often such blind procedure results in potentially dangerous tube placement and how often such faulty positioning remains undetected in a standardised clinical check. 43 patients (23 men, 20 women; age 24-90 years) requiring the introduction by nursing staff of a nasoenteric tube were studied, 12 in an intensive care unit (seven intubated) and 31 in an ordinary ward. At most 24 hours after the customary check of the tube's position by the nursing staff (air injection with epigastric auscultation), specially experienced medical and nursing personnel determined and recorded the tube's placement in a standardised manner. Subsequent radiological examination documented the position. All 43 tubes lay in the gastrointestinal tract. Only one tube was in a potentially dangerous position in the lower end of the oesophagus, as had already been diagnosed by the examiners. Of four other tubes which were not optimally placed (three in the region of the cardia, one in the duodenum) three were found to be ""not correctly placed"" by the clinical check, and one was detected only radiologically.",A routine clinical check should include also an assessment of the position of the nasogastrointestinal tube before it is inserted into the body cavity. This will help prevent many errors resulting from lack of knowledge about the correct placement of these devices.,
26233332,Is there a link between preoperative fluoroscopic cough stress testing and synthetic midurethral tape outcome?,"The primary aim of our study was to assess the utility of fluoroscopic cough stress testing as a predictor of synthetic midurethral tape (MUT) outcome. The secondary aim was to examine whether baseline demographics, clinical symptoms and urodynamic variables could predict MUT success. We carried out a retrospective study including women with stress urinary incontinence (SUI) who underwent retropubic MUT in a tertiary referral urogynaecology unit. We excluded cases where concurrent pelvic organ prolapse surgery was performed. Patients were subdivided into groups based on the pre-operative fluoroscopic cough stress testing, using Blaivas and Versi classifications. Subjective outcome was evaluated at 6 weeks based on self-reported SUI in the symptom domain of the King's Health Questionnaire. Logistic regression models were used to identify predictors of treatment success. 143 patients were included in the study. Blaivas and Versi classifications were not useful in predicting subjective success (p=0.44 and p=0.40, respectively). Baseline demographics, clinical and other urodynamic variables failed to predict subjective outcome.",Preoperative CTS does not appear to be an independent predictor of MUT success but may have been associated with poorer patient satisfaction after MUT. Further studies should investigate this relationship further.,
17542294,Is Helicobacter pylori eradication indicated in cirrhotic patients with peptic ulcer disease?,"The association between H. pylori infection and peptic ulcer disease (PUD) and the efficacy of eradication of H. pylori in treating ulcer disease in cirrhotic patients remains controversial. This study was carried out to ascertain the prevalence and significance of H. pylori in cirrhotic patients with PUD and to assess the need for anti H. pylori thrapy Three groups of patients were studied . These were patients with (A) cirrhosis and PUD, (B) uncomplicated PUD and (C) cirrhosis without PUD. H. pylori status was determined by endoscopic urease test . Eradication therapy was given with a four drug regimen and repeat endoscopy was done three months later to detect ulcer healing as well as H. pylori status with PUD in groups A and B. Cirrhotic patients with PUD had a significantly lesser prevalence of H. pylori compared to uncomplicated ulcer patients (46.9 % vs 80 %; p = 0.04). While H. pylori eradication rates were similar between cirrhotic and non cirrhotic patients, ulcer healing rate was significantly lesser in cirrhotic patients ( 48 % vs 80.9 %) . Majority of residual ulcers in cirrhotic patients were negative for H. pylori.","H. pylor is present in most cases of PUD but it does not seem to be associated with increased risk of ulcer recurrence or death from PUD when treated successfully. Therefore, we do not recommend that all cirrhusics should undergo H. pylori eradication.",
23565212,Are AMI patients with comorbid mental illness more likely to be admitted to hospitals with lower quality of AMI care?,"Older patients with comorbid mental illness are shown to receive less appropriate care for their medical conditions. This study analyzed Medicare patients hospitalized for acute myocardial infarction (AMI) and determined whether those with comorbid mental illness were more likely to present to hospitals with lower quality of AMI care. Retrospective analyses of Medicare claims in 2008. Hospital quality was measured using the five ""Hospital Compare"" process indicators (aspirin at admission/discharge, beta-blocker at admission/discharge, and angiotension-converting enzyme inhibitor or angiotension receptor blocker for left ventricular dysfunction). Multinomial logit model determined the association of mental illness with admission to low-quality hospitals (rank of the composite process score<10(th) percentile) or high-quality hospitals (rank>90(th) percentile), compared to admissions to other hospitals with medium quality. Multivariate analyses further determined the effects of hospital type and mental diagnosis on outcomes. Among all AMI admissions to 2,845 hospitals, 41,044 out of 287,881 patients were diagnosed with mental illness. Mental illness predicted a higher likelihood of admission to low-quality hospitals (unadjusted rate 2.9% vs. 2.0%; adjusted odds ratio [OR]1.25, 95% confidence interval [CI]1.17-1.34, p<0.01), and an equal likelihood to high-quality hospitals (unadjusted rate 9.8% vs. 10.3%; adjusted OR 0.97, 95% CI 0.93-1.01, p = 0.11). Both lower hospital quality and mental diagnosis predicted higher rates of 30-day readmission, 30-day mortality, and 1-year mortality.",Mental disorders may contribute to poor hospital-acquired outcome among older adults with AMIs.,
12812016,Recirculation of urea and dialysis efficiency using dual-lumen dialysis catheters in various locations: may the venous lumen of the catheter be used as the arterial lumen and vice versa?,"Percentage of urea recirculation was measured in the patients with acute and chronic renal failure who underwent hemodialysis by a temporary dual-lumen central venous catheter of different localisations (jugular n = 16, subclavian n = 20, femoral n = 20). The measurements were done in cases when arterial line was connected to arterial lumen of the catheter, and venous line to the venous lumen of the catheter (correct connection = RI), and vice versa, i.e., when arterial line was connected to venous lumen of the catheter, and venous line was connected to arterial lumen of the catheter (reversed connection = R2). The efficiency of hemodialysis was evaluated by measuring urea reduction ratio in cases with the reversed (R2) connection. Statistically significant differences were found between R1 and R2 for jugular catheters (R1 = 2.38 +/- 1.09%, R2 = 7.59 +/- 1.42%, n = 16, p = 0), for subclavian catheters (R1 = 3.03 +/- 3.15%, R2 = 15.8 +/- 7.18, n = 20, p = 0), and for femoral catheters (R1 = 9 +/- 6.56%, R2 = 29.2 +/- 11.8%, n = 20, p = 0). Statistically significant differences were also found between R1 of jugular catheters and R1 of subclavian catheters (2.38 +/- 1.09%, n = 16 and 3.03 +/- 3.15%, n = 20, p = 0.0001), further on between R1 of jugular and R1 of femoral catheters (2.38 +/- 1.09%, n = 16 and 9 +/- 6.56%, n = 20, p = 0), as well as between R1 of subclavian and R1 of femoral catheters (2.38 +/- 1.09%, n = 20 and 9 +/- 6.56%, n = 20, p = 0.0001). Also statistically significant differences were found between R2 of jugular and subclavian catheters (7.59 +/- 1.42%, n = 16 and 15.8 +/- 7.18%, n = 20, p = 0.0003), between R2 of jugular and femoral catheters (7.59 +/- 1.42%, n = 16 and 29.2 +/- 11.8%, n = 20, p = 0.0007), and between R2 of subclavian and R2 of femoral catheters (15.8 +/- 7.18%, n = 20 and 29.2 +/- 11.8%, n = 20, p = 0.0029). The measurements of urea reduction ratio that we have done for some of the catheters under R2 conditions showed a statistically significant difference between femoral and subclavian catheters (51.45 +/- 5.62%, n = 20 and 63.75 +/- 7.61, n = 20, p = 0), and between femoral and jugular catheters (51.45 +/- 5.62%, n = 20 and 64.3 +/- 5.23%, n = 16, p = 0). No statistical differences were found in urea reduction ratio between jugular and subclavian catheters (64.3 +/- 5.23, n = 16 and 63.75 +/- 7.61%, n = 20, p = 0.8).",In our study it has been shown that there is no significant difference in hemodynamic parameters obtained from double-lumen catheters placed at different sites within the body.,
18855231,Assessing change in clinical teaching skills: are we up for the challenge?,"The faculty development community has been challenged to more rigorously assess program impact and move beyond traditional outcomes of knowledge tests and self ratings. The purpose was to (a) assess our ability to measure supervisors' feedback skills as demonstrated in a clinical setting and (b) compare the results with traditional outcome measures of faculty development interventions. A pre-post study design was used. Resident and expert ratings of supervisors' demonstrated feedback skills were compared with traditional outcomes, including a knowledge test and participant self-evaluation. Pre-post knowledge increased significantly (pre = 61%, post = 85%; p<.001) as did participant's self-evaluation scores (pre = 4.13, post = 4.79; p<.001). Participants' self-evaluations were moderately to poorly correlated with resident (pre r = .20, post r = .08) and expert ratings (pre r = .43, post r = -.52). Residents and experts would need to evaluate 110 and 200 participants, respectively, to reach significance.",Our findings suggest that there is value in measuring residents' perceptions of their supervisor's feedback delivery rather than relying solely on knowledge assessments or self-ratings. This approach may help us better understand how best to improve resident performance over time.,
27255655,"Endoscope-assisted, minimally invasive evacuation of sub-acute/chronic epidural hematoma: Novelty or paradox of Theseus?","Sub-acute/chronic epidural hematoma (EDH) may present with nagging symptoms of headache, nausea, vomiting, lethargy, etc. We attempted to offer a minimally invasive, single burr hole, endoscope-assisted evacuation of EDHs instead of a conventional craniotomy. Seven patients with sub-acute/chronic EDH (six supratentorial and one infratentorial) presented to us 3 to 7 days after low-velocity road traffic accidents with complaints of headache and lethargy. The EDH volumes measured between 20 to 50 ml, and the patients were operated on using a single burr hole made through a small incision. We used 0-, 30- and 70-degree, angulated, rigid, high-definition endoscopes to identify and evacuate the organized clots in the extradural space. Flexible catheters were used for suction and irrigation. After achieving hemostasis, the dura was hitched back to the burr hole site. The wound was closed over a negative suction drain. All patients had prompt recovery from symptoms. Postoperative CT scans showed complete or near complete evacuation of the hematomas. The hospital stay and analgesic requirements were minimal. There was no infective complication or conversion to conventional open surgery. The average time for surgery was 77.8 min, and average blood loss was 328.5 ml.",Endoscopic assisted evacuation is an effective method for treating acute/subacute/ chronic edema caused by trauma or other causes. It avoids extensive dissection which can lead to increased morbidity and mortality. This technique has been successfully applied in our institution without any complications.,
24073947,Does physical activity produce clinically significant changes during discontinuation of insulin pump in type 1 diabetic patients?,"Discontinuation of insulin pump treatment (CSII) before, during and after physical activity is a common practice among a number of patients. The aim of the study was to evaluate the course of insulinemia during a 3- hour insulin pump suspension and after consecutive insulin bolus administration, and additionally, to assess the effect of physical activity (mid intensity aerobic exercise). We enrolled 12 patients with diabetes mellitus type 1 in the study (men, mean age 33.4 ± 8.66 years, diabetes duration 16.3 ± 8.76 years, CSII treatment duration 6.9 ± 4.60 years, BMI 25.7 ± 3.75 mg/ m2, HbA1c 8.4 ± 0.95%, total insulin dose 50.3 ± 12.50 IU/ day). The tests were performed after night fasting at usual insulin doses, without serving breakfast and morning bolus dose. In the course of the test, insulin administration by a pump was suspended for 3 hours. Blood for assessment of blood glucose and insulinemia was taken in 30- minute intervals during the test. A test with or without physical exercise on bicycle ergometer was performed in each patient 2 weeks later. We did not prove any influence of physical exercise on insulinemia during suspended insulin deli-very by an insulin pump. Insulinemia of approximately 50% of the original value persisted for another 90 minutes following insulin pump suspension. A rapid increase in insulinemia occurred after bolus administration in the 180th minute of the test. However, the decrease in blood glucose level did not occur until after another 90 minutes.",In our case series we found no benefit from performing physical activities immediately after cessation of insulin pumps. This may be explained by the fact that most patients do not engage in regular physical activity even when they have been diagnosed as having diabetes. Further studies should investigate whether there exists any relationship between insulin dosage reduction due to suspension of insulin delivery system and increased risk of cardiovascular events.,
19524734,Congenital diaphragmatic hernia requiring extracorporeal membrane oxygenation: does timing of repair matter?,"Severe congenital diaphragmatic hernia (CDH) requiring extracorporeal membrane oxygenation (ECMO) is associated with high mortality. Timing of CDH repair relative to ECMO therapy remains controversial. Our hypothesis was that survival would significantly differ between those who underwent repair during ECMO and those who underwent repair after ECMO therapy. We examined deidentified data from the CDH study group (CDHSG) registry from 1995 to 2005 on patients who underwent repair and ECMO therapy (n = 636). We used Cox regression analysis to assess differences in survival between those who underwent repair during and after ECMO. Five covariates were significantly associated with mortality as follows: timing of repair relative to ECMO (P = .03), defect side (P = .01), ECMO run length (P<.01), need for patch repair (P = .03), birth weight (P<.01), and Apgar score at 5 minutes (P = .03). Birth year, inborn vs transfer status, diaphragmatic agenesis, age at repair, and presence of cardiac or chromosomal abnormalities were not associated with survival. Repair after ECMO therapy was associated with increased survival relative to repair on ECMO (hazard ratio, 1.407; P = .03).",Repairing CDHs requires careful consideration regarding timing because it may affect outcome. Patients undergoing repair after an ECMO session had better outcomes than those who received repair before an ECMOSession. This finding suggests that timing should be considered when deciding whether to perform an ECMOR procedure.,
14712425,Creatinine levels and cardiovascular events in women with heart disease: do small changes matter?,"Small changes in creatinine levels have been incrementally associated with increased risk for heart failure morbidity, but their association with cardiovascular events has not been evaluated in persons with established coronary heart disease (CHD). This was an observational study from the Heart and Estrogen/Progestin Replacement Study (HERS) and the HERS-II follow-up study. Participants were 2,763 postmenopausal women with CHD who were followed up for a mean of 4.1 years during HERS and an additional 2.7 years during HERS-II. We evaluated the association of worsened renal function (creatinine level increase>or = 0.3 mg/dL [>or =26.5 micromol/L]) during HERS with CHD outcomes (nonfatal myocardial infarction and CHD death) that occurred during HERS-II. Only 194 participants (9%) had worsened renal function during HERS, and they were characterized by a greater prevalence of diabetes, lower high-density lipoprotein cholesterol and higher triglyceride levels, and increased rate of cardiovascular events during HERS (all P<0.01). After adjustment for only baseline creatinine levels, worsened renal function was associated with HERS-II CHD events (relative hazard [RH], 1.54; 95% confidence interval [CI], 1.04 to 2.29). After adjustment for baseline characteristics, HERS cardiovascular events, and medication use, worsened renal function was no longer associated with CHD events (RH, 1.08; 95% CI, 0.70 to 1.67). However, baseline creatinine levels from HERS were remarkably strong predictors of HERS-II events.",Worsening renal function is independently associated with adverse cardiovascular outcomes among women with established CHDs. These findings suggest that even modest improvements in renal function may be sufficient to reduce risk of cardiovascular mortality.,
25424539,"Are symptom features of depression during pregnancy, the postpartum period and outside the peripartum period distinct?","Whether there are systematic differences in depression symptom expression during pregnancy, the postpartum period and outside these periods (i.e., outside the peripartum period) remains debated. The aim of this study was to use methods based on item response theory (IRT) to examine, after equating for depression severity, differences in the likelihood of reporting DSM-IV symptoms of major depressive episode (MDE) in women of childbearing age (i.e., aged 18-50) during pregnancy, the postpartum period and outside the peripartum period. We conducted these analyses using a large, nationally representative sample of women of childbearing age from the United States (n = 11,256) who participated in the second wave of the National Epidemiologic Survey on Alcohol and Related Conditions (NESARC). The overall 12-month prevalence of all depressive criteria (except for worthlessness/guilt) was significantly lower in pregnant women than in women of childbearing age outside the peripartum period, whereas the prevalence of all symptoms (except for ""psychomotor symptoms"") was not significantly different between the postpartum and the nonperipartum group. There were no clinically significant differences in the endorsement rates of symptoms of MDE by pregnancy status when equating for levels of depression severity.","The results suggest that although some symptoms may be more common among women experiencing severe depression during their pregnancies compared with those without it, others such as worthiness/ guilt do not appear to differ across these time points. These findings have implications for understanding how depression can affect maternal mental health during pregnancy and beyond.",
20864305,Can complete tumor resection be predicted in advanced primary epithelial ovarian cancer?,"Postoperative tumor-residual-mass is the most important prognostic factor in epithelial ovarian cancer (EOC). Aim of our study was to define risk factors for incomplete tumor resection in advanced primary EOC.PATIENTS & A validated intraoperative documentation tool (""Intraoperative-Mapping of Ovarian-Cancer"" = ""IMO"") was applied to systematically evaluate intraabdominal tumor dissemination pattern, maximal tumor load, tumor residuals and operative morbidity for all EOC-patients who underwent primary surgery in our institution during 09/2000-08/2009. Univariate- and multivariate analysis were performed to identify independent risk factors of incomplete tumor resection and operative complications. We evaluated 360 consecutive EOC-patients of FIGO-stage-III/IV. In 221(61%) patients a complete tumor resection could be obtained. In 50(14%) patients tumor residuals were<0.5 cm. Sixty (17%) patients developed a major (14%) complication. Multivariate analysis identified intestinal resection (OR:2.0; 95%CI:1.14-3.4; p = 0.01) and macroscopical tumor residuals (OR:0.5; 95%CI:0.2-1.2; p = 0.05) as independent predictors of major operative morbidity. Tumor dissemination pattern and maximal tumor load were significantly different between tumor-free and not-tumor-free operated patients, with less extrapelvic tumor involvement in the tumor-free group (p<0.001). More than 4 IMO-fields of tumor involvement (OR:3.3; 95%CI:1.5-7.0; p = 0.002) were identified to be of predictive significance for incomplete tumor resection. FIGO-stage, histology, age, CA125-levels, bowel resection and ascites did not affect optimal tumor resectability.","Complete tumor resections can be achieved even if there exists some residual tissue within the abdominal cavity. However, it should be noted that this does not mean that every patient will achieve complete resection without any residual disease present.",
23199474,Is sutureless hernia repair a safe option for treating abdominal wall hernias?,"The use of tissue adhesives can be an alternative to suture fixation of the mesh, but experience in their use is very limited. A prospective descriptive study was conducted on a group of 35 patients with inguinal hernias repaired by sutureless hernioplasty (20 by open and 15 by endoscopic), the prosthesis was fixed with a synthetic adhesive (n-hexyl-α-cyanoacrylate). This group was compared with another 35 patients for hernia repair with fixation sutures. All patients were scheduled for outpatient surgery. Peri-operative variables were recorded. The patients were followed up at one week, one month, 6 months and one year after surgery. There was no morbidity associated with the use of tissue adhesive (bruising, infection or skin necrosis). During a median follow-up of 15 months, no complications or recurrences were detected. In the open hernioplasty using adhesive significantly reduced surgery time (30 min versus 70 min, P=.001), postoperative pain (from 2.4 to 4.5 at one week, P<.001) and analgesic consumption (7 to 14 days, P<.001). In the laparoscopic approach are demonstrated significant differences in favour of the adhesive in pain (P=.001 at 24h), and in analgesic use (P<.001) was observed using the laparoscopic approach. The adhesive did not alter the morbidity or the relapse rate at one year in any of the two approaches, and the financial analysis showed an annual savings of 117,461.2 euros (about 460 hernias).","Tissue adhesion has been shown to reduce operative times, pain and analgoptic consumption during hernioplasty. However it does not affect the incidence of recurrence nor increases the risk of morbidity. Therefore this technique should be considered as an alternative when possible over traditional methods.",
23182503,Is adaptive intensity-modulated radiotherapy for uterine cervix carcinoma necessary?,"To observe on ten patients, the changes of different pelvic structures during a Stade IB2-IIB cervix cancer tomotherapy course delivering 60Gy over 5.5 weeks and evaluate the rationale of adaptive treatments. Each of the six weekly mega voltage CT-scan (MVCT) exams performed the same day of the week were analyzed. The centro-pelvic CTV volume was contoured as well as the organs at risk (OAR). The dose delivered was recalculated while those to 2%, 50% and 98% of the centro-pelvic CTV as well as to 2 cm(3), 10 cm(3) and 50 cm(3) of the OAR were analyzed. The mean decrease in volume of the centro-pelvic CTV was 13% and non-significant (P>0.2). However four tumors decreased from 21% to 42%. This decrease was centripetal. Likewise, the fraction doses to 2%, 50% and 98% were respectively 2.14±0.08Gy, 2.02±0.14 Gy, 1.8±0.34Gy at week 1 and 2.13±0.1 Gy, 2.06±0.12Gy, 1.88±0.24Gy at week 6 (P>0.2). The doses delivered to 2 cm(3), 10 cm(3) and 50 cm(3) of the different OAR did not change at a significant level (P>0.05) too, except the dose to 50 cm(3) of non-sigmoid bowel moving from 1.69±0.16Gy at week 1 to 1.78±0.14Gy at week 6 (P=0.05).",Adaptive treatment is not required if the patient has no other organ-threatening disease or if there is no need for radical surgery.,
15255842,Does fetal gender affect cytotrophoblast cell activity in the human term placenta?,"Pregnant women with female fetuses have higher maternal serum human chorionic gonadotropin (hCG) levels than pregnant women with male fetuses. Ki-67, a cell proliferation and activity marker, is confined mostly in the nuclei of villous cytotrophoblasts of the human placenta. In this study, we examined the effect of fetal gender on the cytotrophoblast cell activity in human term placenta, with special regard to maternal serum and cord blood hCG levels. Thirty-four uncomplicated, singleton, term pregnancies (17 male and 17 female fetuses) were recruited in the study. hCG was measured in maternal peripheral serum and umbilical cord blood. Placental samples were collected in each patient during the cesarean section. Cytotrophoblast cell activity was measured by using immunohistochemistry for Ki-67 antigen. Ki-67 staining index values of the cytotrophoblasts were compared between the female and male placentas. Maternal serum and cord blood hCG levels were higher in pregnant women with female fetuses than in those carrying male fetuses. There was no sex difference in Ki-67 immunostaining rates of the cytotrophoblast cells. There was no correlation between maternal serum and cord blood hCG levels and Ki-67 staining index values of the cytotrophoblast cells.","Fetal gender does not influence the cytoplasmic expression of the hCG receptor or its binding to the cell surface. However, it may affect the number of active cells within the cytoplasms. This finding suggests that there might be some differences in the mechanisms underlying the regulation of cytoplastic gene expression among different genders.",
11268545,Do urocultures change our therapy approach?,"To describe to what extent the results of urocultures modify approaches to therapy and the factors linked to this change. Cross-sectional, descriptive study by means of review of records. Primary care. 222 adult urocultures requested at 8 health centres between March and May 1999. We extracted from the records age, sex, symptoms, risk factors, and approach to therapy before and after the uroculture. We discarded 358 urocultures because of not finding the clinical record or because the episode or data on the change in approach to therapy was lacking in the record. The urocultures belonged to patients with a mean age of 54.2, 73.1% of whom were women. 34.7% presented no risk factor for UTI. 44% had no symptoms of UTI. 21.2% of urocultures were positive, with E. coli the most frequently isolated bacteria (69.4%). Empirical antibiotic treatment was called for in 44.6% (70.1% quinolones, 9.3% fosfomycin). After receipt of the result, there was a change of approach in 25 cases (11.4%, SE 2.1%), of whom 15 did not receive empirical treatment (6 with symptoms and 9 without). The antibiotic was changed in 9 of the 99 cases treated empirically (always because of resistance). Among those with change of approach, there was a higher percentage of risk factors (84% against 62%, p<0.05, chi 2 = 4.47). There were no differences for age, sex, symptoms or bacteria between the two groups.",The use of uroscopic tests does not seem to affect the way we treat urinary tract infections but may influence it when used as part of an overall strategy.,
22394292,Is aggressive treatment of traumatic brain injury cost-effective?,"The object of this study was to determine whether aggressive treatment of severe traumatic brain injury (TBI), including invasive intracranial monitoring and decompressive craniectomy, is cost-effective. A decision-analytical model was created to compare costs, outcomes, and cost-effectiveness of 3 strategies for treating a patient with severe TBI. The aggressive-care approach is compared with ""routine care,"" in which Brain Trauma Foundation guidelines are not followed. A ""comfort care"" category, in which a single day in the ICU is followed by routine floor care, is included for comparison only. Probabilities of each treatment resulting in various Glasgow Outcome Scale (GOS) scores were obtained from the literature. The GOS scores were converted to quality-adjusted life years (QALYs), based on expected longevity and calculated quality of life associated with each GOS category. Estimated direct (acute and long-term medical care) and indirect (loss of productivity) costs were calculated from the perspective of society. Sensitivity analyses employed a 2D Monte Carlo simulation of 1000 trials, each with 1000 patients. The model was also used to estimate these values for patients 40, 60, and 80 years of age. For the average 20-year-old, aggressive care yields 11.7 (± 1.6 [SD]) QALYs, compared with routine care (10.0 ± 1.5 QALYs). This difference is highly significant (p<0.0001). Although the differences in effectiveness between the 2 strategies diminish with advancing age, aggressive care remains significantly better at all ages. When all costs are considered, aggressive care is also significantly less costly than routine care ($1,264,000 ± $118,000 vs $1,361,000 ± $107,000) for the average 20-year-old. Aggressive care remains significantly less costly until age 80, at which age it costs more than routine care. However, even in the 80-year-old, aggressive care is likely the more cost-effective approach. Comfort care is associated with poorer outcomes at all ages and with higher costs for all groups except 80-year-olds.",Aggressive treatment of TBI is cost-prohibitive unless there is an urgent need for intensive care management or if other options cannot be offered due to limited resources.,
16514621,Do early pregnancy ultrasound measurements correlate with fetal nuchal translucency at 11-14 weeks?,"To assess whether extremes in nuchal translucency (NT) thickness measurements at 11-14 weeks of gestation are preceded by departures from normal in early ultrasound biometry or embryonic heart rate in euploid fetuses. This was a retrospective analysis of data from women with singleton pregnancies examined in early pregnancy between June 2002 and January 2003, who subsequently had a nuchal translucency (NT) scan. The early pregnancy scan was performed transvaginally, and the crown-rump length (CRL), mean gestational sac diameter (GS), mean yolk sac diameter (YS) and embryonic heart rate (HR) were measured where possible. At the second scan CRL and NT were measured. A total of 534 singleton pregnancies were included in the analysis. The mean maternal age was 30 (range, 14-45) years, and 59.4% of the patients were nulliparous. The mean CRL was 11.5 (range, 1.4-30.0) mm at the first scan and 62.8 (range, 42.0-88.0) mm at the second scan. GS, YS and HR measurements were obtained in 87.6%, 72.5% and 72.5% of cases, respectively. No statistically significant correlation was observed between NT and Z-scores of early pregnancy: GS (r = 0.013, P = 0.77), YS (r = 0.039, P = 0.44) or HR (r = 0.016, P = 0.76). GS, YS and HR were not significantly different in fetuses with NT measurements below the 10th percentile or above the 90th percentile (P = 0.24, 0.84 and 0.60, respectively).",Early pregnancy ultrasound measures did not predict differences in NT values among fetuses having low or high NTs. These results suggest that there may be no relationship between these two parameters during early pregnancy.,
26070728,Colorectal Endometriosis Responsible for Bowel Occlusion or Subocclusion in Women With Pregnancy Intention: Is the Policy of Primary in Vitro Fertilization Always Safe?,"To discuss the risk of bowel occlusion or subocclusion in patients with pregnancy wish and deep colorectal endometriosis, when surgery is postponed until after conception. A prospective series of consecutive patients managed for occlusion or subocclusion between January 2012 and January 2015 (Canadian Task Force classification II-2). Deep endometriosis had previously been diagnosed in all patients; however, they were advised to postpone surgery until after conception. University tertiary referral center. Twelve women with bowel occlusion or subocclusion due to deep endometriosis and desiring pregnancy. Surgical management including colorectal resection. Digestive symptoms, including standardized gastrointestinal questionnaires and preoperative imaging assessment of deep endometriosis. The patients enrolled in the series represent 5% of 241 patients with colorectal endometriosis managed over 37 consecutive months. Major digestive complaints were bloating, defecation pain, constipation, liquid stools, and a feeling of incomplete stool evacuation. The median length of digestive tract stenosis was 50 mm (range, 20-100 mm). In 8 patients (67%), computed tomography-based virtual colonoscopy revealed a virtual digestive lumen. The median length of colorectal specimen removed was 120 mm (range, 60-200 mm). Three patients (25%) had Clavien-Dindo IIIb and IVa postoperative complications with favorable outcomes within up to 20 days after surgery.",Deep colostrum endometrial disease should not be considered as an independent cause of bowel obstruction during pregnancy unless there is also another underlying cause such as inflammatory bowel disease or malignancy. Delaying surgical intervention may lead to more severe dyspepsia than can be resolved by conservative measures alone.,
11930192,Are patients informed when they consent to ERCP?,"Only the British Society of Gastroenterology has published consent guidelines that are inclusive for endoscopic retrograde cholangiopancreatography (ERCP). Previous research has shown that there are variations in the information discussed with patients who are undergoing ERCP. To examine the informed consent practices for ERCP in Ontario. A self-report questionnaire was sent to ERCP endoscopists in Ontario, who were identified through a pre-existing database. The 14-item questionnaire included questions pertaining to the risks, benefits and alternatives discussed, how consent was obtained and whether the consent process was modified for patients older than 75 years. Of the 82 surveys sent, 36 responses were received, with three respondents indicating that they no longer performed ERCP; the total response rate was 40%. Ninety-four per cent of those who responded noted that they obtained written consent, and 6% obtained verbal consent. When discussing risks with their patients, 91% of respondents always mentioned pancreatitis, 88% always mentioned bleeding, 73% always mentioned perforation and 30% always mentioned the risk of infection; only 24% always mentioned the possibility of being allergic to the contrast agent, and 73% rarely or never mentioned death. When dealing with patients older than 75 years, 38% of respondents tended to be more brief in their explanations, 31% gave the same details in their explanation and 31% gave more detailed information than they gave to younger patients. Seventy-nine per cent mentioned the possibility of diagnostic failure and 82% mentioned the possibility of therapeutic failure, while only 27% mentioned the possibility of missing a diagnosis.",The majority of ERCP practitioners do not provide adequate information about potential complications before agreeing to perform an ERCP procedure. Further education regarding these issues may help improve patient outcomes.,
14988657,Is obesity a risk factor in acute pancreatitis?,"Obesity has been associated with a worse prognosis in acute pancreatitis. According to some authors, obesity favours the development of local complications, while according to other reports obese patients presented more frequently systemic complications. Few studies find a relationship between obesity and mortality in acute pancreatitis. We conducted a meta-analysis of several reports that evaluate the relationship between obesity and the outcome of acute pancreatitis in order to assess its prognostic role in this disease. A MEDLINE search was conducted from 1965 to December 2002 with search terms including obesity, body mass index (BMI) and pancreatitis. A total of 12 reports were identified. Of these, only four studies included patients with mild and severe acute pancreatitis and measured obesity by BMI. The end points of the meta-analysis were the severity of acute pancreatitis, local complications, systemic complications and mortality. Obesity was defined when BMI was>or =30 kg/m2. Pooled odds ratio (OR) and confidence intervals (CI) were calculated according to the Mantel-Haenszel method, and heterogeneity was assessed by the multiplicative inverse variance method. A total of 607 patients were evaluated. There was no heterogeneity for the variables severity, systemic complications, local complications and mortality among the included studies. Severe AP was significantly more frequent in obese patients (OR 2.6, 95% CI 1.5-4.6). Furthermore, those patients developed significantly more systemic (OR 2.0, 95% CI 1.1-4.6) and local complications (OR 4.3, 95% CI 2.4-7.9). Mortality in obese patients was only slightly higher (OR 1.3, 95% CI 0.5-3.6).",The results suggest that obesity may be an independent predictor of poor outcomes in acute Pancreaticitis.,
17696926,Liver: an alarm for the heart?,"Fatty liver (FL) and coronary artery disease (CAD) have several risk factors in common, which are usually considered to account for their frequent coexistence. The independent association between FL and angiographic CAD was assessed in this case-control study by considering the contribution of their shared risk factors. Three hundred and seventeen adult patients who underwent elective coronary angiography (CAG) were recruited immediately after CAG and classified into either of the two groups A (normal or mildly abnormal CAG; n=85) or B (clinically relevant CAD; n=232). A liver sonography was performed on the same day as CAG. The groups were significantly different in terms of gender, fasting blood glucose, low-density lipoproteins, diabetes (DM), hypertension and FL. In binary logistic regression, FL was the strongest independent predictor of CAD [P<0.001, odds ratio (OR)=8.48%, 95% confidence interval (CI)=4.39-16.40], followed by DM (P=0.002, OR=2.94) and male gender (P=0.014, OR=2.31). This pattern of associations did not change after clinically significant variables (waist-to-hip ratio, body mass index, triglycerides and high-density lipoproteins) were added to analysis.",The results suggest that FL may be associated with increased risk of CAD through its impact on lipid profile. Further studies should investigate whether these findings can be used as an early warning sign for cardiovascular events.,
18266570,Intraoperative colonoscopy for anastomosis assessment in laparoscopically assisted left-sided colon resection: is it worthwhile?,"The aim of our study was to evaluate the use of intraoperative colonoscopy in laparoscopically assisted left-sided colon resection for the assessment of anastomosis. All consecutive laparoscopically assisted left-sided colon resections performed at our department between May 2001 and February 2006 were included in this study. After colon resection and reanastomosis, an intraoperative colonoscopy was performed to detect anastomosis risk. A total of 122 patients were enrolled in this study. In 73 patients (59.84%), the anastomosis was checked via colonoscopy (the study group, (SG), whereas the control group (CG) consisted of 49 (40.16%) patients without colonoscopy. Of the 122 patients, 65 (53.28%) underwent a laparoscopically assisted sigmoid resection, 45 (36.89%) a laparoscopically assisted sigmoid rectum resection, 4 (3.28%) a laparoscopically assisted anterior rectum resection, and 8 (6.56%) a laparoscopically assisted left hemicolectomy. In the study group, 5 (6.85%) anastomotic leakages were intraoperatively detected and oversewn. A total of 6 (4.92%) anastomotic leakages occurred in the early postoperative period (SG: 4 [5.47%] vs. CG: 2 [4.08%]; P = 0.541).","Intraoperative colonic examination can be used as an effective tool for detecting anastomatological defects during laparoscopic-assisted left-sided colorectal surgery. However, we recommend that such examinations should not be performed routinely because they may lead to unnecessary surgical interventions if missed by other means.",
18222254,Does intensive management of cerebral hemodynamics and atheromatous aorta reduce stroke after coronary artery surgery?,"Atheromatous aorta and carotid artery disease are known predictors for stroke after coronary artery bypass grafting (CABG). The clinical significance of intracranial cerebral artery disease is not known. This study was designed to determine whether a therapeutic strategy based on perioperative detection of intracranial and extracranial occlusive cerebrovascular disease and atheromatous aorta could reduce perioperative stroke. We studied 485 patients who underwent isolated CABG. The control group was 247 patients who underwent standard-protocol CABG. The 238 subjects in the intervention group underwent preoperative magnetic resonance angiography of the head and neck and intraoperative epiaortic scanning. Cerebral hemodynamics were evaluated by single photon emission computed tomography and acetazolamide tests in patients with significant occlusive cerebrovascular disease. Surgical outcomes were compared. In the intervention group, magnetic resonance angiography detected significant intracranial or extracranial occlusive cerebrovascular disease, or both, in 40 patients. Prophylactic cerebrovascular interventions were performed in 7 patients who had disturbed cerebral hemodynamics. Aorta no-touch off-pump coronary artery bypass (OPCAB) was chosen intraoperatively in 37 patients with moderate to severe atheromatous aorta. The in-hospital stroke rate was 0.42% in the intervention group vs 2.8% in the control group (p = .068). A multivariate analysis revealed that the perioperative interventional protocol was the most powerful predictor of reduced risk of perioperative stroke (odds ratio, 0.023; 95% confidence interval, 0.001 to 0.469).",Intensive management of cerebrovasculature before and during operation appears to be effective in reducing the incidence of post-CABI stroke.,
25539946,Is a planned caesarean section in women with cardiac disease beneficial?,"In the general population, planned caesarean section is thought to be safer in high-risk situations as it avoids the greater risk of an emergency caesarean section. Only limited data exist on the optimal mode of delivery in women with structural heart disease. We investigated the relationship between mode of delivery and pregnancy outcome in women with pre-existing heart disease. The Registry on Pregnancy and Cardiac Disease is an on-going, global, prospective observational registry of women with structural heart disease. We report on 1262 deliveries, between January 2007 and June 2011. The caesarean section was planned in 393 women (31%): 172 (44%) for cardiac and 221 (56%) for obstetric reasons of whom 53 delivered by emergency caesarean section. Vaginal delivery was planned in 869 (69%) women, of whom 726 (84%) actually delivered vaginally and 143 (16%) had an emergency caesarean section. Perinatal mortality(1.1 vs 2.7, p=0.14) and low apgar score (11.9 vs 10.1, p=0.45) were not significantly different in women who had a caesarean section or vaginal delivery; gestational age(37 vs 38 weeks p=0.003) and birth weight (3073 vs 2870 g p<0.001) were lower in women delivered by caesarean section compared with women delivered by vaginal delivery. In those delivered by elective or emergency caesarean section, there was no difference in maternal mortality (1.8% vs 1.5%, p=1.0), postpartum heart failure (8.8% vs 8.2% p=0.79) or haemorrhage (6.2% vs 5.1% p=0.61).",A planned caesar section does not appear to increase the risk of death during pregnancy or after delivery but may reduce the incidence of peripartal heart failure and haematoma的发生率。,
17381482,Relative adrenal insufficiency: an identifiable entity in nonseptic critically ill patients?,"To determine whether relative adrenal insufficiency (RAI) can be identified in nonseptic hypotensive patients in the intensive care unit (ICU). Retrospective study in a medical-surgical ICU of a university hospital. One hundred and seventy-two nonseptic ICU patients (51% after trauma or surgery), who underwent a short 250 microg ACTH test because of>6 h hypotension or vasopressor/inotropic therapy. On the test day, the Simplified Acute Physiology Score II (SAPS II) and Sequential Organ Failure Assessment (SOFA) score were calculated to estimate disease severity. The ICU mortality until day 28 was recorded. Best discriminative levels of baseline cortisol, increases and peaks were established using receiver operating characteristic curves. These and corticosteroid treatment (in n = 112, 65%), among other variables, were examined by multiple logistic regression and Cox proportional hazard regression analyses to find independent predictors of ICU mortality until day 28. ICU mortality until day 28 was 23%. Nonsurvivors had higher SAPS II and SOFA scores. Baseline cortisol levels correlated directly with albumin levels and SAPS II. In the multivariate analyses, a cortisol baseline>475 nmol/l and cortisol increase<200 nmol/l predicted mortality, largely dependent on disease severity but independent of albumin levels. Corticosteroid (hydrocortisone) treatment was not associated with an improved outcome, regardless of the ACTH test results.","In this cohort of ICU patients, RAI is unlikely to occur unless there is severe acute kidney injury. However, it may still be present if there is no apparent cause for hypovolemia. Further studies should investigate its role as part of the overall management of sepsis.",
21395902,Symphysiotomy: Is it obsolete?,"This was a prospective comparative cohort study. Symphysiotomy was performed in 25 women who presented with obstructed labor. The controls were 50 women on whom CS was performed due to obstructed labor. Maternal mortality and morbidity due to postpartum hemorrhage (PPH), sepsis, genitourinary trauma, pelvic pain and gait problems were analyzed and compared between cases and controls. Neonatal mortality and morbidity due to birth asphyxia, intracranial hemorrhage, cephalohematoma and hypoxic ischemic encephalopathy were also compared following the two procedures. Maternal mortality was similar in both the cesarean section group (CSG) and symphysiotomy group (SG), but SYM has less morbidity than CS, and also preserves the uterus from scars. Transient pelvic pain was the most common maternal morbidity following SYM, whereas PPH and wound sepsis were the most common complications after CS. Neonatal mortality and morbidity were similar in both cases and controls. Lastly, SYM is a simple, low-cost and quicker procedure than CS.","Symphysis method appears to be an effective alternative for treating obstetrically induced uterine atony. It does not result in any permanent damage to the uterus nor increase the risk of PPH or other complications associated with C-sections. However, it may cause transient pelvic pain which can lead to delayed delivery if left untreated. Therefore, it should be considered when there is no time available for performing a full-term operation.",
16372486,Parotid-sparing radiotherapy: does it really reduce xerostomia?,"Parotid-sparing radiotherapy (PSRT) was introduced for patients with selected head and neck cancer requiring bilateral upper-neck irradiation at our centre in 2000. The aim of this study was to compare the subjective degree of xerostomia in patients treated with PSRT between January 2000 and June 2003 with patients treated using conventional techniques (radiotherapy) over the same period. Eligible patients were required to have completed treatment 6 months previously and be recurrence-free at the time of interview. PSRT was defined as conformal radiotherapy, in which the mean dose to at least one parotid gland was 33 Gy or less, as determined by the dose-volume histogram. Patients receiving radiotherapy were treated with standard parallel-opposed fields, such that both parotids received a minimum of 40 Gy. Xerostomia was assessed using a validated questionnaire containing six questions with a rating between 0 and 10. Lower scores indicated less difficulty with xerostomia. Thirty-eight eligible patients treated with PSRT were identified: 25 with oropharyngeal cancer and 13 with nasopharyngeal cancer (NPC). The mean overall questionnaire score (Q1-5) for this group was 4.20 (standard error = 0.33). Forty-four patients (24 oropharyngeal, 21 NPC) treated with radiotherapy over the same period were eligible. The mean overall questionnaire score (Q1-5) for this group was 5.86 (standard error = 0.35). The difference in mean overall scores between the two groups of patients was statistically significant (P<0.001), as were the scores for four of the six individual questions.",The results suggest that PSR is effective in reducing xerosteoma severity but not necessarily in improving quality of life. Further studies should investigate whether these differences can be explained by changes in patient behaviour or psychological factors.,
22791991,Does roflumilast decrease exacerbations in severe COPD patients not controlled by inhaled combination therapy?,"Many patients with chronic obstructive pulmonary disease (COPD) continue to suffer exacerbations, even when treated with maximum recommended therapy (eg, inhaled combinations of long-acting β2-agonist and high dose inhaled corticosteroids, with or without a long-acting anticholinergic [long-acting muscarinic antagonist]). Roflumilast is approved to treat severe COPD in patients with chronic bronchitis--and a history of frequent exacerbations--as an add-on to bronchodilators. The REACT (Roflumilast in the Prevention of COPD Exacerbations While Taking Appropriate Combination Treatment) study (identification number RO-2455-404-RD, clinicaltrials. gov identifier NCT01329029) will investigate whether roflumilast further reduces exacerbations when added to inhaled combination therapy in patients still suffering from frequent exacerbations. REACT is a 1-year randomized, double-blind, multicenter, phase III/IV study of roflumilast 500 μg once daily or placebo on top of a fixed long-acting β2-agonist/inhaled corticosteroid combination. A concomitant long-acting muscarinic antagonist will be allowed at stable doses. The primary outcome is the rate of moderate or severe COPD exacerbations. Using a Poisson regression model with a two-sided significance level of 5%, a sample size of 967 patients per treatment group is needed for 90% power. COPD patients with severe to very severe airflow limitation, symptoms of chronic bronchitis, and at least two exacerbations in the previous year will be recruited.",REACT will provide important information about the efficacy and safety of rolfumilat as an additional treatment option for severely ill COPD who have never been treated with combination therapies.,
16061786,Is Pacific race a retinopathy of prematurity risk factor?,"Black race affords some protection from retinopathy of prematurity (ROP), but more ROP was previously found in another darkly pigmented race, the Alaskan natives. From fall 1989 through summer 2003, all Alaskan infants with a birth weight of 1500 g or less were examined, documenting mother's stated race, prenatal care, and neonatal intensive care unit course. Retinopathy of prematurity was classified as to predefined threshold for peripheral ablative treatment (region of avascular retina and fibrovascular ridge and vessel tortuosity) in 873 infants. Threshold ROP was more prevalent in Alaskan natives (24.9%) and Asians (15.9%) (10% overall), with no significant difference between Alaskan natives and Asians (P = .24). Alaskan native males had more threshold ROP (69%) compared with non-Alaskan native males (51%). Compared with threshold nonnatives, Alaskan native threshold infants had greater birth weights (829 +/- 222 vs 704 +/- 186 g), required less time on ventilation (46 +/- 22 vs 70 +/- 75 days), and progressed to treatment at a younger age (35.5 +/- 2.2 vs 36.2 +/- 2.6 weeks' gestational age) (data are given as mean +/- SD).","Alaskan natives have higher rates of ROP than other races, possibly due to their lower socioeconomic status and poorer access to medical care during pregnancy.",
27729133,Does canal wall down mastoidectomy benefit syndromic children with congenital aural stenosis?,"To determine whether a canal wall down mastoidectomy can provide long-term benefit for children with aural stenosis. Retrospective case series of children with congenital aural stenosis having undergone a canal wall down mastoidectomy over a twelve-year period at a tertiary children's hospital. Data from thirteen children who underwent a total of twenty canal wall down mastoidectomies for aural stenosis were reviewed. The mean age at surgery was 7.1 years (range, 3.3-12.3 years). All patients had genetic syndromes including Trisomy 21 (n = 7), Trisomy 21 and Pierre Robin sequence (n = 1), Angelmann (n = 1), Cri-du-chat (n = 1), Branchio-oto-renal syndrome (n = 1), Spina bifida (n = 1) and Nager syndrome (n = 1). Seven (54%) children underwent bilateral canal wall down mastoidectomies. All thirteen ears that could not be visualized preoperatively had improved ease of office examination following surgery. Only one patient required revision surgery and all canals were patent at the last clinic visit. The mean follow-up was 4.9 years. There were no cases of facial nerve injury or cerebrospinal fluid leak.",Acanthotopygic canal walls appear to have little effect on the outcome of these patients but may improve their quality of life by reducing pain and improving hearing.,
10792157,Are dedicated bladder films necessary as part of intravenous urography for haematuria?,"To determine the use and assess the value of full-bladder films during intravenous urography (IVU) which, despite the widespread availability of flexible cystoscopy, remain part of IVU in many radiology departments. Materials and methods A telephone survey of all Scottish radiology departments where IVU is regularly used showed that half routinely included a full-bladder film in the series. The reports of all IVU over 2 years in the authors' department were analysed retrospectively. The index urogram of all patients with bladder tumours confirmed during this period was reviewed independently by three observers, and together with the initial radiological reports was correlated with the cystoscopic and histological findings. From 2625 patients, 139 (5.2%) IVU reports commented on the bladder; 1423 patients presented with no haematuria. None of the patients without haematuria, where a comment was made about the bladder, had pathological evidence of a tumour. Overall 121 of 464 (26%) new bladder tumours were diagnosed on IVU before cystoscopy. Multiple tumours were always undetected and large tumours were often overlooked.","Full-bladder imaging has become an essential component of routine IVU but its role should not be underestimated. It may help identify small or slow-growing lesions which would otherwise have been missed by cystoscopically guided biopsy. However, it does not replace other techniques such as CT scanning or laparotomy when required.",
26276075,Mechanical thrombectomy with the Trevo ProVue device in ischemic stroke patients: does improved visibility translate into a clinical benefit?,"To investigate the efficacy and safety of the Trevo ProVue (TPV) stent retriever in stroke patients with large artery occlusions, with particular attention to the full structural radiopacity of the TPV. Case files and images of TPV treatments were reviewed for clinical and technical outcome data, including revascularization rates, device and procedure related complications, and outcome at discharge and after 90 days. 76 patients were treated with TPV. Mean National Institutes of Health Stroke Scale (NIHSS) score was 18 and 68% had additional intravenous thrombolysis. 63 occlusions were in the anterior circulation: 44 M1 (58%), 8 M2 (11%), 8 internal carotid artery-terminus (11%), 2 internal carotid artery- left (3%), 1 A2 (1%), and 13 vertebrobasilar (17%). 58 of 76 (76%) were solely treated with TPV; the remainder were treated with additional stent retrievers. Mean number of passes in TPV only cases was 2.2 (SD 1.2). In rescue cases, 3.2 (SD 2.2) passes were attempted with the TPV followed by 2.6 rescue device passes (SD 2). TPV related adverse events occurred in 4/76 cases (5%) and procedural events in 6/76 cases (8%). Mean procedural duration was 64 min (SD 42). Thrombolysis in Cerebral Infarction (TICI) 2b/3 recanalization was achieved in 69/76 patients (91%), including 50% TICI 3. Of 56 survivors (74%), 37 (49%) showed a favorable outcome at 90 days (Solitaire With the Intention for Thrombectomy trial criteria), statistically associated with age, baseline NIHSS, onset to revascularization time, and TICI 2b-3 reperfusion. TPV radiopacity allowed for visual feedback, changing the methodology of stent retriever use in 44/76 cases (58%).",The TrevoProVue is an effective tool when used correctly as part of a comprehensive treatment plan. It may be useful in other situations where there is no available alternative.,
18472073,AMS 800 artificial urinary sphincter implantation: can the penoscrotal approach constitute an alternative to the perineal approach?,"To compare the short-term results of penoscrotal and perineal artificial urinary sphincter implantation. From May 2005 to February 2007, 37 artificial urinary sphincters were implanted successively, via a penoscrotal approach in 16 cases and via a perineal approach in 21 cases. Incontinence was secondary to prostate surgery (n=36) and pelvic trauma (n=1). Seventeen patients had a history of external beam radiotherapy. The times and modalities of activation of the sphincter were identical in the two groups. The mean age of the patients, the mean operating time, the mean catheterization duration, the mean hospital stay and the mean postoperative follow-up were equivalent in the two groups. Six urethral erosions (37.5%) and one scrotal erosion due to the pump (6.6%) were observed in the penoscrotal group and infection of the sphincter in two patients (9.5%) and pump migration in another two patients (9.5%), but no urethral erosions were observed in the perineal group. The success rate without revision was 56% in the penoscrotal group and 71.5% in the perineal group.",The penoscotural approach seems to be safe when performed by experienced surgeons with good experience in performing this procedure. It may therefore become an option for those who prefer not to undergo a major operation or whose condition does not permit it.,
24861190,Variation in small bowel length: factor in achieving total enteroscopy?,"Estimation of small bowel length is of interest following the recent development of device-assisted enteroscopy. This new technology allows access to the deep small bowel, but rates of examination of the entire small bowel (total enteroscopy) differ between study populations. Variation in small bowel length could factor into this observed irregularity in total enteroscopy rates. Medical literature contains limited information regarding small bowel length in living patients and conflicting data regarding small bowel length and its relationship to height and weight. We carried out small bowel measurements on surgical patients to further define the total length of the small bowel and its relationship to height, weight and body mass index (BMI). Measurement of ileojejunal length on 91 surgical patients undergoing laparotomy for routine indications. Demographic data were collected for each subject, including height, weight and BMI. Small bowel length was found to vary widely between individuals (average 998.52 cm, range 630-1510 cm). Linear regression analysis demonstrated a statistically significant relationship between small bowel length and height (regression coefficient = 0.0561, P-value = 0.0238). A linear relationship between small bowel length and weight or BMI was not observed.",Our results suggest that there may be an association between small intestinal length and body composition. Further studies should investigate whether these findings can be used as an indicator of potential complications during laparoscopic surgery.,
25273971,Can high-friction intraannular material increase screw pullout strength in osteoporotic bone?,"Osteoporotic bone brings unique challenges to orthopaedic surgery, including a higher likelihood of problematic screw stripping in cancellous bone. Currently, there are limited options to satisfactorily repair stripped screws. Additionally, nonstripped screws hold with less purchase in osteoporotic bone.QUESTIONS/ This study attempts to answer the following questions: (1) Does high-friction intraannular (HFIA) augmentation increase pullout strength in osteoporotic and in severely osteoporotic bone; and (2) can HFIA repair stripped bone thread in osteoporotic and severely osteoporotic bone? We measured screw pullout strength using a synthetic bone model in three groups: (1) predrilled nonstripped control holes as controls; (2) predrilled nonstripped augmented with HFIA; and (3) predrilled stripped holes repaired with HFIA. We tested this in osteoporotic and severely osteoporotic synthetic bone for a total of six test groups. We measured screw pullout force using an electromechanical tensile-testing machine comparing pullout force between the test groups and controls. HFIA augmentation did not increase pullout force compared with the control group in the osteoporotic bone model (489 ± 175 versus 607 ± 76, respectively; effect size = 0.94 [95% confidence interval {CI}, -1.75 to 0.08], p = 0.06). However, in severely osteoporotic cancellous bone that was augmented, the HFIA material generated more pullout force than the control (51 ± 18 versus 35 ± 16, respectively; effect size = 0.94 [95% CI, -0.02 to 1.82], p = 0.05). In stripped holes, HFIA partially restored pullout strength but remained weaker than controls in both osteoporotic and severely osteoporotic bone models (osteoporotic: 320 ± 59 versus 607 ± 76, respectively; effect size = -4.28 [95% CI, -5.57 to -2.51], p<0.001; severely osteoporotic: 21 ± 8 versus 35 ± 16, respectively; effect size = -1.13 [95% CI, -2.0 to 0.12], p = 0.027).",High-impact frictions may be useful when repairing stripped screws in osteoporosis or severe osteoporosis.,
16978076,Can the clinical pulmonary infection score impact ICU antibiotic days?,"The Clinical Pulmonary Infection Score (CPIS) has been used in the intensive care unit (ICU) as a decision tool for initiation of antibiotics in suspected pneumonia and also for discontinuing antibiotics if the CPIS score is<or=6 on day three of therapy, but it is not in common clinical use. We sought to determine if application of a CPIS score<or=6 at three days could reduce antibiotic use and if a blinded committee would have a greater percentage of patients with CPIS>6 on day one receiving antibiotics empirically for pneumonia. Over 11 months, we evaluated empiric antibiotics prospectively in two ICUs of a large tertiary university teaching hospital. A pneumonia committee (PC) reviewed all patients and defined pneumonia according to the guidelines of the U.S. Centers for Disease Control and Prevention (CDC). The CPIS was calculated for all patients at day one and day three of antibiotic therapy. The percentage of patients with a CPIS<or=6 was compared for the ICU and PC, and the total antibiotic days potentially saved by using CPIS<or=6 as the criterion for treatment were determined. Receiver operating characteristic (ROC) curves and inter-observer reliability were determined. Three hundred twelve patients received empiric antibiotics, 83 of whom were believed to have pneumonia by the ICU staff (2,283 antibiotic days). On day one, the 55 patients started on antibiotics had a CPIS<or=6, with 1,460 antibiotic-days, and only 28 patients had a CPIS>6 (823 antibiotic-days). In contrast, the PC determined 19 patients (23%) to have pneumonia by the CDC definition (731 antibiotic-days), with eight of these patients having a CPIS<or=6 and 11 a CPIS>6. Pneumonia committee review resulted in fewer patients believed to have pneumonia and a greater percentage with a CPIS>6 (odds ratio [OR] 2.7; 95% confidence interval [CI]0.86, 8.6; p=0.05). Restriction of antibiotics to patients with a CPIS>6 would have saved 1,460 antibiotic-days at day one and 1,053 days if treatment was delayed until day three. Clinical Pulmonary Infection Score ROC curves for the PC showed an area under the curve (AUC) of 0.82 (95% CI 0.72, 0.91), whereas the AUC for the ICU group was 0.85 (95% CI 0.79, 0.92). The sensitivity and specificity of a CPIS>6 for the PC were 79% and 75%, respectively, with correct prediction 76% of the time. The inter-observer reliability of the CPIS had a kappa value of 0.88.",Application of the clinical pulmonics infection score may help reduce antibiotic usage while still allowing timely diagnosis of pneumonia.,
21211687,Catheter ablation for atrial fibrillation: are results maintained at 5 years of follow-up?,"This study describes 5-year follow-up results of catheter ablation for atrial fibrillation (AF). Long-term efficacy following catheter ablation of AF remains unknown. A total of 100 patients (86 men, 14 women), age 55.7 ± 9.6 years, referred to our center for a first AF ablation (63% paroxysmal; 3.5 ± 1.4 prior ineffective antiarrhythmic agents) were followed for 5 years. Complete success was defined as absence of any AF or atrial tachycardia recurrence (clinical or by 24-h Holter monitoring) lasting ≥ 30 s. Arrhythmia-free survival rates after a single catheter ablation procedure were 40%, 37%, and 29% at 1, 2, and 5 years, respectively, with most recurrences over the first 6 months. Patients with long-standing persistent AF experienced a higher recurrence rate than those with paroxysmal or persistent forms (hazard ratio [HR]: 1.9, 95% confidence interval [CI]: 1.0 to 3.5; p = 0.0462). In all, 175 procedures were performed, with a median of 2 per patient. Arrhythmia-free survival following the last catheter ablation procedure was 87%, 81%, and 63% at 1, 2, and 5 years, respectively. Valvular heart disease (HR: 6.0, 95% CI: 2.0 to 17.6; p = 0.0012) and nonischemic dilated cardiomyopathy (HR: 34.0, 95% CI: 6.3 to 182.1; p<0.0001) independently predicted recurrences. Major complications (cardiac tamponade requiring drainage) occurred in 3 patients (3%).","Catheter ablations remain effective for treating AF when used judiciously. However, there is an increased risk of recurrent arrhythmias among patients who have had previous episodes of AF. This may be due to changes in cardiac structure caused by treatment or other factors not yet understood.",
15535942,Legionnaires' disease and HIV infection: an opportunistic infection?,"Legionella infections are not frequent in HIV-infected patients, although clinical manifestations and outcome are particularly severe in this subset. This manuscript analyzes the clinical features and immunological situation of HIV-infected patients with Legionnaires' disease (LD). The clinical files of HIV-infected patients diagnosed with LD from 1983 to December 2003 were reviewed. The incidence of hospital-acquired Legionella pneumonia (HALP) from 1997-2000 in HIV-infected patients was compared with that of non infected patients. Eighteen patients were included. 72.2% were diagnosed by the Legionella urinary antigen assay. The incidence of HALP in HIV-infected and non infected patients was 0.3 and 0.25/1000 admissions/year, respectively (p = 0.42). 83.3% received appropriate antibiotic treatment at the Emergency department. The mean lymphocyte CD4 count was 348.1/microl, 53.8% had an undetectable viral load and 64.7% were on antiretroviral therapy. 72.2% were smokers, 38.8% had cancer and 16.7% were on chemotherapy. 93.8% had cough, 75% dyspnea, 62.5% extrarespiratory symptoms, 76.5% increased AST, 50% increased CK and 56.3% hyponatremia. Moreover, 50% developed bilateral pulmonary infiltrates, 83.3% respiratory failure and 22.2% died.",HIV infection does not increase the risk for developing Legionnaire's Disease but it can lead to more serious complications such as lung injury or death.,
10047640,Endothelin and von Willebrand factor as parameters of endothelial function in idiopathic dilated cardiomyopathy: different stimuli for release before and after heart transplantation?,"Congestive heart failure (CHF) and heart transplantation (HTX) are characterized by endothelial dysfunction as indicated by elevation of markers of endothelial function, including endothelin and von Willebrand factor (vWF). However, previous studies included both patients with idiopathic dilated cardiomyopathy and ischemic heart disease; the latter condition shows endothelial dysfunction, per se. The 2 endothelial factors have different origin and may provide different information about endothelial dysfunction in CHF and after HTX caused by idiopathic dilated cardiomyopathy. We investigated plasma endothelin and vWF, the relation between these 2 factors, and determinants of endothelin and vWF plasma levels in 32 healthy controls, 25 patients with CHF, and 22 patients who had HTX; both conditions were caused by idiopathic dilated cardiomyopathy. Plasma endothelin was elevated in CHF (6.8 +/- 3.4 pg/mL) and after HTX (6.1 +/- 2.1) compared with healthy controls (4.0 +/- 1.0, P<.0001 for both). VWF was also elevated in CHF (1.6 +/- 0.6 U/mL) and after HTX (2.6 +/- 1.0) compared with healthy controls (1.0 +/- 0.5, P<.0001 for both). VWF was increased after HTX compared with CHF (P<.001), in contrast to similar endothelin levels in CHF and after HTX. Plasma endothelin and vWF correlated in both CHF (r = 0.65, P<.001) and HTX (r = 0.66, P<. 001) but not in controls. In CHF, New York Heart Association functional class was an independent determinant of vWF (P<.0001) and furosemide dose of endothelin (P<.0001). In cardiac transplant recipients, plasma albumin was an independent determinant of vWF (P<.01), and plasma sodium and furosemide dose were independent determinants of endothelin (P<.01).",In this study we found that both endothelins and vWf increase during chronic heart failure and after cardiac transplantation due to activation of the vascular wall by inflammatory mediators. These findings suggest that these two factors can be used as indicators of endothelium-dependent vasodilatory responses following acute or chronic insults.,
19190009,Sentinel lymph node biopsy in patients with a needle core biopsy diagnosis of ductal carcinoma in situ: is it justified?,"The incidence of ductal carcinoma in situ (DCIS) has increased markedly with the introduction of population-based mammographic screening. DCIS is usually diagnosed non-operatively. Although sentinel lymph node biopsy (SNB) has become the standard of care for patients with invasive breast carcinoma, its use in patients with DCIS is controversial.AIM: To examine the justification for offering SNB at the time of primary surgery to patients with a needle core biopsy (NCB) diagnosis of DCIS. A retrospective analysis was performed of 145 patients with an NCB diagnosis of DCIS who had SNB performed at the time of primary surgery. The study focused on rates of SNB positivity and underestimation of invasive carcinoma by NCB, and sought to identify factors that might predict the presence of invasive carcinoma in the excision specimen. 7/145 patients (4.8%) had a positive sentinel lymph node, four macrometastases and three micrometastases. 6/7 patients had invasive carcinoma in the final excision specimen. 55/145 patients (37.9%) with an NCB diagnosis of DCIS had invasive carcinoma in the excision specimen. The median invasive tumour size was 6 mm. A radiological mass and areas of invasion<1 mm, amounting to ""at least microinvasion"" on NCB were predictive of invasive carcinoma in the excision specimen.",SNBs should be offered as part of routine surgical procedure when there is any doubt about the nature of the lesion or if there is suspicion that it may have spread beyond the boundaries of the original tumor site.,
25008105,Are users' most recent drug purchases representative?,"Various surveys now ask respondents to describe their most recent purchase of illicit drugs, as one mechanism through which market size can be estimated. This raises the question of whether issues surrounding the timing of survey administration might make a sample of most recent purchases differ from a random sample of all purchases. We investigate these issues through a series of questions which ask about the three most recent purchases, and about drug use. Data were drawn from 688 respondents in the Melbourne Injecting Drug User Cohort Study across the period 2008-2013 and 2782 respondents to the Washington Cannabis Consumption Study in 2013. Responses to questions about the most recent purchases were compared to larger subsets of all recent purchases. For heroin, methamphetamine and cannabis no differences were found between the amount spent by participants on their most recent purchase and the average amount spent on three or more recent purchases. There were also no differences concerning the locations and types of deals, and the duration between consecutive cannabis purchases was the same for first and second most recent, and second and third most recent.","Users do not appear to have different perceptions regarding how often they buy drugs than those who have been consuming them regularly over time. However, it is possible that some individuals may perceive their most recently purchased substance as being less harmful than others due to previous experiences with it. Further studies should explore this further.",
25632056,Does Primary Hip Arthroscopy Result in Improved Clinical Outcomes?,"Hip arthroscopy has gained increasing popularity over the past decade. The need to develop metrics to evaluate success and complications in primary hip arthroscopy is an important goal. To evaluate 2-year patient-related outcome (PRO) scores and patient satisfaction scores for a single surgeon at a high-volume referral center for all primary hip arthroscopy procedures performed. Case series; Level of evidence, 4. During the study period between April 2008 and October 2011, data were collected on all patients who underwent primary hip arthroscopy. All patients were assessed pre- and postoperatively with 4 PRO measures: the modified Harris Hip Score (mHHS), Non-Arthritic Hip Score (NAHS), Hip Outcome Score-Activities of Daily Living (HOS-ADL), and Hip Outcome Score-Sport-Specific Subscale (HOS-SSS). Pain was estimated on the visual analog scale (VAS), and satisfaction was measured on a scale from 0 to 10. The number of patients who underwent revision arthroscopy, total hip arthroplasty (THA), or a resurfacing procedure during the study period was also reported. A total of 595 patients were included in the study. The score improvement from preoperative to 2-year follow-up was 61.29 to 82.02 for mHHS, 62.79 to 83.05 for HOS-ADL, 40.96 to 70.07 for HOS-SSS, 57.97 to 80.41 for NAHS, and 5.86 to 2.97 for VAS. All scores were statistically significantly different (P<.0001). Overall patient satisfaction was 7.86 ± 2.3 (range, 1-10). Forty-seven (7.7%) patients underwent revision hip arthroscopy, and 54 (9.1%) patients underwent either THA or the hip resurfacing procedure during the study period. The multivariate regression analysis showed that increased age at time of surgery was a significant risk factor for conversion to THA, revision arthroscopy, and change in NAHS<10 points. Acute injury, acetabuloplasty, iliopsoas release, and patient sex were significant for 2 of these 3 types of failure.","Primary hip arthoscopy can lead to improved clinical outcomes compared with conventional open techniques. However, there may be some limitations associated with this approach.",
17941009,Is resection of periampullary or pancreatic adenocarcinoma with synchronous hepatic metastasis justified?,"To date, no consensus has been reached regarding which primary tumor subtypes are managed appropriately with hepatic metastectomy. Specifically, the role of hepatic resection for metastatic periampullary or pancreatic adenocarcinoma remains controversial. Between 1995 and 2005, 1563 patients underwent surgical resection for periampullary carcinoma (n=608 patients) or pancreatic adenocarcinoma (head, n=905 patients; tail, n=50 patients). Data on demographics, operative details, primary tumor status, and-when indicated-extent of hepatic metastasis were collected. Of the 1563 patients who underwent resection of periampullary or pancreatic adenocarcinoma, 22 patients (1.4%) underwent simultaneous hepatic resection for synchronous liver metastasis. The primary tumor site was ampullary (n=1 patient ), duodenal (n=2 patients), distal bile duct (n=2 patients), or pancreas (head, n=10 patients; tail, n=7 patients). The majority of patients (86.4%) had a solitary hepatic metastasis, and the median size of the largest lesion was 0.6 cm. Hepatic metastectomy included wedge resection (n=20 patients), segmentectomy (n=1 patient), and hemihepatectomy (n=1 patient). After matching patients on primary tumor histology and location, the median survival of patients who underwent hepatic resection of synchronous metastasis was 5.9 months compared with 5.6 months for patients who underwent palliative bypass alone (P=.46) and 14.2 months for patients with no metastatic disease who underwent primary tumor resection only (P<.001). Pancreatic (median, 5.9 months) versus nonpancreatic (median, 9.9 months) primary tumor histology was not associated with a difference in survival in patients who underwent resection of synchronous liver metastasis (P=.43).",Synchronous hepatic lesions may be present in most cases of periapical or pancreatic cancer but do not necessarily require hepatic removal as part of their treatment plan. Repeated hepatic dissections appear unnecessary when there is no known distant spread to other organs.,
26244646,Prevention in dangerous industries: does safety certification prevent tree-faller injuries?,"The aim of this study was to evaluate if safety certification reduces the risk of work injury among experienced manual tree-fallers. This study used a retrospective cohort study design. Experienced manual tree-fallers employed in the Canadian province of British Columbia (N=3251) between 2003-2008 were enumerated from a mandatory faller registry. Registry records with demographic and certification data were linked to workers' compensation claims for injury outcomes. Data were analyzed using discrete time survival analysis over a two-year period, centered on certification date with pre- and post-certification demarcated into four three-month periods. Models were adjusted for demographic, occupation/industry, previous injury, and seasonal/temporal effects. The relative risk (RR) of work injury during the post certification periods were elevated in comparison to the pre-certification reference period, but the 95% confidence intervals included ""1"" for all estimates by the end of follow-up, suggesting no statistically significant increased risk of injury. Results were consistent across different outcome measures of acute injury (ie, fracture or amputations) (N=186), musculoskeletal injury (ie, back strain) (N=137), and serious injury claims (ie, long duration, high cost and/or fatal) (N=155).","Safety certification did not appear to reduce the incidence of workplace accidents among experienced tree feller workers. However, it may have contributed to earlier detection of potential hazards that could have been addressed through training programs. Further studies should investigate whether such interventions can be implemented effectively within existing regulatory frameworks.",
23228377,Are GP patients' needs being met?,"This study aims to assess unfulfilled information needs of native-Dutch and Turkish-Dutch general practitioner (GP) patients in the Netherlands. In addition, the relation between perceived and recorded information provision by GPs is studied. Unfulfilled information needs of native-Dutch (N=117) and Turkish-Dutch patients (N=74) were assessed through pre- and post-consultation questionnaires. Audiotapes of GP consultations were made to code GPs' information provision. Turkish-Dutch patients experience more unfulfilled information needs than native-Dutch patients, in particular those who identify equally with Dutch and Turkish culture. Overall, perceived information provision is hardly related to recorded information provision.",GPs should provide more information about their practice so that they can meet all patient's needs. This will help improve patient satisfaction and reduce healthcare costs.,
9567392,Twelve-year trends of hip fracture rates in Chile. Is there a relationship between their increase and population aging?,"Epidemiology of osteoporosis is assessed measuring bone density or measuring the rates of bone frailty-related fracture rates. Of these, the most important are hip fractures, that markedly increase after 65 years of age.AIM: To measure the incidence of hip fractures in Chile from 1982 to 1993. All hospital discharges that occurred in Chile from 1982 to 1993 were analyzed, looking for the diagnosis of hip fracture. National censuses in the same period were also analyzed searching for possible changes in the age structure of the population. Fracture rates were analyzed for three age groups, and changes along the years were calculated correlating the rates with the number of the year. In the twelve year period, women aged 55-64 years old had a correlation of 0.32 (NS), women aged 65-74 years old had a correlation of 0.58 (NS) and women aged over 75 years old had a correlation of 0.95 (p<0.001). This age group corresponded to 2.01% of the whole population in 1982 and to 2.52% in 1993. The mean age of the group increased from 80.7 to 80.9 years in the same lapse.",The rate of hip-fractures has been increasing since the beginning of this century. It seems likely that this trend will continue as more people live into older ages.,
12501952,Do static or dynamic AFOs improve balance?,"To verify if partial or total limitation of degrees of freedom at ankle joints could help patients with balance disorders in standing and walking. A cross-over design was chosen. Patients with multiple sclerosis (MS) were tested in three experimental conditions: barefooted, wearing ankle foot orthoses (AFOs), and wearing AFOs that allowed plantar flexion. Neurorehabilitation unit in a rehabilitation centre. Fourteen patients suffering from MS with mild strength problems and balance disorders that required them to use walking aids outside. Tests inferring static and dynamic skills were carried out in the three experimental conditions described above. Improvements were obtained in static balance tests especially wearing dynamic AFOs; the number of patients who were able to pass tasks on balance in upright position such as 'standing with feet together, head extended' increased from three to nine. Dynamic balance was impaired especially with static AFOs; the time spent walking 10 metres with these orthoses increased by 172% with respect to barefoot; less difference (113%) has been reported wearing dynamic AFOs.",Static AFO's can be used as an aid for improving balance but not so much when it comes to dynamic movements like walking.,
25791779,Are asthmatics enrolled in randomized trials representative of real-life outpatients?,"This study was aimed at exploring to what extent populations enrolled in randomized controlled trials (RCTs) of inhalation combination treatment for mild/moderate asthma in adults are fully representative of 'real-life' populations. The following is a retrospective analysis of the clinical records of outpatient subjects with an ascertained diagnosis of asthma. A retrospective analysis was performed. Stable conditions, such as smoking habit and chronic diseases other than asthma, were identified as exclusion criteria for RCTs. The selected criteria were then applied to asthmatic outpatients, yielding a population that was potentially eligible for RCTs. Out of 1,909 subjects, 824 (43.2%) met at least one of the exclusion criteria for RCTs. Cigarette smoking (occurring in 34.3% of the entire population), lung diseases other than asthma (5.0%), anxiety and depression (3.3%), arrhythmias (2.3%), and coronary artery disease (1.2%) would have been the most frequent causes for exclusion from RCTs. The proportion of patients excluded from RCTs appears to increase with age, reaching 57.1% in patients aged>85 years.",The results suggest that there may be some limitations regarding the representativeness of the sample used in RCT studies conducted on asthmats. Further studies should include more detailed information about the underlying medical condition(s).,
27125601,Multiple repeat caesarean deliveries: do they increase maternal and neonatal morbidity?,"The aim of the present study is to evaluate the effects of the increased number of caesarean deliveries (CDs) in cases of multiple repeat caesarean deliveries (MRCDs) on maternal and neonatal morbidity. MRCDs admitted to our hospital between January 2013 and September 2014 were analysed retrospectively. A total number of 1133 women were included in the study and were divided into 4 groups. Group 1: second CDs (n = 329); Group 2: third CDs (n = 225); Group 3: fourth CDs (n = 447); Group 4: fifth CDs (n = 132). The clinical, demographic, intraoperative and postoperative data of the patients were registered upon the review of patient files. The differences among the groups were found to be statistically significant in terms of mean maternal age, gravida, APGAR (Activity, Pulse, Grimace, Appearance, Respiration) scores, hospital stay and operation time. In addition, the difference was also statistically significant for severe adhesion, bladder injury and premature birth. No statistically significant difference was observed among the groups with respect to placenta previa, placenta accreta, caesarean hysterectomy, uterine scar rupture.","Multiple CD's may lead to higher rates of complications such as sepsis, infection, hemorrhage, shock, hypoxemia, respiratory distress syndrome, pneumonia, acute renal failure, thrombosis, coagulopathy, anemia, hypertension, diabetes mellitus, osteoporosis, infertility or ectopic pregnancy. Therefore, it seems advisable that these procedures should not be performed more than once every three years.",
18681836,Can neonatal myasthenia gravis be predicted?,"The prospective study involved pregnant women with MG and their newborns delivered in our center throughout the nine-year period. The study included 16 newborns with NMG and 33 healthy newborns without symptoms of NMG. Their outcome was evaluated in relation to the duration of the illness (<5, 5-10,>10 years) and maternal therapy (no therapy, mestinon, corticosteroid, or combination of the two). The duration of maternal illness and type of therapy were not predictive of neonatal outcomes (P=0.159, and P=0.578, respectively).",Neonatal Myasthenie Graviatlas can occur even if there is no history of it before birth. Maternal treatment should be avoided unless necessary for other reasons such as pregnancy complications.,
21271350,Perforated left-sided diverticulitis with faecal peritonitis: is the Hinchey classification the best guide for surgical decision making?,"Although the Hinchey scoring system has guided surgical decision making for perforated diverticulitis, what constitutes optimal surgical management is controversial. We report our experience of selective primary closure of the perforation without use of a transverse colostomy and the specific circumstances in which this may be safe. All cases of perforated diverticular disease of the sigmoid colon with Hinchey grade IV (faecal) peritonitis seen over a 4-year period from one surgical unit were reviewed. Primary closure without a diverting stoma was performed in six of the eight patients studied since the bowel was deemed healthy, and resection and primary end-to-end anastomosis were performed in the other two patients because there was associated scarring and stricture formation distally. In the primary closure patients, the site of the perforation was dissected and closed with attendant omentoplasty and a meticulous peritoneal toilet. In one of these cases, a diverting stoma was later fashioned after the patient developed a short-lived faecal fistula.",The Hinchney grading system does not provide sufficient information about whether surgery should be performed or not. The choice between primary closure and diversion depends on the size and location of the lesion as well as its clinical significance. If it is small enough to allow complete removal by laparotomy then primary closure can be considered but if it extends beyond the limits of the abdominal cavity then a divertative approach should be taken.,
26080202,"Is There a Relationship Between Optic Canal, Foramen Rotundum, and Vidian Canal?","In this retrospective study, we investigated the relationship between paranasal sinus, optic canal, foramen rotundum, and vidian canal measurements. Computed tomographic (CT) images of 320 adult subjects and 640 sides (right and left) were used. Paranasal sinus dimensions, optic canal (OC), foramen rotundum (FR), vidian canal (VC), bilateral FR (FRFR), bilateral vidian canal (VCVC), VC-foramen rotundum (VCFR), and VC-optic canal (VCOC) distances were measured. Right VCFR (6.06 mm), and right and left VCOC values (20.34 and 20.31 mm) of the males were significantly higher than those of the females (5.50, 18.91, and 18.80 mm, respectively). Foramen rotundum, OC, and VC values were positively correlated with each other. There was also positive correlation between FR width and maxillary sinus height. Increase of OC width was related to increase in FR width and area, VCVC distance; and decrease in maxillary sinus width. There was positive correlation between FRFR, VCVC, VCFR, and VCOC distance values. There was negative correlation between VC width and area; VCVC, VCFR, and VCOC distance; and maxillary sinus, ethmoid sinus, and sphenoid sinus measurement values. As these sinuses pneumatized more, VC width and area values decreased.",The results suggest that there may be an association between these three structures. Further studies should investigate whether these structures contribute to the development or progression of dental diseases such as periodontitis.,
19929924,Do we need an 'in-house' neutralization assay for confirmation of hepatitis B surface antigen?,"Hepatitis B surface antigen (HBsAg) is an important serological marker for diagnosis of hepatitis B virus (HBV) infection. Commercial kits for detection of HBsAg emphasize confirmation by neutralization assays. In this study, we have standardized an 'in-house' neutralization test for HBsAg confirmation. Among 6684 HBsAg-positive samples, 615 were subjected to an 'in-house' HBsAg neutralization test (NT). Of these, 91 (100%) high-reactive samples (optical density [OD] 1.000-3.000) and 286 (93%) of 289 low-reactive samples (OD<1.000) were neutralized, and 235 (100%) grey-zone reactive samples were 'in-house' NT negative. Eighty-four samples of varying reactivities that were tested by the 'in-house' NT were compared with a commercial NT (AxSYM, Abbott). The 'in-house' NT showed an excellent agreement (kappa = 0.83, P<0.001) with the commercial confirmatory assay. The sensitivity, specificity, positive and negative predictive values were 90%, 94%, 96% and 87%, respectively.",The 'inhouse' NT provides reliable results when used as part of routine diagnostic procedures. It may be useful in situations where there is no available commercial kit or if it is difficult to obtain one due to lack of resources.,
10096265,Does short-term treatment with modafinil affect blood pressure in patients with obstructive sleep apnea?,"To investigate the effects of modafinil, a central nonamphetamine awakening substance, on blood pressure and heart rate in hypersomnolent patients with obstructive sleep apnea. This double-blind, randomized, placebo-controlled crossover trial was performed over 2 days and 3 nights in a single-center study of hospitalized patients from a referred care center. Twenty-six otherwise healthy men (age range, 30 to 60 years) with mild to moderate obstructive sleep apnea were recruited by the outpatient department of the Marburg University Sleep Laboratory. Patients were given 200 mg oral modafinil in the morning and 100 mg at midday. Placebo was given in the same manner in a crossover design. Mean arterial (radial) blood pressure was monitored continuously during nocturnal sleep and during a series of standardized daytime physical and psychologic performance tests. The difference in the main end point between the treatment with modafinil and placebo was 1.17+/-0.83 (mean +/- SE) mm Hg (95% confidence interval: -0.56 to 2.91 mm Hg). The maximal differences in blood pressure values occurred under loaded conditions (systolic blood pressure, ergometry: 5.62+/-1.13 mm Hg; mental stress test: 6.19+/-1.33 mm Hg).",Short-term administration of modiflunet did not significantly increase mean arterial blood pressure but resulted in an improvement in psychological functioning as measured by the Hamilton Rating Scale for Anxiety or Depression. These findings suggest that modiflin may be useful as an adjunct therapy for treating hypertension associated with sleep disorders.,
18040109,Occipitocervical contoured rod stabilization: does it still have a role amidst the modern stabilization techniques?,"The occipitocervical contoured rod (CR) stabilization for use in craniovertebral junction (CVJ) pathologies is an effective and economical technique of posterior fusion (PF). The various indications for CR in CVJ pathologies are discussed. Retrospective analysis. Fifty-four patients (mean age: 31.02+/-13.44 years; male: female ratio=5.75:1) who underwent CR stabilization are included. The majority had congenital atlantoaxial dislocation (AAD; n=50); two had CVJ tuberculosis; one each had rheumatoid arthritis and C2-3 listhesis, respectively. The indications for CR fusion in congenital AAD were associated Chiari 1 malformation (C1M) (n=29); occipitalized C1 arch and/or malformed or deficient C1 or C2 posterior elements (n=9); hypermobile AAD (n=2); and, rotatory AAD (n=3). Contoured rod as a revision procedure was also performed in seven patients. Most patients were in poor grade (18 in Grade III [partial dependence for daily needs] and 15 in Grade IV [total dependence]); 15 patients were in Grade II [independent except for minor deficits] and six in Grade I [no weakness except hyperreflexia or neck pain]. Twenty-four patients improved, 18 stabilized and six deteriorated at a mean follow-up (FU) of 17.78+/-19.75 (2-84) months. Six patients were lost to FU. In 37 patients with a FU of at least three months, stability and bony union could be assessed. Thirty-one of them achieved a bony fusion/stable construct.","In our series, CR stabilization remains an important tool when needed but should not replace other methods such as PF or surgical correction if possible.",
23800674,Does skeletal surgery for asymmetric mandibular prognathism influence the soft tissue contour and thickness?,"The purpose of the present study was to investigate whether asymmetric mandibular prognathism accompanies a fundamental difference in soft tissue thickness and whether asymmetric mandibular setback surgery would influence the contour and thickness of the soft tissue of the chin. The present retrospective study included skeletal class III patients with significant mandibular chin deviation greater than 6 mm at the pogonion, who had undergone cone-beam computed tomography before and 6 months after surgery during a 2-year period. The predictor variables were timing (pre- and postoperatively) and side (asymmetric vs contralateral). The outcome measures were the hard and soft tissue contours and soft tissue thickness of the chin at the infradentale, B-point, and pogonion level evaluated with reformatted computed tomography images. The study variables were statistically compared using regression model and correlation analysis. The present study consisted of 20 patients (10 males and 10 females; average age 20.2 years; range, 18 to 25). Preoperatively, the chin deviation side showed a more prominent hard and soft tissue outline but had a thinner soft tissue thickness, which camouflaged the hard tissue asymmetry. After surgery, the hard and soft tissue outline was greatly improved, and the soft tissue thickness had become nearly symmetric. Most of the soft tissue thickness changes correlated negatively with the hard tissue changes.","Skeletal surgery can be performed safely without affecting the shape or size of the jaw's soft tissues. However, it may not always improve the appearance of the face due to its impact on the overall body image. Further studies should evaluate this relationship further.",
24393075,Does radiographic arthrosis correlate with cartilage pathology in Labrador Retrievers affected by medial coronoid process disease?,"To compare radiographic elbow arthrosis with arthroscopic cartilage pathology in Labrador retrievers with elbow osteoarthritis secondary to medial coronoid process (MCP) disease. Retrospective epidemiological study. Labrador retrievers (n = 317; 592 elbow joints). Data were collected retrospectively (June 2007-June 2011) to identify Labrador retrievers with thoracic limb lameness and elbow pain, a complete set of elbow radiographs, and a comprehensive arthroscopic surgery report. Each radiograph was scored for osteophytosis on the anconeal process and ulnar subtrochlear sclerosis using a modification of the International Elbow Working Group (IEWG) scoring system. Elbows affected by traumatic MCP fracture, humeral condylar osteochondrosis, or ununited anconeal process were excluded. The arthroscopic report was used to generate a composite cartilage score (CCS; 0 = normal, 1 = mild, 2 = moderate, 3 = severe) for each elbow joint. Ordinal regression analysis was performed to test the relationship between radiographic arthrosis score and CCS. There was a significant relationship between radiographic elbow arthrosis and CCS (P < .001). Elbows with a higher radiographic score were significantly more likely to have a higher CCS than elbows with a lower radiographic score. For every month increase in age, the odds of having a higher CCS increased by 0.016 (1.6%).","Radiographic assessment can be useful as part of a diagnostic tool when evaluating patients with suspected arthropathies involving the MCP region. However, it does not appear that this method is helpful in identifying those who will develop severe arthritis over time.",
25689064,Scoliosis related information on the internet in China: can patients benefit from this information?,"There has been an increasing popularity of searching health related information online in recent years. Despite that considerable amount of scoliosis patients have shown interest in obtaining scoliosis information through Internet, previous studies have demonstrated poor quality of online information. However, this conclusion may vary depending on region and culture. Since China has a restricted Internet access outside of its borders, the aim of this study is to evaluate the quality of scoliosis information available online using recognized scoring systems and to analyze the Internet as a source of health information in China. A survey-based questionnaire was distributed to 280 respondents at outpatient clinics. Information on demographics and Internet use was collected. Binary logistic analysis was performed to identify possible predictors for the use of Internet. In addition, the top 60 scoliosis related websites assessed through 4 search engines were reviewed by a surgeon and the quality of online information was evaluated using DISCERN score and JAMA benchmark. Use of the Internet as a source for scoliosis related information was confirmed in 87.8% of the respondents. College education, Internet access at home and urban residence were identified as potential predictors for Internet use. However, the quality of online scoliosis related information was poor with an average DISCERN score of 27.9±11.7 and may be misleading for scoliosis patients.","The results suggest that there exists a gap between what people actually do when they visit the web versus what they see on it. Therefore, more attention should be given to improving the quality and quantity of online resources available to scoliotic patients.",
11303701,Transmyocardial laser revascularization: is the enthusiasm justified?,"Transmyocardial laser revascularization (TMLR) is advocated to offer relief of incapacitating angina for patients whose coronary vessels are poor targets for coronary artery bypass graft surgery (CABG) or balloon angioplasty and stenting. In spite of significant mortality and morbidity, the preliminary reports from centers performing the procedure were quite enthusiastic for a period of about 1 year following the procedure. The study aimed to determine mortality, morbidity, and long-term results of TMLR. The study included 19 individuals with incapacitating angina not suitable for CABG or percutaneous balloon angioplasty. Patients were followed up clinically for death, myocardial infarction, heart failure, arrhythmia, and repeated hospital admissions for unstable angina or other conditions. Stress testing with radionuclide tracers was done following surgery in patients who were not unstable. Of 19 patients, 8 experienced significant morbidity. There was one hospital death. Four died within 17 months. Relief from angina of two classes or more was present in 15 of 18 patients (83.3%) for a variable time period. Mean time for anginal relief was 8.0 months (range 1-30 months). At last follow-up, only two patients with a hybrid procedure (both CABG and TMLR in the same sitting) had mild angina for 17 and 29 months, respectively. All others with a mean follow-up period of 21.2 months (range 6-53 months) developed unstable angina or had a large area of ischemia on stress radionuclide studies. Despite a high incidence of significant angina in patients after TMLR, hospitalization was reduced from an average of 42.6 days pre procedure in the year before to 21 days during the follow-up period post procedure.",The results suggest that TMLRs can be safely performed without causing substantial morbidity or mortality.,
8311314,Is intramuscular mivacurium an alternative to intramuscular succinylcholine?,"Mivacurium's rapid onset and short duration of action in children suggests that intramuscular administration might treat laryngospasm and facilitate tracheal intubation without producing prolonged paralysis. Accordingly, the authors measured the neuromuscular effects of intramuscular mivacurium in anesthetized infants and children. Twenty unpremedicated infants and children (3 months to 5 yr of age) were anesthetized with nitrous oxide and halothane and permitted to breathe spontaneously. When anesthetic conditions were stable, mivacurium was injected into the quadriceps or deltoid muscle. Minute ventilation and adductor pollicis twitch tension were measured. The initial mivacurium dose was 250 micrograms/kg and was increased (to a maximum of 800 micrograms/kg, at which dose the trial was ended) or decreased according to the response of the previous patient, the goal being to bracket the dose producing 80-90% twitch depression within 5 min of drug administration. No patient achieved>80% twitch depression within 5 min of mivacurium administration. Peak twitch depression was 90 +/- 13% (mean +/- SD) for infants and 88 +/- 15% for children at 15.0 +/- 4.6 min and 18.4 +/- 6.4 min, respectively. Ventilatory depression (a 50% decrease in minute ventilation or a 10-mmHg increase in end-tidal carbon dioxide tension) occurred at 9.0 +/- 4.4 min in nine infants and 13.6 +/- 7.5 min in 10 children; ventilatory depression did not develop in one infant given a dose of 350 micrograms/kg. Time to peak twitch depression or ventilatory depression was not faster with larger doses.",Intramuscular injection of micalcurose produces no significant increases in respiratory rate or tidal volume when used as a substitute for intravenous succinic acid.,
7636532,Does knowledge guide practice?,"To describe Canadian doctors' beliefs about the appropriate role of chemotherapy and radiotherapy in the management of non-small-cell lung cancer (NSCLC). A mail survey of a random sample of Canadian respirologists, thoracic surgeons, radiation oncologists, and medical oncologists was performed. Three cases of NSCLC were described and respondents were asked to estimate the prognosis in each case and to give their treatment recommendations. Responses were obtained from 234 of 330 eligible subjects (74%). Doctors' treatment recommendations varied widely. After a complete resection for stage II NSCLC, 68% recommended no adjuvant treatment, 28% recommended radiotherapy, 1% recommended chemotherapy, and 3% recommended both radiotherapy and chemotherapy. For an asymptomatic patient with stage IIIb NSCLC, 17% recommended no active treatment, 65% recommended radiotherapy alone, 16% recommended radiation and chemotherapy, and 2% recommended chemotherapy alone. For an asymptomatic patient with a stage IV NSCLC, 80% recommended no active treatment and 20% recommended chemotherapy. Doctors' beliefs about the natural history of NSCLC and its response to treatment varied widely. Seventy-five percent of respondents believed that adjuvant radiotherapy did not increase survival in stage II disease, but 25% believed that it did. Thirty percent believed that the addition of chemotherapy to radiotherapy in stage III increased survival, but 70% believed that it did not. Fifty-five percent believed that chemotherapy increased the median survival in stage IV, but 45% believed that it did not. Doctors' beliefs about the efficacy of treatment were strongly associated with their treatment recommendations.","Doctors' beliefs regarding the optimal use of chemotherapy have little impact on their clinical decisions when treating patients with NSCLCs. However, they may influence how they recommend treatments to others. Further studies should investigate whether these beliefs can be used as guidelines by other clinicians.",
10422935,Can postoperative nausea and vomiting be predicted?,"Iletrospective studies fail to identify predictors of postoperative nausea and vomiting (PONV). The authors prospectively studied 17,638 consecutive outpatients who had surgery to identify predictors. Data on medical conditions, anesthesia, surgery, and PONV were collected in the post-anesthesia care unit, in the ambulatory surgical unit, and in telephone interviews conducted 24 h after surgery. Multiple logistic regression with backward stepwise elimination was used to develop a predictive model An independent set of patients was used to validate the model Age (younger or older), sex (female or male), smoking status (nonsmokers or smokers), previous PONV, type of anesthesia (general or other), duration of anesthesia (longer or shorter), and type of surgery (plastic, orthopedic shoulder, or other) were independent predictors of PONV. A 10-yr increase in age decreased the likelihood of PONV by 13%. The risk for men was one third that for women. A 30-min increase in the duration of anesthesia increased the likelihood of PONV by 59%. General anesthesia increased the likelihood of PONV 11 times compared with other types of anesthesia. Patients with plastic and orthopedic shoulder surgery had a sixfold increase in the risk for PONV. The model predicted PONV accurately and yielded an area under the receiver operating characteristic curve of 0.785+/-0.011 using an independent validation set.","The present study demonstrates that several factors can predict whether an individual will experience PONVs following surgery. These include age, gender, duration of surgery, type and severity of anesthesia, and type and location of injury.",
23751972,Is smoking a risk factor for proliferative diabetic retinopathy in type 1 diabetes?,"201 persons from a population-based cohort of Danish type 1 diabetic patients were examined at baseline and again 25 years later. At both examinations the patients were asked about their smoking habits. The level of retinopathy was evaluated by ophthalmoscopy at baseline and by nine 45-degree colour field fundus photos at the follow-up. In multivariate analyses there was a trend that current smokers at baseline were more likely to develop PDR at the follow-up (odds ratio 1.90, 95% confidence interval 0.88-4.11, p = 0.10). Neither smoking status at the follow-up nor pack-years of smoking were associated with PDR.",Smoking is not an independent predictor of PDR in this population but it may be considered as part of a broader set of factors affecting prognosis.,
21962435,Do integrated record systems lead to integrated services?,"There are few opportunities to study the use of integrated electronic health record (EHR) systems, where single patient records are used by a number of health care staff. The purpose of the study was to understand how an integrated electronic health record system was used by health care staff in the treatment and management of diabetes patients. The investigation was focused on the interface between the primary and secondary care services which patients access for their diabetes care. Observations of the use of an integrated electronic health record during patients' consultations with health care staff were conducted over a three month period. Twelve patients were followed through their consultations with a range of health care staff at a secondary care Diabetes Centre and in primary care settings. A thematic analysis of the observation data was undertaken. The integrated electronic health record system had been implemented across the primary and secondary care interface and was used by many, but not all, clinicians involved in the care of patients with diabetes. In some areas of care it enabled health care staff to access more accurate and detailed information to inform their clinical decision-making. Issues including negotiating rules for accessing patient records and duplication of recording in paper record systems had not been resolved consistently across services.","The results suggest that there is potential for increased efficiency and improved quality outcomes if these types of systems can be introduced into practice. However, further work needs to be done to ensure that they do not create additional barriers to communication or reduce the independence of individual clinicians from other members of their team.",
8328562,Interleukin-1 beta: a putative mediator of HPA axis hyperactivity in major depression?,"There is extensive evidence that major depression, and particularly melancholia, is characterized by hypothalamic-pituitary-adrenal (HPA) axis hyperactivity as well as systemic immune activation, which may be accompanied by increased interleukin-1 beta production. Interleukin-1 beta is known to enhance HPA axis activity during an immune response. This study investigated whether interleukin-1 beta production is related to HPA axis activity in depressed subjects. The subjects were 28 inpatients with major or minor depression and 10 normal comparison subjects. The authors measured 1) the subjects' cortisol levels after an overnight 1-mg dexamethasone suppression test (DST) and 2) mitogen-stimulated supernatant interleukin-1 beta production by peripheral blood mononuclear cells. Statistically significant positive correlations between interleukin-1 beta production and post-DST cortisol values were found in the study group as a whole and in the depressed and normal subgroups separately.",The results suggest that there may be some relationship between HPA-axis hyperactivity and increased IL-1beta secretion from peripheral tissues during immune responses. Further studies should investigate this hypothesis further.,
17479709,Is chronic nitrate therapy associated with a different clinical presentation of acute coronary syndrome?,"Nitrate therapy can induce ischemic preconditioning with a consequent increase in tolerance to ischemia. In the context of acute coronary syndromes (ACS), nitrates may result in a different presentation. with greater protection. To investigate in a population of patients with ACS whether previous chronic use of nitrates results in a different presentation of ACS. We studied 287 patients (65 +/- 13 years, 66% male) admitted to our department in the first six months of 2005 with ACS (with and without ST-segment elevation). Of these, 8% were under nitrate therapy at the time of admission. In this group, 27% presented ACS without ST-segment elevation, while in the group without nitrates this value was 58% (p = 0.005). By univariate analysis, the use of nitrates was a predictor of the preferential occurrence of non-ST-segment elevation ACS (OR 0.27, 95% CI 0.10-0.71). After correction for the potential influence of variables (age, gender, previous revascularization and smoking) by multivariate logistic regression, nitrate therapy remained a borderline predictor of clinical presentation as non-ST-segment elevation ACS (OR 0.37, 95% CI 0.13-1.04, p = 0.059).",Chronic use of nitric oxide has been shown to be an important factor affecting the course of ACS but it does not appear to affect its presentation.,
9870470,Does treated primary hypertension lead to end-stage renal disease?,"Hypertension is reported to be one of the most common causes of end-stage renal disease (ESRD) in Europe and in the United States. However, the frequency with which treated primary hypertension leads to renal failure is not known. The majority of patients with ESRD have hypertension. Whether this is the cause or the consequence of the impaired renal function is often not possible to establish. To determine if treated primary hypertension can lead to ESRD, we studied the development of serum creatinine levels in 686 white hypertensive men, recruited from a random third of the male population aged 47-55 years living in Göteborg, Sweden (n=9998; 7495 participants). At entry and during 20 years follow-up, all signs of kidney disease, secondary hypertension, or increase in blood pressure were investigated. Records of patients with a serum creatinine value>or = 130 micromol/l at any time during the observation period were thoroughly studied to ascertain the cause of the impaired renal function. A serum creatinine level above 130 micromol was seen in 8.9% (61/686) of the treated hypertensives during the 20 years of follow-up. An underlying renal disorder was found in 7.2% (49/686) of the patients; renoparenchymal disease (2.2%), renovascular disease (1.5%), diabetic nephropathy (1.2%) or a urological disease (1.6%). Only 1.7% (12/686) of the hypertensives showed a moderate progressive increase in serum creatinine of unknown cause. The serum creatinine in this group was 133+/-8 micromol/l (mean+/-SD; range 124-144) after 15 years and 139+/-7 micromol/l (range 132-151) after 20 years. Thus, none of these patients aged 66-71 years had developed ESRD or a clinically important reduction in renal function.",Treated primary hypertension does not seem to contribute significantly to the development or progression of ESRDs.,
27852641,Does age matter?,"To determine factors associated with age-disparate sexual partners among Vancouver gay, bisexual and other men who have sex with men (GBM). Sexually active GBM aged ≥16 years were recruited from February 2012 to February 2014. Participants self-completed a questionnaire on demographics, attitudes and sexual behaviour and substance use at last sexual event with five most recent partners. Two generalised linear mixed models identified factors associated with: (1) 'same-age' (referent), 'younger' or 'much-younger' and (2) 'same-age' (referent), 'older' or 'much-older' partners. Statistical interactions between age and HIV status were tested. Participants (n=719) were predominantly gay (85.1%), White (75.0%), HIV-negative/unknown status (72.9%) with median age of 33 years (Q1,Q3: 26,47). A minority of sexual events were reported with much-older/much-younger partners (13.7%). In the multivariable models, GBM reporting older partners were more likely to be Asian or Latino, have greater Escape Motivation scores, report their partner used erectile dysfunction drugs (EDDs) and have received something for sex; compared with condom-protected insertive anal sex, participants with older partners were more likely to report condomless insertive anal sex with a serodiscordant or unknown status partner or no insertive anal sex. GBM reporting older partners were less likely to be bisexual-identified, have given something for sex and report event-level alcohol and EDD use. GBM reporting younger partners were more likely to have annual incomes>$30 000 and have met their partner online. As per significant statistical interactions, age-disparate relations were more common for younger HIV-positive and older HIV-negative GBM.","Age is not an important factor when it comes to choosing partners in this population. However, there may still be some benefits to being married young rather than old.",
22428760,Does vitamin C prevent the effects of high dose dexmedetomidine on rat erythrocyte deformability?,"Dexmedetomidine is an anesthetic agent frequently used for sedation at the intensive care units and during general anesthesia. The purpose of our study was to investigate whether vitamin C prevents the effect of high dose dexmedetomidine on erythrocyte deformability in rats. The study was performed on 21 male rats, with 7 rats in each study groups and the control group. The rats in the study groups were treated with intraperitoneal dexmedetomidine (10 µg/kg) and intraperitoneal dexmedetomidine plus Vitamin C (ascorbic acid) (100 mg/kg ascorbic acid administered 1 hour before administration of 10 µg/kg dexmedetomidine), respectively. Intraperitoneal physiological saline was administered in the control group. Erythrocyte packs were prepared using heparinized total blood samples. Deformability measurements were done by erythrocyte suspensions in phosphate buffered saline (PBS) buffer. A constant flow filtrometer system was used to measure erythrocyte deformability and the relative resistance was calculated. Erythrocyte deformability was significantly higher in dexmedetomidine group than in control and vitamin C plus dexmedetomidine groups (p=0.003, p=0.013, respectively). Erythrocyte deformability indexes were found similar in the control group and in the vitamin C plus dexmedetomidine group (p=0.383).",Vitamin C may reduce the adverse effects caused by high doses of dexmedecidomide when given together with this drug.,
26975694,Six-session caregiver psychoeducation on bipolar disorder: Does it bring benefits to caregivers?,"In this randomized clinical trial, changes in degree of burden, levels of self-esteem and quality of life were evaluated. Caregivers could participate in the group of psychoeducation (six sessions) or usual treatment (without psychoeducation following a manual). There were no significant differences regarding levels of objective burden between groups. Both groups presented improvement in subjective burden scores throughout the interventions. Objective burden scores showed significant reduction in the usual treatment group (p = .003) and a trend toward decrease in the psychoeducational intervention (p = .081). There are no differences regarding improvement in perceived self-esteem and quality of life when comparing means between the groups with and without intervention.",Six-monthly caregiver education does not seem to be effective for improving symptoms nor affecting perceptions of health status among family members of patients diagnosed with bipolar disorder. Further studies should investigate whether such an approach can improve patient outcomes.,
25851190,Is there an association of circulatory hospitalizations independent of mining employment in coal-mining and non-coal-mining counties in west virginia?,"Exposures associated with coal mining activities, including diesel fuel exhaust, products used in coal processing, and heavy metals and other forms of particulate matter, may impact the health of nearby residents. We investigated the relationships between county-level circulatory hospitalization rates (CHRs) in coal and non-coal-mining communities of West Virginia, coal production, coal employment, and sociodemographic factors. Direct age-adjusted CHRs were calculated using West Virginia hospitalizations from 2005 to 2009. Spatial regressions were conducted to explore associations between CHR and total, underground, and surface coal production. After adjustment, neither total, nor surface, nor underground coal production was significantly related to rate of hospitalization for circulatory disease.","There is no significant relationship between circulating hospitalizations and total or surface coal mining activity within West Virginia. However, it appears that higher levels of surface coal extraction may be associated with increased rates of cardiovascular disease among residents living near mines. Further studies should investigate whether these findings hold true across all regions of the state as well as beyond its borders.",
10948304,Laparoscopic orchiopexy without division of the spermatic vessels: can it be considered the procedure of choice in cases of intraabdominal testis?,"Several surgical procedures have been described for the management of nonpalpable testis. Following a vast experience with a complete laparoscopic two-stage Fowler-Stephens procedure, we report our experience with laparoscopic orchiopexy performed without dividing the spermatic vessels. Over a 24-month period, 70 boys with nonpalpable testes (72 overall) underwent laparoscopic diagnostic exploration. Twenty patients (27.8%) of this series who showed an intraabdominal testis underwent laparoscopic orchiopexy without sectioning the spermatic vessels. In seven cases, the testis was just proximal to the internal inguinal ring; in 13, it was in the high intraabdominal position. The technique consisted in sectioning the gubernaculum (when present), opening the peritoneum laterally to the spermatic vessels, and mobilizing the testicular vessels and the vas deferens in a retroperitoneal position for 8-10 cm. The testis was then brought down into the scrotum through the internal inguinal ring (11 cases), if this was open, or through a neo-inguinal ring (nine cases) created medially to the epigastric vessels. In every case, we closed the inguinal ring at the end of the operation using one or two detached sutures. Operating time ranged between 40 and 75 min (median, 55). All the testes were successfully brought down into the scrotum. We had only one (5%) intraoperative complication. In the second patient treated with this procedure, there was an iatrogenic rupture of the spermatic vessels due to excessive traction.",Laparoscopy is an effective method for removing non-palpable testsicles from children whose anatomy allows such removal. It avoids the need to divide the spermatics vessels by creating a neo-inguinal ring which can be easily closed after surgery.,
16421887,Are all melanomas the same?,"Although the majority of melanomas demonstrate high rates of mutations in B-RAF or N-RAS that result in constitutive activation of the mitogen-activated protein kinase-signaling pathway, emerging data suggest molecular differences among melanoma subtypes. In this study, the authors evaluated the contribution of B-RAF and N-RAS mutations to the pathogenesis of Spitzoid melanomas. In total, 33 Spitzoid melanomas were analyzed for clinical and pathologic characteristics as well as for hot-spot mutations in the B-RAF and N-RAS genes. In the majority of patients (28 of 33 melanomas), the tumors were confined to the skin with no evidence of metastasis (average follow-up, 32.5 mos). There were five metastasizing melanomas (5 of 33 tumors) with regional or systemic spread. Of 33 Spitzoid melanomas, only 1 showed the V600E mutation in the B-RAF gene (1 of 33 tumors; 3%). It was noteworthy that none of the metastatic Spitzoid melanomas (0 of 5 tumors; 0%), of which 2 resulted in fatal outcomes, demonstrated mutations in B-RAF or N-RAS.","The results indicate that although some Spitzoids may have inherited mutations in these genes, most do not. This finding suggests that there might be other factors involved in their development than those identified so far. Further studies should investigate whether these findings can be used to predict prognosis or identify potential therapeutic targets.",
17697677,Revascularisation later than 24h after popliteal artery trauma: is it worthwhile?,"Traumatic popliteal artery injury carries heavy morbidity. Ischaemic time is an important factor affecting limb survival. In developing countries most patients present late for repair and there are no distinct guidelines in deciding for revascularisation. Patients with popliteal artery trauma who had presented at least 24h after injury were included in the study. Individuals with dead foot were excluded; participants underwent either amputation or revascularisation. Among 30 patients entered in the study, 3 underwent amputation; of these, 2 had complete paralysis with partial sensory loss and 1 had complete sensory and motor loss. The rate of amputation was significantly higher among patients with motor deficit (p=0.008) but not among those with sensory deficit.",Revascularization should be performed as soon as possible following injury unless there is significant neurological damage.,
23486069,Mycoplasma pneumoniae: a rare cause of vulvar ulcers or an undiagnosed one?,"Acute vulvar ulcers are quite common, and often, an etiological diagnosis cannot be achieved. This article reports 3 cases of vulvar ulcers in adult women infected with Mycoplasma pneumoniae. The authors were able to find only one similar report in the literature. Two women in their third decade of life and 1 in the fourth presented to the hospital with acute and intense vulvar pain. Two of them reported oropharyngeal symptoms in the preceding days. All 3 presented with extensive, painful, and destructive vulvar ulcers. A standard protocol was applied, including samples taken from the ulcer (microbiology and polymerase chain reaction) and blood drawn for serological examination and liver function testing. All 3 had the remarkable finding of a positive immunoglobulin G (IgG) and IgM for M. pneumonia (in one of the cases, IgM was initially inconclusive but turned to positive when repeated 2 weeks later). One patient had an extensive destruction of one labium minus, requiring surgical reconstruction. Two of them were treated with antibiotics, and one was not. However, in fact, all 3 healed in a similar period, making it probable that this kind of medication is not helpful.",This case series shows that M. p. can cause severe damage to the vulva without being detected by routine tests. It also suggests that other causes should be considered before diagnosing this disease as the main cause of acute vulvar inflammation.,
16042738,Inguinal hernia in female infants: a cue to check the sex chromosomes?,"To review the clinical presentation of complete androgen insensitivity syndrome (CAIS) and assess the current practice of considering the diagnosis of CAIS in female infants presenting with inguinal hernia. AIS arises from target tissue resistance to the actions of androgens due to molecular abnormalities in the androgen receptor. Patients with CAIS are born with normal external female genitalia, and although inguinal hernias are uncommon in female infants, they are a well-known presentation of CAIS. Such patients were identified from the Cambridge Intersex Database and details of presentation, presence and laterality of inguinal hernia and contents, and family history of CAIS, were recorded. A questionnaire detailing different indications for considering CAIS in female infants with a hernia was distributed to members of the British Association of Paediatric Surgeons and the British Society for Paediatric Endocrinology and Diabetes. More than half of patients with CAIS presented with inguinal hernia, of which half were bilateral and a third contained gonads. Completed questionnaires were returned by 87 surgeons and 64 endocrinologists, and most of the surgeons and endocrinologists would consider CAIS in all female infants with a hernia. Bilateral hernias, hernias containing gonads and a family history of CAIS would prompt clinicians to consider the diagnosis.",Inguinal Hernia is an important finding when considering whether or not to diagnose CAIS as part of the differential diagnosis for any infant who presents with this condition. It should be considered if there is no other explanation for the appearance of an abnormality such as a small penis or absence of pubic hair.,
12388502,Can CT replace bronchoscopy in the detection of the site and cause of bleeding in patients with large or massive hemoptysis?,"We assessed the capacity of chest radiography and CT to determine the cause and site of bleeding in patients with either large or massive hemoptysis compared with bronchoscopy. We reviewed the chest radiographs, CT scans, and bronchoscopic findings in 80 patients with either large or massive hemoptysis who were admitted to our intensive care unit between January 1995 and June 1999. Findings on chest radiography were normal in only 13% of patients, of whom 70% had bronchiectasis. The chest radiographs revealed the site of bleeding in 46% of the patients and the cause in 35%, most of whom had tuberculosis or tumors. CT was more efficient than bronchoscopy for identifying the cause of bleeding (77% vs 8%, respectively; p<0.001), whereas the two methods were comparable for identifying the site of bleeding (70% vs 73%, respectively; p = not significant).",CT is superior to bronchoscopic examination when it comes to detecting the location of hemorrhage but less so if there is also suspicion that it may be due to cancerous causes.,
19901664,Is a pelvic fracture a predictor for thoracolumbar spine fractures after blunt trauma?,"Discussion still remains which polytraumatized patients require radiologic thoracolumbar spine (TL spine) screening. The purpose of this study is to determine whether pelvic fractures are associated with TL spine fractures after a blunt trauma. Additionally, the sensitivity of conventional TL spine radiographs and pelvic radiographs (PXRs) is evaluated. We prospectively studied 721 consecutive patients who had sustained a high-energy blunt trauma. The diagnostic workup in these patients included routine conventional radiographs of the pelvis and TL spine followed by a computed tomography (CT) analysis. All patients with pelvic fractures and TL spine fractures identified on conventional radiographs and CT were analyzed. A relative risk (RR) was calculated for the association between pelvic fractures and TL spine fractures. The sensitivity for conventional TL spine radiographs and PXRs in identifying fractures was calculated. Of the 721 patients studied, 620 were included in our diagnostic high-energy trauma protocol. Of these 620 included patients, 86 (14%) suffered a pelvic fracture and 126 (20%) suffered a TL spine fracture. Thirty-three patients (5%) suffered both a pelvic fracture and a TL spine fracture. The RR for a TL spine fracture in the presence of a pelvic fracture identified on PXR is 2.14 (95% confidence interval, 1.54-2.98) and identified on CT this RR is 2.20 (95% confidence interval, 1.59-3.05). However, this association diminishes to a nonsignificant level when the transverse process and spinous process fractures are excluded. Overall sensitivity for conventional TL spine radiographs and PXRs is 22% and 69%, respectively.",Pelvic fractures do not appear to be an independent predictor for TL spine injury following a low energy trauma.,
21871598,Fetopathologic examination for early termination of pregnancy: dogma or necessity?,"Our objective was assessment of fetopathological examination after termination of pregnancy (TOP) for fetal anomalies with normal karyotype<17 weeks of gestation. This was a multicenter retrospective study. Records of TOP for fetal anomalies with normal karyotype were analyzed. Primary outcomes were modifications of genetic counseling and management of next subsequent pregnancies. Medical TOPs were compared with surgical TOPs. In all, 59 pregnancies were included (30 aspirations, 29 inductions). Fetopathological examination modified genetic counseling for 22 patients: 62% for the medical induction group vs 13% in the vacuum aspiration group (P<.001). Management of subsequent pregnancies was modified in 17% in the medical induction group vs 3% in the aspiration group (P = .06).","Fetoprotocols should be considered when there is suspicion that an abnormality may have occurred during pregnancy. However, they do not replace standard genetic counseling nor reduce morbidity or mortality rates. Further studies should investigate whether these procedures can improve outcome rates.",
17001558,Cervical cancer screening of HIV-positive women: is a prolongation of the screening interval meaningful?,"Cervical cancer screening guidelines stated recently that the screening interval of healthy women can be extended up to 3 years. Can those recommendations be applied for high risk populations? In a prospective setting 305 HIV-positive women have been enrolled in this analysis between September 2000 and December 2003. Patients have been characterized according to HPV (human papilloma virus) prevalence, CIN (cervical intraepithelial neoplasia) incidence and CD4 cell count. 41 % of all HIV-positive women were HPV positive (oncogene subtypes). In patients with diminished CD4 cells the HPV prevalence increased to 60 % (54/90). CIN was found in 27 % (83/305) women. CIN was more frequent by HPV-positive women with a CD4 cell count<200 mm (3) (52 %, 38/72). The CIN incidence was also high in HIV-positive women with negative HPV infection and diminished CD4 cell count (39 %, 7/18 vs.7 %, 11/161).",The results suggest that extending the cervical screening interval beyond one year may not be beneficial for these patients. Further studies should investigate whether there is an association between higher HPV prevalence and worse prognosis.,
27685842,Is the Noradrenergic Symptom Cluster a Valid Construct in Adjunctive Treatment of Major Depressive Disorder?,"To identify symptoms potentially representative of a noradrenergic symptom cluster as possible predictors of response to the selective norepinephrine reuptake inhibitor (NRI) edivoxetine when used as monotherapy or adjunctive treatment in patients with DSM-IV-TR major depressive disorder (MDD). Pooled data from 4 adjunctive treatment trials (selective serotonin reuptake inhibitor [SSRI] + edivoxetine 6-18 mg/d vs SSRI + placebo; N = 2,066) and data from 1 monotherapy trial (edivoxetine 6-18 mg/d versus placebo; N = 495) were used to identify predictors of response related to noradrenergic symptoms using a resampling-based ensemble tree method. The trials were conducted from 2008 to 2013. In the pooled adjunctive trials, no subgroup was identified that demonstrated a greater edivoxetine-placebo treatment difference than the overall patient cohort. In the edivoxetine monotherapy trial, no subgroup showing greater mean edivoxetine-placebo differences on the Montgomery-Asberg Depression Rating Scale versus the overall patient cohort was identified; a subgroup (67%) with high b​aseline Massachusetts General Hospital Cognitive and Physical Functioning Questionnaire (CPFQ) total score (≥ 28) showed statistically significantly (P = .02) greater mean edivoxetine-placebo differences on the Sheehan Disability Scale versus the overall patient cohort, and subgroups with baseline CPFQ total score ≥ 28 (65%), CPFQ cognition dimension score ≥ 16 (63%), or CPFQ physical dimension score ≥ 13 (59%) showed statistically significantly (P ≤ .025) greater mean edivoxetine-placebo differences on the CPFQ total score versus the overall patient cohort.","The results suggest that the noradrenaline receptor antagonist edivox is not an effective addition to standard antidepressant therapy for MDD. However, it may be useful as part of an adjunctive approach if there is insufficient benefit from other treatments.",
17505990,Can famotidine and omeprazole be combined on a once-daily basis?,"Prompt and long-standing acid control following once-daily administration of antisecretory drugs is desirable. The objective of this study was to determine whether co-administration of a well-characterized H2-receptor antagonist, famotidine, can be combined with the proton-pump inhibitor omeprazole. Intragastric 24-h pH-metry was performed in healthy, Helicobacter pylori-negative volunteers on day 1 and after 8 days of daily administration of 20 mg omeprazole, 10 mg famotidine, or a combination of these in a three-way crossover design. A combination of famotidine and omeprazole raised the gastric pH level to>4 in less than 1 h. The percentage of daytime with pH>4 on day 1 was significantly higher with the combination of omeprazole and famotidine (median: 37%) than that with omeprazole alone (22%; p<0.05). On day 8, daytime intragastric pH>4 following treatment with omeprazole (median: 55%) or a combination of omeprazole and famotidine (61%) was superior (p<0.05) to that with famotidine (21%). On day 1 treatment with both famotidine and the combination (famotidine and omeprazole) showed a significantly shorter time to reach a pH of 4 (medians: 93 and 63 min, respectively) compared with treatment with omeprazole alone (173 min; p<0.05).",The results suggest that combining famotidine with an OMEPRZALINE may improve acid control during treatment with OMPEPZA.,
15970781,Does the collaborative model improve care for chronic heart failure?,"Organizationally based, disease-targeted collaborative quality improvement efforts are widely applied but have not been subject to rigorous evaluation. We evaluated the effects of the Institute of Healthcare Improvement's Breakthrough Series (IHI BTS) on quality of care for chronic heart failure (CHF). We conducted a quasi-experiment in 4 organizations participating in the IHI BTS for CHF in 1999-2000 and 4 comparable control organizations. We reviewed a total of 489 medical records obtained from the sites and used a computerized data collection tool to measure performance on 23 predefined quality indicators. We then compared differences in indicator performance between the baseline and post-intervention periods for participating and non-participating organizations. Participating and control patients did not differ significantly with regard to measured clinical factors at baseline. After adjusting for age, gender, number of chronic conditions, and clustering by site, participating sites showed greater improvement than control sites for 11 of the 21 indicators, including use of lipid-lowering and angiotensin converting enzyme inhibition therapy. When all indicators were combined into a single overall process score, participating sites improved more than controls (17% versus 1%, P<0.0001). The improvement was greatest for measures of education and counseling (24% versus -1%, P<0.0001).",The Collaborative Quality Improvement Model appears effective in improving outcomes among participants but may be less so when other aspects of health system delivery are also targeted.,
22946891,Hyperemesis gravidarum and depression in pregnancy: is there an association?,"The aim of this study was to evaluate the impact of hyperemesis gravidarum (HG) and sociodemographic parameters on depression during pregnancy. Between September 2010 and September 2011, 200 consecutive women with HG were defined as the study group and 200 consecutive pregnant women without any signs and symptoms of HG, and matched for age, parity, and gestational age were defined as the control group. The Beck depression inventory-II (BDI-II) questionnaire and sociodemographic questionnaire evaluating educational level, occupation, economic status, and obstetric history were given to all participants for self-completion. The forms were collected within 6 h of hospital admission. Groups were compared according to the presence of depression and predictors of depression were analyzed by regression analysis. Median BDI-II scores in study and control groups were 15 and 5, respectively. The difference was statistically significant (p<0.001). In the HG group, 35.1% of patients had mild depression, 26.0% moderate, and 17.8% had severe depression, while only 5% of patients in the control group had mild depression and 95% had no depression. Multivariate analysis showed that HG, age and family relationship were related to depression during pregnancy. Moreover, depression risk was increased 76-fold in patients with HG (odds ratio = 76.000; 95% confidence interval: 36.840-156.788; p<0.001).",Hyperemesis can lead to depressive states among pregnant women but not all cases will develop depression. Further studies should investigate whether these two conditions occur together or independently.,
21620365,Adolescent pregnancy and gestational weight gain: do the Institute of Medicine recommendations apply?,"The purpose of this study was to examine the Institute of Medicine (IOM) guidelines for gestational weight gain in adolescents. We studied a retrospective cohort using the Missouri Birth Certificate Registry and included subjects who were primiparous, who had singleton gestations, who were<20 years old, and who delivered at 24-44 weeks gestation. The exposure was defined as weight gain less than, within, or greater than IOM recommendations. Outcomes that were examined were small-for-gestational-age (SGA) infants, large-for-gestational age (LGA) infants, preterm delivery, infant death, preeclampsia, cesarean delivery, and operative vaginal delivery. The analysis was stratified by body mass index category. In any body mass index category, inadequate weight gain was associated with increased odds of SGA infants, preterm delivery, and infant death. When subjects gained more than the IOM recommendations, the number of SGA infants decreased, with slight increases in the number of LGA infants, preeclampsia, and cesarean delivery.","Adolescents should be advised not to exceed recommended levels of weight gain during pregnancy. This may reduce the incidence of SGIAs, prematurity, and other adverse outcomes.",
19362285,Can medical students achieve skills proficiency through simulation training?,"The purpose of this study was to determine whether third-year medical students can become proficient in open technical skills through simulation laboratory training. A total of 204 students participated in a structured curriculum including bladder catheterization, breast examination, and knot-tying. Proficiency was documented using global rating scales and validated, objective, model-based metrics. For catheterization and breast examination, all trainees showed proficiency, and self-rated comfort increased in more than 90%. For knot-tying, 83% completed the curriculum; 57% and 44% of trainees showed proficiency for 2- and 1-handed tasks, respectively. Objective performance scores improved significantly for 2- and 1-handed knot-tying (62.9-94.4 and 49.2-89.6, respectively; P<.001) and comfort rating also increased (28%-91% and 19%-80%, respectively; P<.001).","Simulation provides an effective means for improving clinical competence among novice practitioners. However, further studies should investigate how best to integrate simulation into curricula designed specifically for advanced practice nurses or other specialty clinicians.",
10399423,Can reticulocyte parameters be of use in detecting iron deficient erythropoiesis in female athletes?,"The purpose of this study was to investigate whether monitoring reticulocyte profiles, which are known to respond to iron store depletion in sedentary populations, could also be utilised with intensely training athletes. A retrospective study of blood samples from 134 national level athletes (61 males, 73 females) at the Australian Institute of Sport were analysed, from which reference ranges were calculated. To ascertain the stability of reticulocyte profiles during periods of intense physical training, the intra-individual variation of these parameters in 12 iron-replete female athletes over a four month period of training was documented. The precision with which the analyzer measured these parameters was also determined using duplicate samples from 37 female athletes. To establish whether reticulocyte parameters were sensitive to iron deficient erythropoiesis in athletes, reticulocyte profiles of five female athletes diagnosed by medical personnel as having depleted iron stores were compared before and after iron therapy to seven controls. Corpuscular hemoglobin concentration mean (CHCMr) and mean corpuscular volume (MCVr) showed little variation over time in iron-replete females, with 95% of all fluctuations being within 5.8% and 4.3% of original values, respectively. Iron supplementation in athletes with depleted iron stores elicited an increase in CHCMr (p = 0.01), and a decrease in the distributions of reticulocyte volume (RDWr, p = 0.01) and cell hemoglobin concentration (HDWr, p<0.01). The ratios of reticulocyte to mature cell MCV (p<0.01) and CHCM (p<0.01) also changed following iron therapy. No such changes occurred in non-supplemented controls with normal iron stores.",Reticular cells may serve as an indicator for iron deficiency in some circumstances but not others.,
11697401,Recurrent pyelonephritis without vesicoureteral reflux: is there a role for an antireflux procedure?,"To evaluate the results of an endoscopic antireflux procedure in women with recurrent acute pyelonephritis and no evidence of vesicoureteral reflux (VUR) on voiding cystograms. From 1989 to 1999, 603 female patients were hospitalized for acute pyelonephritis with unilateral loin pain, chills, fever, and a positive urine culture. Of these patients, 48 (8%) had recurrent episodes of acute pyelonephritis and underwent a thorough diagnostic work-up including intravenous urography or renal CT scan, cystoscopy, and voiding cystourethrography (VCUG). Vesicoureteral reflux was demonstrated in 21 patients, who were then offered an antireflux procedure, either surgical or endoscopic. Another 27 patients had no reflux on VCUG; in 15 cases, the upper urinary tract was normal, and the ureteral orifices did not show any abnormality on cystoscopy. The other 12 patients in this group with a normal VCUG had one or more abnormal findings normally associated with VUR: renal scarring in five and ureteral duplication in two. Golf-hole ureteral orifices were noted in two patients. The intravesical ureter was short (<5 mm) in five patients. In spite of the normal VCU, we offered these patients endoscopic treatment of VUR by submeatal injection of Teflon or microparticulate silicone (Macroplastic). The median follow-up before treatment was 4 years (range 1-15.3 years); 0.3 episodes of acute pyelonephritis per patient-month of follow-up were noted. The frequence of preoperative and postoperative episodes of acute pyelonephritis was compared with Wilcoxon's paired analysis. The median postoperative follow-up was 3.9 years (range 1.1 months-10.2 years). There were no significant postoperative complications. One patient had two episodes of acute pyelonephritis during pregnancy. On the whole, 11 patients (91%) were free of recurrent pyelonephritis after treatment. Overall, 0.003 episodes of acute pyelonephritis per patient-month of postoperative follow-up were observed. The result was statistically significant (P<0.01).",Endoscopic therapy seems to be effective in treating recurrent acute nephrolithiasis when it is performed early enough after diagnosis.,
27834115,Long-term functional outcomes after radical cystectomy with ileal bladder substitute: does the definition of continence matter?,"Functional outcomes after ileal bladder substitution reflect the expectations of future patients at a particular centre. The aim of this study was to use validated questionnaires and a pad-weighing test to investigate functional outcomes after neobladder reconstruction at long-term follow-up in patients at a single centre. During 2005 - 2015, 75 patients received a Studer ileal bladder substitute at the Department of Urology, Malmö. Forty-six of these patients were alive for follow-up and were evaluated using the pad-weighing test and the International Consultation on Incontinence Questionnaire-Urinary Incontinence Short Form (ICIQ-UI-SF), the Female Sexual Function Index (FSFI) and the International Index of Erectile Function (IIEF). Five of 37 evaluable patients (14%) were considered fully continent, reporting a pad-weighing test result of 0 g and an ICIQ-UI-SF score of 0. The median ICIQ-UI-SF score was 8 [interquartile range (IQR) 3-11], and seven patients (17%) were continent according to the ICIQ-UI-SF score only. In the pad-weighing test, 28 out of 37 patients (76%) reported 0 g day-time leakage whereas only 12 out of 37 patients (32%) reported 0 g night-time leakage. At follow-up, nine out of 39 (23%) of evaluable male patients were potent. The median ICIQ-UI-SF score was significantly lower during the second half of the study period [4 (IQR 0-8) vs 10 (IQR 6-14); p = .003]. The inverse applied to the median IIEF score [5 (IQR 3-12) vs 2 (IQR 1-4); p = .02].","The results suggest that although some patients may still be able to perform normal activities of daily living following radical cystectomies with ilealdisplancy replacement, there is no clear indication that they will continue to experience significant problems with urinary function over time. Further studies should investigate whether other criteria can be used as substitutes for continence when evaluating functional outcome after such procedures.",
10538877,Can community leaders' preferences be used to proxy those of the community as a whole?,"Community-based distribution of ivermectin and other drugs requires people in the endemic communities who are capable of distributing the drug. It is essential also to collect information on local people's views concerning different financing mechanisms and approaches to distributing ivermectin. However, studies at household level are resource-intensive. Eliciting the preferences of the community by interviewing a smaller number of community leaders offers an alternative strategy. A comparison of information from community leaders and household heads on the financing and distribution of ivermectin through communities was conducted in three communities in Nigeria to determine whether rapidly collected information from key community leaders could represent broad community preferences. The preferences of community leaders and household heads were comparable in relation to the method of collecting payments, managing payments and making payments, who should set the level of payments and the drug distribution mechanisms. However, there were differences between community leaders' views and those of heads of households concerning how the scheme should be supervised.",The results suggest that rapid collection of information about preferred methods for payment can provide useful insights into what kind of system will best meet the needs of the population. This approach may help reduce costs associated with conducting detailed surveys or interviews among all members of the target group.,
21954232,Do market fees differ from relative value scale fees?,"Health funders face the challenge of determining the appropriate level of surgeon fees in fee-for-service schemes.  A resource-based relative value scale (RBRVS) attempts to identify the fees that would exist in a competitive market.  Private insurance providers in New Zealand do not use a RBRVS but rather rely on a market.  We explore the extent to which private surgeon fees in New Zealand are consistent with fees that would be generated by a RBRVS. Data on 155,290 surgical procedures from 2004-06 were provided by New Zealand's largest private health insurer.  314 procedure codes were matched to the Australian Ministry of Health and Ageing's RBRVS. A random effects model determined predicted surgeon reimbursements based on the RBRVS, the location and the year. Procedure volume and specialty were explored as potential sources of deviations. The RBRVS, location and year explain 79% of the variation in surgeon fees. After accounting for the RBRVS, location and year, no statistical differences were found between five out of the seven specialties, but higher volume procedures were associated with lower fees. There was some evidence that the model explained less variation in lower volume procedures.","The results suggest that there may be room for improvement when it comes to predicting surgeon reimbursement levels within a given region or specialty. However, these findings should not lead us to believe that we cannot use the RBSV as an important tool in assessing whether surgeons' compensation is fair.",
22225599,Nonsteroidal anti-inflammatory drugs in schizophrenia: ready for practice or a good start?,"Mounting evidence suggests that inflammation is involved in the pathogenesis of schizophrenia. This evidence implies that anti-inflammatory agents are potentially useful therapeutic strategies in schizophrenia. This article quantitatively summarizes the efficacy of nonsteroidal anti-inflammatory drugs (NSAIDs) to augment antipsychotic treatment to reduce schizophrenia symptom severity. An electronic search was performed using MEDLINE, Embase, the National Institutes of Health Web site clinicaltrials.gov, Cochrane Schizophrenia Group entries in PsiTri, and the Cochrane Database of Systematic Reviews. The following basic search terms were used: schizophrenia, nonsteroidal anti-inflammatory drug, and NSAID together with the name of each specific NSAID (ibuprofen, diclofenac, naproxen sodium, and acetylsalicylic acid). We applied no year or language restrictions. Studies were selected if they met the following inclusion criteria: (1) randomized, double-blind, placebo-controlled trials regarding augmentation of antipsychotic medication with an NSAID, (2) patients included had a diagnosis of a schizophrenia spectrum disorder according to the diagnostic criteria of the Diagnostic and Statistical Manual of Mental Disorders, and (3) studies reported sufficient information to compute common effect size statistics, or corresponding authors could supply these data upon request. The primary outcome measure was the mean change in total score on the Positive and Negative Syndrome Scale (PANSS). Secondary outcome measures included positive and negative symptom subscores of the PANSS. We could include 5 double-blind, randomized, placebo-controlled trials, reporting on 264 patients. Four studies applied celecoxib, and 1 used acetylsalicylic acid. We found a mean effect size of 0.43, which was significant at P = .02 in favor of NSAIDs on total symptom severity. For positive symptom severity, the mean standardized difference was 0.34 (P = .02). For severity of negative symptoms the mean standardized difference was 0.26 (P = .03).",Non-steroidals appear to be effective when used as adjuncts to standard antipsychotherapeutic regimens but need further evaluation before being considered as first-line treatments.,
24228738,Can RENAL and PADUA nephrometry indices predict complications of laparoscopic cryoablation for clinical stage T1 renal tumors?,"Assessment of anatomical complexity with the RENAL (radius; exophytic/endophytic; nearness; anterior/posterior; location) and preoperative aspects and dimensions used for anatomical classification (PADUA) nephrometry indices is used to predict complications related to surgical extirpation treatment for patients with clinical T1a/b renal mass. This single center study aims to investigate the value of these indices to predict complications in a cohort of patients treated with laparoscopic cryoablation (LCA) for cT1 renal mass. Single institution data from consecutive LCA procedures were prospectively collected from December 2006 to April 2013. Renal mass anatomical complexity was categorized according to RENAL and PADUA indices. Comorbidity was assessed by the Charlson-index. Intraoperative complications (IOCs) were reviewed and categorized: blood loss>100 mL, conversion, tumor fracture, and incomplete ablation. Postoperative complications (POCs) were graded using the modified Clavien-index. Univariate and multivariate logistic regression models addressed the risk for complications. Ninety-nine LCA procedures were included. The median RENAL-score was 7.0 (standard deviation [SD] 1.7), and the median PADUA-score was 8.0 (SD 1.6). IOC occurred in 19 procedures (19%). The risk for IOC was significantly correlated (p<0.05) with tumor diameter (mm), surface, volume, the RENAL domains ""R-size,"" ""N-nearness to collecting system,"" ""RENAL score,"" and the PADUA domain ""diameter."" In multivariate analysis with surgical complication as the independent variable, tumor diameter, surface, and volume were determining factors. A threshold was set for 35 mm tumor diameter, it being predictive for an increased risk for IOC performing LCA. Twenty-three POC occurred in 20 patients. On univariate analysis, the RENAL domain ""nearness to collecting system,"" and no PADUA domains, had a significant association with POC.",The use of RENALS and PADUAs can help identify patients at high risk for developing IOCs after LCA,
23186130,Do outcomes of acupuncture for back pain differ according to varying sociocultural contexts?,"What are the outcomes of acupuncture for back pain? According to well-regarded trials, acupuncture is little better for back pain than biomedicine, and active acupuncture is no better than sham acupuncture. These trials occurred in the West. Patients are inside the clinic a miniscule amount of time in relation to the time they are outside the clinic and enmeshed in the wider sociocultural context. Nevertheless, trials have largely overlooked potential effects of sociocultural context. The main objective of this article is to draw attention to designated features of sociocultural context that, as compared with outcomes obtained in the West, may enhance outcomes of acupuncture for back pain in China. Additional objectives of the article are to reconceptualize ""sociocultural context"" so that it is measurable, and to measure pre-existing acquaintance with acupuncture and other forms of Traditional Chinese Medicine (TCM) within the sociocultural context of China.DESIGN/SETTING/ Back pain patients (N=86) were recruited from the Acupuncture Clinic and Pain Clinic of West China Hospital (Chengdu, Sichuan Province). Patients completed questionnaires on their use of TCM before they came to the Acupuncture Clinic and their families' use of TCM. Most patients had used TCM, and those who did so likely used it repeatedly, which indicated substantial acquaintance with TCM beliefs in the cultural context. Patients whose families used TCM were also likely to use it themselves, which indicated that TCM use was anchored in the social context of the family.",Socioculturally defined characteristics such as familiarity with TMCareer-long-term use ofTMCareful about how others perceive themacquaintancewithTMCould all contributetoan improved outcomeforbackpainpatientsusingacuppingtherapy.,
20112020,Evaluation of operative notes concerning laparoscopic cholecystectomy: are standards being met?,"Laparoscopic cholecystectomy (LC) is the most performed minimal invasive surgical procedure and has a relatively high complication rate. As complications are often revealed postoperatively, clear, accurate, and timely written operative notes are important in order to recall the procedure and start follow-up treatment as soon as possible. In addition, the surgeon's operative notes are important to assure surgical quality and communication with other healthcare providers. The aim of the present study was to assess compliance with the Dutch guidelines for writing operative notes for LC. Nine hospitals were asked to send 20 successive LC operative notes. All notes were compared to the Dutch guideline by two reviewers and double-checked by a third reviewer. Statistical analyses on the ""not described"" items were performed. All hospitals participated. Most notes complied with the Dutch guideline (52-69%); 19-30% of items did not comply. Negative scores for all hospitals were found, mainly for lacking a description of the patient's posture (average 69%), bandage (94%), blood loss (98%), name of the scrub nurse (87%), postoperative conclusion (65%), and postoperative instructions (78%). Furthermore, notes from one community hospital and two teaching hospitals complied significantly less with the guidelines.","The results show that there is still room for improvement when it comes to writing operative note about LC. However, these findings do not indicate that the standard operating procedures should be abandoned but rather suggest that they need further refinement before they can become part of routine practice.",
16180792,Does oocyte retrieval influence the following morphological quality of embryos?,"To verify that the number of retrieved oocytes influence the following morphological quality of transferred embryos and the success of IVF treatment. A retrospective study. Clinic of assisted medicine and gynecology, Zlin. By observing the collection is composed of 837 IVF cycles with embryotransfer, which were practised between June 2002 and December 2004. To observe the number of retrieved oocytes, following morfological quality of transferred embryos, (number of clinical pregnancies). We found that in cycles with more retrieved oocytes (7 oocytes and more), there were embryos of first morphological quality transferred significantly more frequently (59.2% cycles, p<0.001) than in cycles with 1-6 retrieved oocytes. Morphologicaly abnormal embryos were found in cycles with more retrieved oocytes (7 oocytes and more) and transferred significantly less frequently (13.1% cycles, p<0.001) than in cycles with 1-6 retrieved oocytes (34.8% cycles). We have found that on the retrieval of 16-18 oocytes, there were embryos of first morphological quality transferred in 67.4% cycles of treatment (p = 0.002). The number of cycles with transferred morphological abnormal embryos is decreasing in relation with increase of oocyte retrieval (p = 0.002). Most of clinical pregnancies were achieved in IVF cycles with retrieval of 16-18 oocytes (clinical pregnancies was achieved in 50.0% cycles, p<0.001).","The results suggest that if we want to achieve high pregnancy rates during IVF procedure, it is necessary to retrieve at least 18oocytes per cycle.",
12901464,Do spinal cord injuries adversely affect serum lipoprotein profiles?,"Previous reports indicate that dyslipidemia is very common in persons with spinal cord injury. This study aimed to examine the relationship between spinal cord injury and serum lipoprotein profiles. We assessed 28 healthy control subjects matched for age and sex and 60 persons (46 men and 14 women; mean age, 28.1 years) with spinal cord injury having a mean duration of injury of 3.6 +/- 0.8 years (range, 1-13 years). Serum low-density lipoprotein cholesterol level was higher (109 +/- 37, 91 +/- 23.7 mg/dL, respectively) (p = 0.04) and serum high-density lipoprotein cholesterol level was lower (33 +/- 7.1, 44 +/- 7.4 mg/dL, respectively) (p<0.001) in the patients with spinal cord injury than in the control. Apolipoprotein A-I level was significantly low (94 +/- 10.3, 103 +/- 11.5 mg/dl) (p = 0.003) and apolipoprotein B level was significantly high (93 +/- 15.6, 81 +/- 13.7mg/dL) (p = 0.004) in the group of spinal cord injury. No significant difference was observed the other parameters of these two groups.",The results suggest that there may be an association between spinal damage and changes in lipid profile. Further studies should investigate whether this association can be explained by alterations in gene expression or by changes in dietary habits.,
19500935,"Rhabdomyolysis in MDMA intoxication: a rapid and underestimated killer. ""Clean"" Ecstasy, a safe party drug?","Ecstasy is a popular drug among young adults. It is often thought to be safe. The dose of methylenedioxymethamphetamine (MDMA) in a tablet of Ecstasy varies greatly, and there is also a difference in individual response to a dose of MDMA. To increase the awareness of potential mortality in MDMA use. We report the case of a patient with a lethal intoxication after pure MDMA intoxication. The serum toxicology screening showed an elevated level of MDMA (1.5 mg/L) but no other amphetamines or other drugs.",The case highlights that it may not be possible to accurately estimate the amount of MDMA present in a single dose if this has been taken over several hours before administration. This should prompt clinicians to consider dosing multiple doses rather than taking one at once. Further studies should investigate whether there is any correlation between the severity of rhabdomegaly and the dosage administered.,
23402944,Knee injury and Osteoarthritis Outcome Score or International Knee Documentation Committee Subjective Knee Form: which questionnaire is most useful to monitor patients with an anterior cruciate ligament rupture in the short term?,"To evaluate which questionnaire, the Knee Injury and Osteoarthritis Outcome Score (KOOS) or the International Knee Documentation Committee Subjective Knee Form (IKDC subjective), is most useful to evaluate patients with recent anterior cruciate ligament (ACL) ruptures or those within 1 year of an ACL reconstruction. Patients with recent (0-6 months) ACL ruptures or those with indications for ACL reconstruction were included. All patients completed the questionnaires shortly after trauma or preoperatively and again 1 year later. The KOOS has 5 subscales, each scored separately. The IKDC subjective consists of one total score. The following measurement properties of the KOOS and IKDC subjective were assessed: content validity (n = 45), construct validity (n = 100), test-retest reliability (n = 50), and responsiveness (n = 50). Regarding content validity, 2 KOOS subscales (Pain and Activities of Daily Living) were scored as nonrelevant. Two of the 18 questions on the IKDC subjective were assessed as nonrelevant. Only the KOOS subscale Sport and Recreation Function had acceptable construct validity (79% confirmation of the predefined hypotheses). None of the KOOS subscales had a sufficient score for responsiveness (<75% confirmation of the predefined hypotheses). The IKDC subjective scored acceptable for construct validity (84% confirmation of the predefined hypotheses) and responsiveness (86% confirmation of the predefined hypotheses). All KOOS subscales and the IKDC subjective had a reliability (intraclass correlation coefficient [ICC]) of 0.81 or higher.",The IKDC subjectively appears more reliable than the KOSS but still requires further validation before it can be used routinely by clinicians.,
19448770,Doctors as teachers: what do they think?,"To assess the views of senior medical officers (SMOs) at Auckland City Hospital (Auckland, New Zealand) in the areas of teaching, supervision, and feedback for resident medical officers (RMOs). All SMOs at Auckland City Hospital were asked to complete a survey regarding postgraduate medical education. Data was then collected and entered into a Microsoft Excel spreadsheet and was statistically analysed. P values were calculated using Chi-squared testing and Fisher's exact test. 237/730 surveys were received giving a response rate of 32.1%. There was a statistically significant difference between SMOs self-rated competence (SRC) and their perceived required competence (RC) in the domains of 'Teaching' (SRC=3.74; RC=4.36 - p<0.0001), 'Supervision' (SRC=3.78; RC=4.37 - p<0.0001) and 'Feedback' (SRC=3.55; RC=4.36 - p<0.0001). Ratings were done on a 5-point Likert scale where a score of 1 was poor and a score of 5 was excellent. SMOs were then asked whether they required further information around various postgraduate medical education topics. 79.9% requested information on 'managing the poorly performing RMO'. Dual employees (i.e. SMOs employed by both the University of Auckland and Auckland City Hospital) were more likely to have attended a 'Teach the Teacher Course' (66.6%) than those SMOs only employed by Auckland City Hospital (43.3%, p=0.0083). A number of factors were also identified as barriers to conducting effective teaching. These included a lack of time, high clinical workload, poor continuity between trainees and SMOs, and a lack of recognition for teaching roles of SMOs.",The results suggest that there is still much room for improvement when it comes to how doctors teach residents.,
12910343,Does racial bias influence psychiatric diagnoses assigned at first hospitalization?,"Research on racial bias in psychiatric diagnosis has largely been limited to studies of admission diagnoses assigned to chronically ill patients. This study tests whether racial bias influences diagnoses assigned to patients at discharge from their first psychiatric hospitalization. In a county-wide sample of patients with psychosis, hospital diagnoses were compared with research diagnoses formulated using structured interviews and strict adherence to DSM-III-R. Symptom patterns were also examined. Racial differences were observed in the distribution of both hospital and research diagnoses. Using research diagnoses as the gold standard, the sensitivities and specificities of hospital diagnoses were similar by race (for blacks the sensitivity and specificity of schizophrenia was 0.33 and 0.91, and for whites, 0.43 and 0.89). The only suggestion of possible bias was that more blacks were discharged without a definitive diagnosis (38.7% of blacks vs. 26.3% of whites, chi(2) = 5.80, df = 1, p = 0.02).",Racial disparities exist when comparing hospital admissions to those diagnosed according to DSM III-R criteria. These findings suggest that there may be an underdiagnosis of psychotic disorders among black populations. Further investigation into this issue should include examining other factors such as socioeconomic status or cultural background.,
26222229,Reported shoes size during GH therapy: is foot overgrowth a myth or reality?,"To describe population reference values for shoes size, and to identify possible disproportional foot growth during GH therapy. Construction of percentile chart based on 3,651 controls (male: 1,838; female: 1,813). The GH treated group included 13 children with idiopathic short stature (ISS) and 50 children with normal height, but with height prediction below their target height; male: 26 and female: 37 mean ± SD age 13.3 ± 1.9 and 12.9 ± 1.5 years, respectively. GH (0.05 mg/kg/day) was used for 3.2 ± 1.6 years, ranging from 1.0-10.3 years. Height expressed as SDS, target height (TH) SDS, self-reported shoes size and target shoes size (TSS) SDS were recorded. Reference values were established showed as a foot SDS calculator available online at www.clinicalcaselearning.com/v2. Definitive shoes size was attained in controls at mean age of 13y in girls and 14y in boys (average values 37 and 40, respectively). In the study group, shoes size was -0.15 ± 0.9 and -0.02 ± 1.3 SDS, with target feet of 0.08 ± 0.8 and -0.27 ± 0.7 SDS in males and females, respectively. There was a significant positive correlation between shoes size and familial TSS, between shoes size and height and between TSS and TH. There was no correlation between duration of GH treatment and shoes size. Our data suggest that during long-term treatment with GH, patients maintain proportional growth in shoes size and height, and the expected correlation with the familial target.",The results indicate that there exists an optimal shoe size for each individual patient. This may explain why some patients do not achieve proper shoe fit despite adequate GH dose administration.,
18507885,Failure to deactivate in the prefrontal cortex in schizophrenia: dysfunction of the default mode network?,"Functional imaging studies using working memory tasks have documented both prefrontal cortex (PFC) hypo- and hyperactivation in schizophrenia. However, these studies have often failed to consider the potential role of task-related deactivation. Thirty-two patients with chronic schizophrenia and 32 age- and sex-matched normal controls underwent functional magnetic resonance imaging (fMRI) scanning while performing baseline, 1-back and 2-back versions of the n-back task. Linear models were used to obtain maps of activations and deactivations in the groups. The controls showed activation in the expected frontal regions. There were also clusters of deactivation, particularly in the anterior cingulate/ventromedial PFC and the posterior cingulate cortex/precuneus. Compared to the controls, the schizophrenic patients showed reduced activation in the right dorsolateral prefrontal cortex (DLPFC) and other frontal areas. There was also an area in the anterior cingulate/ventromedial PFC where the patients showed apparently greater activation than the controls. This represented a failure of deactivation in the schizophrenic patients. Failure to activate was a function of the patients' impaired performance on the n-back task, whereas the failure to deactivate was less performance dependent.",The results suggest that there may be some degree of functional dissociation between the DLPFC and other fronto-parietal networks involved in executive functions such as planning and decision-making. These findings support the idea that the DLMPC is not fully engaged during everyday activities but instead plays a key role when performing complex cognitive tasks requiring attentional control over multiple goals or objectives.,
24013484,Does the impact of urinary incontinence on quality of life differ based on age?,"The purpose of this study was to evaluate if the impact of urinary incontinence (UI) on quality of life (QOL) differs between women based on age. A retrospective review of patients presenting for the management of UI was performed. Patients with UI and their corresponding degree of bother were identified by their responses to validated questionnaires. Distributions of comorbidities and types of UI were presented as frequencies and compared between age cohorts with a chi-square test. Mean scale scores were assessed for normality and a one-way analysis of variance with a post hoc Scheffé's test was used to compare the scores. Of 765 patients meeting inclusion criteria, 22.4 % were<45, 28.9 % were 45-55, and 48.8 % were>55 years of age. Women older than 55 were significantly more likely to have urge UI and mixed UI than their counterparts (p<0.001). Women<45 and 45-55 were more negatively impacted in their ability to perform physical activities compared to women>55 (p = 0.004), whereas women>55 were significantly less likely to feel frustrated by their incontinence than women<45 (p = 0.022). However, there was no significant difference in overall impact of incontinence among groups (p = 0.585).",Women aged <45 had greater difficulties performing daily tasks due to their inability to control urine output. This may be related to their lower level of education or lack of awareness about the consequences of UI. Older women also reported higher levels of frustration when experiencing UI but did not show any differences in terms of perceived quality of living after being diagnosed with UI.,
10562882,Does increased investment in coronary angiography and revascularisation reduce socioeconomic inequalities in utilisation?,"To investigate whether additional resources for tertiary cardiology services, aimed at increasing coronary angiography and revascularisation rates, can improve socioeconomic equity of utilisation. Cross sectional ecological study, using the Super Profile classification of enumeration districts and ischaemic heart disease (IHD) standardised mortality ratios (SMR) as a proxy for need. The degree of equity before the provision of extra resources was determined using data for April 1992 to March 1994, and the corresponding picture after, using data for April 1994 to March 1996. South Humberside (United Health-Grimsby and Scunthorpe Health Authority, a district of the former Yorkshire Region, before the April 1996 boundary changes). Patients with a primary diagnosis of IHD aged>or = 25 years who underwent investigation by angiography, or treatment by coronary artery bypass grafting or percutaneous transluminal coronary angioplasty, as a primary procedure. In 1992/4, before concerted intervention, both investigation and revascularisation rates, although increasing, were low in Grimsby and Scunthorpe district compared with most other districts in the Yorkshire Region. Also, there was a decreasing trend across Super Profile Lifestyle groups from the Affluent Achievers to the Have-Nots despite a two-fold increase in SMRs indicating the greater need of the more deprived. After appointing a consultant general physician with an interest in cardiology in the Scunthorpe district general hospital in 1994; arranging for both the Grimsby physician and the Scunthorpe physician to undertake angiography at a neighbouring district tertiary cardiology centre in 1995; together with significant additional health authority investment in cardiac procedures in 1995/6, district rates increased considerably, (a 41% increase in investigation and a 47% increase in revascularisation rates). Also, after additional resource input began, the trend for angiographies across socioeconomic groups clearly became more equitable, although increased equity for revascularisations is less apparent.",The results suggest that there may be some benefit from further investment into this area but it should not be regarded as sufficient to address all aspects of IHSD inequality.,
18592252,"Is ""watchful waiting"" superior to surgery in children with neurofibromatosis type 1 presenting with extracranial and extramedullary tumor mass at diagnosis?","Observational study based on imaging studies and results of surgery was utilized. Twenty-seven out of 114 NF-1 patients (mean age of 12.8 years) registered throughout the last 10 years were studied. The mean tumor volume was 237 cm(3). Among them, 18 (66%) underwent surgery. In 15 (84%), regrowth of a tumor was observed. Reoperation was necessary in five (27%). Two out of these five children (2/18, 11%) required a third operation. Stable process has been shown in the remaining nine children (34%) since diagnosis and in most operated children (10/18; 56%), besides the regrowth of the tumor.",The present report shows that watchful waiting is not an option for all cases but should be considered as first-line treatment when possible. Surgical intervention may be needed if there is no response after several months or if there exists any risk of recurrence.,
10637997,Antithrombotic treatment in non-rheumatic atrial fibrillation. Do we follow the recommendations of clinical trials?,"Several clinical trials have demonstrated that antithrombotic treatment may be effective in prevention of stroke in nonrheumatic atrial fibrillation (AF). The aim of this study was to assess if we follow clinical trial recommendations in community practice. We analyzed 225 medical records of patients diagnosed of nonrheumatic AF in Cáceres, during February and March 1998. Patients who were contraindicated to follow antiagreggation or anti-coagulation treatment were excluded. We compared patients with and without antithrombotic treatment with different demographic characteristics and embolic risk factors. 205 patients were included in the study, 149 (72.6%) had high embolic risk. 62 (30.2%) followed anticoagulation, 94 (45.8%) antiaggregation treatment, 5 (2.4%) both treatment and 49 (24%) were not receiving therapy. We didn't findings differences between age, sex, presence of ischemic heart disease, hypertension and congestive heart failure in last three months compared with the patients in respect to the group of patients with anticoagulation and antiaggregation therapy or without it. We determinate as well that previous stroke and echocardiographical finds (valve disease, valve calcification, ventricular dysfunction) were more frequent in the anticoagulation and antiaggregate patients than in those without therapy.","We do not find any difference between groups regarding demographics, clinical features or outcome after stroke. However, we recommend that all patients should receive at least one year of antithroptomic therapy when they develop symptoms suggestive of stroke.",
24819233,Does hepatic steatosis have an impact on the short term hepatic response after complete attenuation of congenital extrahepatic portosystemic shunts?,"To evaluate the relationship between hepatic steatosis and increase in liver size and resolution of shunting after surgical attenuation of congenital extrahepatic portosystemic shunts in dogs. Prospective study. Dogs (n = 20) with congenital extrahepatic portosystemic shunts. Shunts were attenuated using ameroid ring constrictors. Portal blood flow and liver volume were evaluated using computed tomography before and ≥8 weeks after surgery. Hepatic steatosis was quantified by stereological point counting of lipid droplets and lipogranulomas (LG) in liver biopsies stained with Oil-red-O. Associations between steatosis and preoperative liver volume, liver growth after surgery, and development of acquired shunts were evaluated. Acquired shunts developed in 2 dogs (10%). Dogs with larger preoperative liver volumes relative to bodyweight had fewer lipid droplets per tissue point (P = .019). LG per tissue point were significantly associated with age: 0.019 ± 0.06 for dogs<12 months versus 0.25 ± 0.49 for dogs>12 months (P = .007). There was a significant positive association between liver growth after surgery and the number of LG/month of age in dogs>12 months (P = .003). There was no association between steatosis, presence of macrosteatosis, the number of LG or development of acquired shunts.",Hepatic steatoisclerosis is not associated with increased liver size or development into acquired shunt formation following complete attenuation.,
7620952,Does the limb swell after revascularisation by percutaneous transluminal angioplasty?,To discover if limb swelling occurs after successful revascularisation by percutaneous transluminal angioplasty (PTA). Prospective Study. Vascular Laboratory. Twenty-five patients with occlusive arterial disease of the lower limb revascularised by percutaneous transluminal angioplasty were studied. The ankle/brachial pressure index and foot volumes measured by water displacement plethysmography were measured before and after PTA. The volume of the revascularised limb increased by 2% on the first day postangioplasty (p = 0.009) and 4% on the 7th day (p<0.001) compared with the contralateral leg.,The results suggest that there may be an increase in limb swelling following PTA although this has not been confirmed by other studies. Further investigations should investigate whether this is due to changes in vascular function or another cause such as fluid retention caused by altered body position during surgery.,
22691176,Self-management after stroke: time for some more questions?,"To discuss current research and issues which contribute towards the debate on the direction of self-management programmes for individuals after stroke and make recommendations for future research. This paper includes a critical discussion on self-management specifically applied to stroke. The findings are positioned in the context of the wider stroke literature and debates on the suitability of different programmes. Three main areas of concern and potential opportunities were identified which contribute to the debate on self-management; the ""individual stroke survivor""; ""professional models and practice"" and ""organizational context"".",The review highlights that there is still much uncertainty about how best to deliver self-management interventions following stroke. There appears to be an increasing recognition that this should not be seen as separate from other aspects of care but rather part of a holistic approach to recovery. Further investigation into these topics will help us better understand what works and where we need to focus our efforts.,
11820977,In vitro susceptibility study of herpes simplex virus to acyclovir and foscarnet. Are routine susceptibility studies necessary?,"The objective of this study was to investigate the prevalence of resistance of herpes simplex virus to acyclovir and foscarnet. An in vitro susceptibility study of HSV strains isolated from HIV-infected and non-infected (control group) patients was conducted by means of qualitative screening. When the screening results were positive, the method for reducing cytopathic effect was utilized for calculating ID50. An ID50<1 microgram/ml indicated susceptibility to acyclovir, ID50 1-2 microgram/ml was intermediate susceptibility to acyclovir and a value of ID50>/= 2 microgram/ml denoted resistance. Resistance to foscarnet was considered at ID50>/= 100 microgram/ml. The study involved investigating 84 HSV strains, 49 HIV-infected patients, and 19 control patients. In the control group, no strains resistant to acyclovir were present and infection recurred in only one patient. In patients with HIV infection, one acyclovir resistant strain was detected and one moderately resistant to acyclovir, with good response to acyclovir treatment. In this group, 24.4% of patients presented recurrent infection. No resistance to foscarnet was detected.","In our opinion, routine susceptibility tests should be avoided because they do not provide accurate information about the clinical significance of these viruses' resistance. However, if there is suspicion that an infected person may have developed resistance to either drug, then it would be advisable to perform such tests.",
9701731,Increased transforming growth factor beta1 plasma level in patients with renal cell carcinoma: a tumor-specific marker?,"The most worrying problem with renal cell carcinoma (RCC) seems to be the prediction of metastases by means of tumor-specific markers. Therefore, much effort is committed to the development of new markers. The level of latent transforming growth factor beta1 (TGF-beta1) was measured in plasma samples by ELISA. These samples were collected from patients with RCC before they underwent radical nephrectomy, from patients 1 h after extracorporeal lithotripsy, from patients with pyelonephritis, and from healthy controls. In all cases of RCC the levels of latent TGF-beta1 in plasma were much higher (n = 20, 41.0 +/- 13.9 ng/ml, range 19.3-78.1 ng/ml) than in healthy controls (n = 20, 3.8 +/- 2.9 ng/ml, range 0.6-9.9 ng/ml, p<0.0001). The TGF-beta1 levels in plasma after extracorporeal lithotripsy (n = 20, 7.4 +/- 4. 64 ng/ml, range 2.9-21.7 ng/ml, p<0.01) and in patients suffering from pyelonephritis (n = 20, 18.93 +/- 14.2 ng/ml, range 4.2-46.7 ng/ml, p<0.001) were also higher than in healthy controls.",In our study we found that there is an increase in the level of TGFbeta1 in patients who have undergone surgery for RCC compared to those without such procedures. This finding may indicate that this protein can serve as an early diagnostic tool for RCC.,
18480043,Do patients' communication behaviors provide insight into their preferences for participation in decision making?,"The Institute of Medicine report ""Crossing the Quality Chasm'' encourages physicians to tailor their approaches to care according to each patient's individual preferences for participation in decision making. How physicians should determine these preferences is unclear. The objective of this study is to assess whether judgments of patient communication behaviors, either globally or individually, can yield insight into patient preferences for participation in decision making. Using questionnaire responses to 3 items about the desired level of participation in decision making from a communication study involving 886 audiotaped visits between older patients and surgeons, the authors purposively selected 25 patients who preferred a large role and 25 who preferred a small role in decision making. Two independent raters listened to the audiotapes and coded them for the presence of 7 communication behaviors (question asking, information behavior, initiating, statements of preference, processing, resistance, deference). On the basis of their listening and coding, raters judged patient preferences for participation in decision making. Neither rater accurately judged preferences for participation in decision making beyond chance agreement (kappa statistics: rater 1 = 0.16, rater 2 = 0.20). Inter-rater reliability for the communication behaviors was also generally poor. Area-under-the-curve values for all communication behaviors hovered around 0.50, indicating that none of the behaviors had adequate power to discriminate between patients preferring large versus small roles.",Patients' judgements regarding how much they want to be involved in decisions made by healthcare providers do not appear to be useful predictors of what those individuals will actually choose as part of the process itself. Further studies should investigate whether there is any relationship between patients' perceptions of their own needs and willingness to participate in decision-making processes.,
17470596,Anal sphincter laceration at vaginal delivery: is this event coded accurately?,"To determine the error rate for discharge coding of anal sphincter laceration at vaginal delivery in a cohort of primiparous women. As part of the Childbirth and Pelvic Symptoms study performed by the National Institutes of Health Pelvic Floor Disorders Network, we assessed the relationship between perineal lacerations and corresponding discharge codes in three groups of primiparous women: 393 women with anal sphincter laceration after vaginal delivery, 383 without anal sphincter laceration after vaginal delivery, and 107 after cesarean delivery before labor. Discharge codes for perineal lacerations were compared with data abstracted directly from the medical record shortly after delivery. Patterns of coding and coding error rates were described. The coding error rate varied by delivery group. Of 393 women with clinically recognized and repaired anal sphincter lacerations by medical record documentation, 92 (23.4%) were coded incorrectly (four as first- or second-degree perineal laceration and 88 with no code for perineal diagnosis or procedure). One (0.3%) of the 383 women who delivered vaginally without clinically reported anal sphincter laceration was coded with a sphincter tear. No women in the cesarean delivery group had a perineal laceration diagnostic code. Coding errors were not related to the number of deliveries at each clinical site.",The incidence of incorrect discharges due to an anal sphinx fracture during vaginal delivery appears low but should be considered when interpreting results from such studies. Further investigation into why some patients receive inappropriate diagnoses may help improve accuracy.,
22116105,Does MR perfusion imaging impact management decisions for patients with brain tumors?,"MR perfusion imaging can be used to help predict glial tumor grade and disease progression. Our purpose was to evaluate whether perfusion imaging has a diagnostic or therapeutic impact on clinical management planning in patients with glioma. Standard MR imaging protocols were interpreted by a group of 3 NRs in consensus, with each case being interpreted twice: first, including routine sequences; and second, with the addition of perfusion imaging. A multidisciplinary team of treating physicians assessed tumor status and created hypothetical management plans, on the basis of clinical presentation and routine MR imaging and then routine MR imaging plus perfusion MR imaging. Physicians' confidence in the tumor status assessment and management plan was measured by using Likert-type items. Fifty-nine consecutive subjects with glial tumors were evaluated; 50 had known pathologic diagnoses. NRs and the treatment team agreed on tumor status in 45/50 cases (κ = 0.81). With the addition of perfusion, confidence in status assessment increased in 20 (40%) for NRs and in 28 (56%) for the treatment team. Of the 59 patient-care episodes, the addition of perfusion was associated with a change in management plan in 5 (8.5%) and an increase in the treatment team's confidence in their management plan in 34 (57.6%). NRs and the treatment team found perfusion useful in most episodes of care and wanted perfusion included in future MR images for>80% of these subjects.",The use of perfusivity as part of standard MRI procedures appears to improve accuracy in predicting tumor grades but also increases physician anxiety about diagnosis and treatment options. Further studies should investigate whether this is true across all types of gliomas.,
22257786,Can virtual reality simulation help to determine the importance of stereopsis in intraocular surgery?,"This study was performed using the EYESi ophthalmic surgical simulator. Thirty junior doctors with no previous ophthalmic surgical experience were enrolled and distance visual acuity (Snellen), near visual acuity and stereoacuity (Frisby) were recorded. All participants completed a standard introductory programme on the forceps module to eliminate the learning curve. They then undertook four attempts of level 4 forceps module binocularly and another four monocularly to simulate an acute loss of stereopsis. Total score, odometer movement, corneal area injured, lens area injured and total time taken were recorded. Mean age was 31 years (SD±9). None had amblyopia, with all demonstrating distance visual acuity of 6/6 or better and N6 for near. Mean stereopsis was 35 s of arc (SD±18). Average total score decreased from 60 while operating binocularly to 47 monocularly (p<0.05). Average corneal area injured increased from 0.95 mm(2) to 2.30 mm(2) (p<0.05), average lens area injured increased from 1.76 mm(2) to 3.53 mm(2) (p<0.05) and average time taken increased from 69.6 s to 77.4 s (p<0.05).",Virtual reality can be used as part of an introduction to ophthalmology course to improve understanding of how vision is processed by the brain during ocular function.,
11248175,Is the quality of surgical residency applicants deteriorating?,"Among directors of general surgery residencies, there is a concern that the quality of medical students applying to surgical residencies is declining. Quality of surgical applicants was assessed by several methods including subjective opinions determined by survey and by objective data including student United States Medical Licensing Examination (USMLE) scores of matched candidates. The number of applicants interviewed, total interviews granted, proportion of Alpha Omega Alpha (AOA) students, and the rank order of the candidates matched was obtained by survey. The survey included data on postgraduate year 1 (PGY-1) residents from July 1996 to July 1999. Three mailings were made to 226 US surgical residency programs. Data were obtained from 90 programs. Surgery program directors disagreed with a survey statement that overall quality of applicants had declined (P<0.01), but agreed with a statement that activities of medical schools to enroll graduating students into primary care had hurt recruitment (P<0.001). Objective data revealed no change in mean USMLE part I scores of PGY-1 residents over the 4 years (P = 0.265, power = 0.81). There was no change in proportion of matched residents who were AOA over time. The mean score of all new PGY-1 residents, the rank of the first matched resident, the rank of the last ranked resident, and proportion of AOA students was higher in programs with five or more categorical spots when compared with programs of at most four (P<0.001). Across all programs, there was a trend to go lower on the rank list to fill categorical positions over time (P<0.001).","The results suggest that although there has been some improvement in the selection process for surgeons, it appears that this has not led to an increase in the number of qualified applicants available for admission into these prestigious positions.",
22491133,Health promotion in megachurches: an untapped resource with megareach?,"INTRODUCTION. In the United States, megachurches (churches with 2,000+ attendance) represent a community institution with extensive reach within the population. Despite this potential for reach, the current health promotion practices of megachurches are unknown. This study aimed to document current health promotion activities and resources for health promotion in megachurches. Staff at megachurches were recruited to take an online survey of health promotion programs, health promotion-related beliefs, barriers, and existing resources. Respondents (n = 110 churches) indicated that churches were primarily Baptist (23.6%) or nondenominational (21.1%), had 2,500 to 4,999 congregation members (44.5%), primarily White congregation members (83.5%), and 31 to 60 employees (45.4%). Churches reported 4.73 ± 2.54 activities/year, most commonly reporting clubs or teams related to physical activity (74.5%), hands-on classes (65.5%), and educational activities (59.1%). Most churches (39.1%) reported their primary faith leader was minimally involved in health-related activities. The most common barrier was competition for time/space with other church activities (46.2%). Churches reported several employee health-related policies. Respondents reported a budget of $0 to $499/year for health-related programs (44.4%).","Megachurch staff reported limited access to resources supporting healthy behaviors among congregants. However, many believe they have sufficient resources available to promote healthy lifestyles. Further investigation into these issues may help improve health outcomes among congregations.",
11952467,Does urinary incontinence occurrence depend on the menstrual cycle phase?,"The aim was to study an eventual co-variation of menstrual cycle progression and urinary incontinence (UI) occurrence in 20-54-year-old-women, who have regular menstrual cycles, which are not influenced by exogenous sex hormones. An age-stratified random sample of of 3900 women, aged 20-59 years, answered a questionnaire on UI. The present analysis included 821 women, who reported regular menstrual cycles un-intervened by sex hormone intake. Five percent of the women reported episodes of UI the day before they answered the questionnaire. Urinary incontinence was unassociated with menstrual cycle characteristics, such as time position from day one in the menstrual cycle, presence and amount of bleeding and the number of sanitary towels or tampons used. There was however, a borderline significant association (P = 0.08) with day 11-15 before the expected next menstrual bleeding.",Urinary incontinent is not associated with any specific aspect of the menstrual period when considering all aspects including timing of menstruation onset. This finding suggests that there may be no correlation between UI occurrence and menstrual cycle length itself but rather that it might be related to other factors such as hormonal status or psychological stressors. Further studies should investigate whether this relationship holds true for all types of UI的发生与月经周期长短无关。但也不是说它不相关于其他因素如激素水平或心理压力等。因此还需要进一步的研究来探讨这种关系是否适用于所有类型的UI。,
27474462,Is Alveolar Ridge Split a Risk Factor for Implant Survival?,"There is a paucity of studies that have assessed the long-term outcomes of the alveolar ridge split (ARS). This study evaluated the intraoperative and postoperative complications and assessed the placed dental implant and prosthesis. A retrospective study of the ARS was conducted in a single private dental clinic. The predictor variable was the ARS technique (1 stage vs 2 stages). The primary outcome was the dental implant survival rate. Secondary outcomes were intraoperative complications, marginal bone loss, prosthetic complications, and prosthesis success rate. Descriptive analysis was performed for patients' demographic data, implant details, and prosthetic complications. The Kaplan-Meier method was used to assess implant survival rate and prosthesis success rate. Twenty patients (mean age, 55 ± 6 yr) had a mean follow-up time of 5 years. Delayed implant placement was performed when the residual alveolar bone width was narrower than 3 mm. No intraoperative or postoperative complications were reported. The survival rate of the 31 implants was 100% and the prosthesis success rate was 96.8%.","The results suggest that there is no significant difference between the two-stage versus one-stage ARS techniques regarding implant survival rates or prostheseuccess rates. However, it may be advisable to perform an early implant placement if there is insufficient residual alvo-rnous bone available.",
22041357,Is liver cirrhosis a risk factor for osteonecrosis of the femoral head in adults?,"The relationship between osteonecrosis of the femoral head (OFH) and liver cirrhosis is controversial. The aim of this study was to determine whether liver cirrhosis is associated with the occurrence of OFH. We used the National Health Insurance Database, derived from the Taiwan National Health Insurance program. The study cohort comprised 40,769 adult patients with liver cirrhosis. The comparison cohort consisted of 40,769 randomly selected age- and sex-matched subjects. During the 3-year follow-up period, there were 321 (0.8%) cirrhotic patients with OFH, and 126 (0.3%) non-cirrhotic patients with OFH (p<0.001). Cox's regression analysis, adjusted by the patients' age, sex, and other confounding factors, showed that the cirrhotic patients had a higher risk for occurrence of OFH than non-cirrhotic patients during the 3-year period (hazard ratio=2.38, p<0.001). In this 3-year study, the incidence density of cirrhotic patients hospitalized for OFH was 3 episodes/1,000 person-year.",Liver cirrhisis may be an independent predictor of OFHR in adults. Further studies should investigate whether this association can be explained by different mechanisms or if it exists at all.,
10996691,Outcome of ICSI cycles using frozen-thawed surgically obtained spermatozoa in poor responders to ovarian stimulation: cancellation or proceeding to ICSI?,"To investigate the ICSI outcome of the patients who produced four follicles or less after ovarian stimulation using frozen-thawed surgically obtained spermatozoa. The patient cohort of this study was composed of a carefully selected group of 20 men suffering from obstructive and non-obstructive azoospermia and in whom spermatozoa had been seen in their harvested epididymal aspirates and testicular tissues and the cryopreserved specimens had been used for subsequent ICSI cycles. This group of men represent those in whom the female partners produced only four follicles or less after ovarian stimulation. For the cases of obstructive azoospermia with MESA (n=6) a total of nine cycles was carried out. Four couples went through one cycle, one couple underwent two cycles, one couple accomplished three cycles. Out of the nine cycles, seven went to embryo transfer. No pregnancy occurred in the MESA-ICSI group of patients. The mean+/-S.D. number of oocytes per cycle was 2.556+/-1.236, the mean+/-S.D. number of embryos per transfer was 1.444+/-1.014. Two couples did not have an embryo replacement because of absence of fertilisation. The mean+/-S. D. number of gonadotropin ampoules was 53.88+/-37.30 and the mean+/-S.D. duration of ovarian stimulation was 13.38+/-4.534 days. For the cases of non-obstructive azoospermia with TESE (n=14) a total of 16 cycles was carried out. Thirteen couples went through one cycle, one couple accomplished three cycles. Out of the 16 cycles, 11 cycles went to embryo transfer. One pregnancy occurred in the TESE-ICSI group of patients, which produced live offspring. The mean+/-S.D. number of oocytes per cycle was 3.00+/-1.211, the mean+/-S.D. number of embryos per transfer was 1.313+/-1.195. Five couples did not have an embryo replacement, four of them because of absence of fertilisation and one because of abnormal fertilisation (3 PN). The mean+/-S.D. number of gonadotropin ampoules was 81. 77+/-53.40 and the mean+/-S.D. duration of ovarian stimulation was 16.71+/-3.667 days.","The results show that there is no significant difference between the outcomes achieved by ICISSC when performed on patients whose eggs were available before they started treatment versus those whose eggs could be retrieved later during the course of treatment. However, it should be noted that some patients may require additional time before undergoing ICI-SICS due to lack of availability of eggs.",
27368375,Is premeiotic genome elimination an exclusive mechanism for hemiclonal reproduction in hybrid males of the genus Pelophylax?,"The ability to eliminate a parental genome from a eukaryotic germ cell is a phenomenon observed mostly in hybrid organisms displaying an alternative propagation to sexual reproduction. For most taxa, the underlying cellular pathways and timing of the elimination process is only poorly understood. In the water frog hybrid Pelophylax esculentus (parental taxa are P. ridibundus and P. lessonae) the only described mechanism assumes that one parental genome is excluded from the germline during metamorphosis and prior to meiosis, while only second genome enters meiosis after endoreduplication. Our study of hybrids from a P. ridibundus-P. esculentus-male populations known for its production of more types of gametes shows that hybridogenetic mechanism of genome elimination is not uniform. Using comparative genomic hybridization (CGH) on mitotic and meiotic cell stages, we identified at least two pathways of meiotic mechanisms. One type of Pelophylax esculentus males provides supporting evidence of a premeiotic elimination of one parental genome. In several other males we record the presence of both parental genomes in the late phases of meiotic prophase I (diplotene) and metaphase I.",Our results suggest that there may be multiple ways by which parents can prevent their genes from being passed onto offspring. This could explain why some species have evolved different strategies depending on whether they want to produce haploid or diploid individuals.,
21660639,Does adiponectin upregulation attenuate the severity of acute pancreatitis in obesity?,"Obesity is an independent risk factor for severe acute pancreatitis, though the mechanisms underlying this association are unknown. The powerful anti-inflammatory adipokine adiponectin is decreased in obesity. We recently showed that the severity of pancreatitis in obese mice is inversely related to circulating adiponectin levels, and therefore hypothesized that adiponectin upregulation would attenuate the severity of pancreatitis in obese mice. Forty congenitally obese mice were studied. Seven days prior to study, 20 mice received a single tail vein injection of adenovirus expressing recombinant murine adiponectin (APN; 2 × 10⁸ plaque forming unit (pfu)), and the remainder received a control adenoviral vector expressing β-galactosidase (β-gal; 2 × 10⁸ pfu). Half of the mice in each group had pancreatitis induced by cerulein injection (50 mcg/kg IP hourly for 6 h). The other half received saline on the same schedule. Serum APN concentration and pancreatic tissue concentrations of interleukin (IL)-6, IL-1β, and MCP-1 were measured by ELISA. Histologic pancreatitis score was calculated based on the degree of inflammation (0-4), edema (0-4), and vacuolization (0-4). Data were analyzed by ANOVA and Tukey's tests; p < 0.05 was considered significant. No difference in body weight was observed between groups. Serum APN was significantly upregulated in the APN group compared with the β-gal group. Pancreatic tissue concentration of IL-6 was significantly decreased in the APN group compared with the β-gal group. No change either in pancreatic tissue concentration of IL-1β and MCP-1 or in the severity of histologic pancreatitis were observed.",Adiponectins may play an important role in preventing or reducing the severity and/or progression of acute pancreatic injury.,
19594266,Can the influence of childhood socioeconomic status on men's and women's adult body mass be explained by adult socioeconomic status or personality?,"On the basis of a life-course risk-chain framework, the authors examined whether (a) residual associations between childhood socioeconomic status (SES) and adult obesity and body mass index (BMI) would be observed in women but not men after adjusting for adult SES, (b) adult Big Five personality traits would be associated with adult body mass in both genders, and (c) personality would explain unique variation in outcomes beyond child and adult SES. National survey (Midlife Development in the United States study; N = 2,922). BMI and obesity. (a) In both genders, association between childhood SES and adult obesity were accounted for entirely by adult SES, but its effect on adult BMI was observed only in women; (b) higher conscientiousness was associated with lower obesity prevalence and BMI in both genders, although more strongly in women, and in men, greater obesity prevalence was associated with higher agreeableness and neuroticism; and (c) personality explained unique outcome variation in both genders.","The results suggest that while there may be some shared mechanisms underlying these relationships across gender, they differ significantly enough to warrant separate analyses. The findings also indicate that personality can play an important role in determining how adults respond to their environment.",
25343873,"Does cruciate retention primary total knee arthroplasty affect proprioception, strength and clinical outcome?","It remains unclear what the contribution of the PCL is in total knee arthroplasty (TKA). The goal of this study was to investigate the influence of the PCL in TKA in relationship to clinical outcome, strength and proprioception. Two arthroplasty designs were compared: a posterior cruciate-substituting (PS) and a posterior cruciate-retaining (CR) TKA. A retrospective analysis was performed of 27 CR and 18 PS implants with a minimum of 1 year in vivo. Both groups were compared in terms of clinical outcome (range of motion, visual analogue scale for pain, Hospital for Special Surgery Knee Scoring system, Lysholm score and Knee Injury and Osteoarthritis Outcome Score), strength (Biodex System 3 Dynamometer(®)) and proprioception (balance and postural control using the Balance Master system(®)). Each design was also compared to the non-operated contralateral side in terms of strength and proprioception. There were no significant differences between both designs in terms of clinical outcome and strength. In terms of proprioception, only the rhythmic weight test at slow and moderate speed shifting from left to right was significant in favour of the CR design. None of the unilateral stance tests showed any significant difference between both designs. There was no difference in terms of strength and proprioception between the operated side and the non-operated side.",The results suggest that there may be some benefit from retaining the PCl during TKA but not all surgeons will agree on whether or not it should be done.,
22067526,Is the intake of sugar-containing beverages during adolescence related to adult weight status?,"To investigate the relationship between the intake of sugar-containing beverages (SCB) at the age of 13 years and adult weight status 24–30 years later. A longitudinal study with 30 years of follow-up from adolescence (age 13 years in 1976) to adulthood (up to 2000 and 2006). Dietary intake was assessed through cross-check dietary history face-to-face interviews by a dietitian. Beverages were divided into two categories: (i) total SCB and (ii) SCB excluding 100% fruit juices. Percentage of total fat (%total fat) and percentage of trunk fat (%trunk fat) were obtained through dual-energy X-ray absorptiometry measurements; body weight and height were measured by trained staff. Amsterdam Growth and Health Longitudinal Study, the Netherlands. One hundred and fourteen males and 124 females. In males, but not in females, each additional daily serving of SCB excluding 100% fruit juices at 13 years was associated with 1?14% higher %total fat (95% CI 0?04, 2?23 %; P50?04) and 1?62% higher %trunk fat (95% CI 0?14, 3?10 %; P50?03) in adulthood after correction for confounders. No statistically significant relationship was found between the intake of SCB excluding 100% fruit juices at the age of 13 and BMI in both sexes. In addition, no statistically significant relationships were found between the intake of total SCB and all measures of adult weight status in both sexes.",The results suggest that there may be an association between the consumption of SCBs and obesity among young adults but this does not seem to be mediated by changes in body composition. Further studies should include more detailed information about the type of beverage consumed as well as other factors affecting body weight such as physical activity level or socioeconomic status.,
25316468,Is uterine depth measurement by trans-vaginal ultrasound alone as accurate as measurement carried out by trans-abdominal ultrasound-guided trial transfer?,"To assess the reliability of trans-vaginal-scan (TVS) in measuring the uterine depth (UD) in comparison with ultrasound-guided trial-transfer (UTT). This prospective study was conducted in 66 consecutive patients undergoing in-vitro fertilization and embryo transfer (IVF-ET). The study took place in a private IVF center in Jeddah, Saudi Arabia between November 2013 and January 2014. The patients underwent UD measurements using TVS and UTT, sequentially. All scans were performed by a single sonographer, and all UTT were carried out by a single physician who was blinded to the TVS measurement. The median (95% confidence interval) UD measurement using the TVS method was 6.9 cm (5.0-12.5) and UTT was 7.1 cm (5.9-13.5), (p&lt;0.0001). Fifteen patients (22.7%) had a difference of&gt;1 cm between the 2 measurement modalities (group-B). When measured by UTT, 93.3% of patients in group-B had UD&gt;/-8cm, compared with 9.8% of patients in group-A, (p&lt;0.0001). Group-B had a significantly longer uterine cavity when measured by UTT (p&lt;0.0001), and a trend towards significance when measured by TVS (p=0.055). The TVS measurements generally underestimated UD when compared with UTT.",The results suggest that TVS is not reliable for estimating the true size of the uterus during IVF-ETS.,
21427337,The lack of growth in use of coronary CT angiography: is it being appropriately used?,"The purpose of this article is to study recent utilization trends in coronary CT angiography (CTA) and compare them with radionuclide myocardial perfusion imaging (MPI), a competing procedure. The nationwide Medicare Part B databases were used to determine utilization rates per 100,000 beneficiaries. Rates for coronary CTA were studied from 2006 (the first year Current Procedural Terminology codes were available for this procedure) through 2008. Rates for MPI were studied from 1998 through 2008. Medicare specialty codes were used to identify examinations done by radiologists and cardiologists. The coronary CTA total utilization rate per 100,000 rose from 99 in 2006 to 210 in 2007 (112%) but then decreased to 193 in 2008 (-8%). The rate for MPI increased from 4748 in 1998 to a peak of 8753 in 2006 (84%), then declined to 8467 in 2008. Cardiologists performed the majority of both coronary CTA and MPI. In 2008, MPI was performed 44 times as often as coronary CTA.",Coronary CTA has been growing steadily over the past decade while MPI usage has stagnated or even declined. This may be due to differences between these procedures' clinical applications or because they have different technical requirements. Further studies should investigate whether there is an association between these two procedures' use and patient outcomes.,
8956708,Can telemedicine be used to improve communication between primary and secondary care?,"To test feasibility and acceptability of teleconferencing routine outpatient consultations. Exploratory trial of teleconferenced outpatient referrals of general practitioners. An inner city teaching hospital and surrounding general practices. Six general practices linked to hospital outpatient clinics. Levels of participants' satisfaction measured with self administered questionnaires. 54 teleconsultations were performed in 10 different specialties. Few serious technical problems were encountered, and high levels of satisfaction with the consultations were reported by patients, hospital specialists, and general practitioners.","Teleconferences can be an effective way of improving patient-provider relations within urban settings where there is limited access to specialist services. However, further investigation into its effectiveness needs to be conducted before it becomes widely accepted as part of clinical practice.",
16479341,Does familial non-medullary thyroid cancer adversely affect survival?,"Familial non-medullary thyroid cancer (FNMTC) is associated with a higher rate of multifocality and a higher recurrence rate than sporadic thyroid cancer. However, the effect of FNMTC on life expectancy is unknown. Using data from our FNMTC database, we calculated life expectancy and survival rates after diagnosis of FNMTC and compared the results with the rates for unaffected family members and for the standard US population. Overall life expectancy and survival rates were calculated using the Kaplan-Meier method. We compared patients from families with 2 affected members with patients from families with>or = 3 affected members. We also compared patients diagnosed in a known familial setting (index cases and subsequent cases) with patients diagnosed before the familial setting was recognized. There were 139 affected patients with 757 unaffected family members. The mean age at diagnosis was 40.8 +/- 13.9 years and the mean follow-up time was 9.4 +/- 11.7 years. Ten patients died of thyroid cancer during follow-up. The life expectancy of patients with FNMTC was similar to that of their unaffected family members. Survival was significantly shorter for patients with 3 or more affected family members, for patients diagnosed before the familial setting was recognized, and for patients with anaplastic cancer.",The results suggest that there may be no significant difference between survivors of patients who have had one or two affected relatives versus those whose family has many affected individuals. Further studies should investigate whether this pattern persists over time.,
26222353,Does the side of middle cerebral artery compromise matters in the mortality after thrombolysis in ischemic stroke?,"The impact of the side in middle cerebral artery (MCA) ischemic stroke is not well established. Our aim was to analyze the differences between right (RMCA) and left middle cerebral artery (LMCA) stroke in patients submitted to intravenous thrombolysis and the influence of the affected side in the patient's mortality after 3 months. Patients with MCA ischemic stroke submitted to intravenous thrombolysis from March 2010 to December 2011 at two Brazilian Stroke Centers were included. Differences between patients with RMCA and LMCA stroke were identified by univariate analysis. Forty-five patients with RMCA stroke and 67 with LMCA stroke were analyzed. Patients with LMCA had a higher incidence of atrial fibrillation (p = 0.031), although patients with RMCA more often had a previous ischemic stroke (p = 0.034). The mortality over 3 months was similar for either side (OR = 1.20 ;0.37 - 4.29, p = 0.772).","In this study we did not find any significant difference regarding mortality rate among those who have or do not have an affected side during thrombolytic therapy. However, it seems that there may be some benefits if one can choose which side will receive treatment.",
9656873,Reduction in size of digital images: does it lead to less detectability or loss of diagnostic information?,"To analyse the effect of reduction in size of digital images on diagnostic outcome. A series of 100 Visualix III (Gendex Dental Systems, Milano, Italy; Dentsply, Des Plaines, IL, USA) images was made of size 10 and 15 endodontic files in upper and lower (pre)molars. Three forms of image were created: (a) the original images, (b) reduced to one-half (containing one-quarter of the information of the original, and (c) zoomed-in, half-size images (magnification 2:1; original image size but with only one-quarter of the original information). Seven radiologists were asked to rate the position of the tip of the file, using a five-point confidence scale. ROC data were analysed by means of MANOVA statistics. A significant difference was found between the three image modalities for both size 10 (P<0.005), and size 15 (P<0.021) files.","The results show that reducing the size of an image leads to decreased sensitivity as well as increased specificity. This may be due to the fact that smaller images contain more details than larger ones. However, this should not be interpreted as saying that all types of images have equal value when used for diagnosis purposes.",
17918008,Is there an association between coeliac disease and inflammatory bowel diseases?,"The relationship between coeliac disease and inflammatory bowel disease (IBD) is controversial. The aim of this study was to determine the prevalence of coeliac disease in IBD and the prevalence of IBD in coeliac disease. Patients were enrolled from specialist IBD and coeliac clinics. Antigliadins, endomysial, tissue transglutaminase antibody and total IgA levels were measured in IBD patients. Patients with positive antibodies were offered a duodenal biopsy. The notes on coeliac patients were reviewed for colonoscopic and biopsy findings. Controls were recruited from the local population. The study included 305 patients with coeliac disease, 354 with IBD and 601 healthy controls. The IBD group comprised 154 ulcerative colitis (UC) cases, 173 Crohn's disease, 18 indeterminate colitis and 9 cases of microscopic colitis. Forty-seven patients had positive antibodies and 3 had villous atrophy on biopsy. All three patients had positive anti-tissue transglutaminase antibodies but only two were endomysial antibody (EMA) positive. Ten coeliac patients had IBD (5 UC and 5 lymphocytic colitis). Five controls had coeliac disease and 2 had IBD (1 Crohn's disease and 1 UC). Stepwise multiple logistic regression showed only antibody positivity as being significant (p<0.0001).",Coeliac disease occurs more frequently than expected among people with IBS or other forms of irritable bowel syndrome. This may be due to differences in clinical presentation or because some individuals with coeliacs have been misdiagnosed as having IBD. Further studies should investigate whether this difference exists.,
24794064,Does intentional support of degree programs in general surgery residency affect research productivity or pursuit of academic surgery?,"Many residents supplement general surgery training with years of dedicated research, and an increasing number at our institution pursue additional degrees. We sought to determine whether it was worth the financial cost for residency programs to support degrees. We reviewed graduating chief residents (n = 69) in general surgery at Vanderbilt University from 2001 to 2010 and collected the data including research time and additional degrees obtained. We then compared this information with the following parameters: (1) total papers, (2) first-author papers, (3) Journal Citation Reports impact factors of journals in which papers were published, and (4) first job after residency or fellowship training. The general surgery resident training program at Vanderbilt University is an academic program, approved to finish training 7 chief residents yearly during the time period studied. Chief residents in general surgery at Vanderbilt who finished their training 2001 through 2010. We found that completion of a degree during residency was significantly associated with more total and first-author publications as compared with those by residents with only dedicated research time (p = 0.001 and p = 0.017). Residents completing a degree also produced publications of a higher caliber and level of authorship as determined by an adjusted resident impact factor score as compared with those by residents with laboratory research time only (p = 0.005). Degree completion also was significantly correlated with a first job in academia if compared to those with dedicated research time only (p = 0.046).",Intentional support of graduate-level education within the framework of academic medical centers appears to be beneficial for both residents' own career goals and those of other physicians working in the field.,
12545238,Do patients who self-harm consult their general practitioner soon after hospital discharge?,"Deliberate self-harm (DSH, attempted suicide) is one of the most common reasons for emergency hospital admission in Great Britain. Approximately 20 % of patients repeat self-harm in the 12 months after admission. The GP's role in DSH aftercare and the prevention of repeat episodes is unclear. The data were obtained from a 12-month follow-up of a series of 968 consecutive patients from 49 practices who attended an accident and emergency (A&E) department in Bristol or Bath, UK, following an episode of self-harm between 26(th) May 1997 and 1(st) March 1999. Information on consultation patterns were available for 681 (70 %) of the patients. Two hundred and fourteen (31 %) of these consulted their GP in the week following the episode, 360 (53 %) within 4 weeks. Of the subjects, 44 % were discharged directly from A&E; these patients were more likely to consult their GP in the 4 weeks after the episode. Over the 12-month follow-up, 117 (17 %) attended hospital for a repeat episode of DSH; 9 % of these repeats occurred within 1 week and 28 % within 4 weeks of the index event. Although few (2 out of 11 patients--18 %) of those repeating in the first week after the index episode consulted their GP prior to repeating, 50 % (11/22) of those who repeated in the 1-4 weeks after an episode did so.",Patients who have committed themselves to death by means other than suicide often do not seek medical advice until much later when they may be at risk of another attempt. Further investigation into this issue should include examining whether there is any relationship between the timing of consultations with GPs and subsequent attempts at suicide.,
15489586,Does cooling Sengstaken-Blakemore tubes aid insertion?,"To survey current clinical practice concerning the use of Sengstaken-Blakemore (SB) tubes and to determine whether cooling the tubes alters their stiffness. A telephone questionnaire was conducted of gastroenterology registrars and ITU departments in the North Thames region. The current clinical practice for insertion of SB tubes and the basis for this practice were determined in each case. The stiffness of the tubes was measured at -10 degrees C and 20 degrees C by measuring the extension (in mm) resulting from an applied load (in newtons). The time for tube warming from -30 degrees C when in stationary air and when in contact with skin was also recorded. Fifty registrars were contacted and 20 ITU departments were surveyed. All ITU departments involved the gastroenterologists in the management of acute variceal bleeds. Eight registrars had never placed an SB tube. The majority of the remainder (95%) used a cooled SB tube. All of the registrars based this practice upon their clinical teaching, and 75% of these registrars thought cooling aided the insertion of the tube. There was no significant difference in the stiffness of the tubes at -10 degrees C and 20 degrees C. Upon warming, an SB tube took 30 s to rise from 0 degrees C to room temperature (20 degrees C) when in skin contact and 120 s when placed in stationary air.",The majority of registered clinicians do not place SB tubes on patients who have been admitted into hospital due to severe bleeding or shock. If they must insert them then it is recommended that they be warmed before being inserted.,
21627847,Are Australian immigrants at a risk of being physically inactive?,"We examined whether physical activity risk differed between migrant sub-groups and the Australian-born population. Data were drawn from the Australian National Health Survey (2001) and each resident's country of birth was classified into one of 13 regions. Data were gathered on each resident's physical activity level in the fortnight preceding the survey. Multivariable logistic regression, adjusted for potential confounders examined the risk of physical inactivity of participants from each of the 13 regions compared to the Australian-born population. There was a greater prevalence of physical inactivity for female immigrants from most regions compared to male immigrants from a like region. Immigrants from South East Asia (OR 2.04% 95% CI 1.63, 2.56), Other Asia (OR 1.53 95% CI 1.10, 2.13), Other Oceania (1.81 95% CI 1.11, 2.95), the Middle East (OR 1.42 95% CI 0.97, 2.06 [note: border line significance]) and Southern&Eastern Europe are at a significantly higher risk of being physically inactive compared to those born in Australian. In contrast, immigrants from New Zealand (OR 0.77 95% CI 0.62, 0.94), the UK&Ireland (OR 0.82 95% CI 0.73, 0.92), and other Africa (OR 0.69 95% CI 0.51, 0.94) are at a significantly lower risk of being physically inactive compared to the Australian born population.",Immigrant groups have different levels of physical activity than their counterparts within Australia. This may be due to differences in cultural norms or environmental factors that influence health behaviours.,
16274377,Is physical activity counseling effective for older people?,"To establish the effectiveness of the Green Prescription physical activity counseling program in increasing activity and quality of life in older community-dwelling people. Post hoc subgroup analysis of a large cluster randomized, controlled trial. One hundred seventeen doctors in 42 primary care practices (74% participation rate) in the Waikato region of New Zealand. Two hundred seventy sedentary primary healthcare patients aged 65 and older (67% participation rate). Patients in intervention practices prompted their primary care doctors or practice nurse to deliver brief activity counseling. A ""Green Prescription"" was written involving the negotiation of activity goals. Trained exercise specialists from a regional sports foundation gave follow-up telephone support over 3 months. Leisure moderate and vigorous physical activity, total energy expenditure, systolic and diastolic blood pressure, health-related quality of life, musculoskeletal injuries, falls, and hospitalizations. After 12 months of follow-up, leisure time moderate activity increased by 0.67 h/wk more in the intervention group than the control group (95% confidence interval (CI)=0.17-1.17) and energy expenditure increased by 2.67 kcal/kg per week (95% CI=0.87-4.47) more. For intervention group participants, vitality and general health scales of the 36-item Short Form showed statistically and clinically relevant improvements, and there was a decrease in hospitalizations (P<.03). There were no observable changes in blood pressure, injuries, or falls as a result of the Green Prescription program.",The Green Prescription is an effective way to increase physical activity levels among elderly individuals who do not have access to professional advice on how best to achieve them.,
24456772,Can single positive core prostate cancer at biopsy be considered a low-risk disease after radical prostatectomy?,"Single positive core in a prostate biopsy is usually associated with indolent prostate cancer (PCa) and is one of the active surveillance (AS) inclusion criteria. We investigated whether single positive core PCa at biopsy could define an archetype of low-risk disease. A total of 1320 consecutive patients were enrolled. Among them, 249 patients with single positive core PCa were followed up, and the clinical and pathological parameters influencing prognosis were analyzed. Out of the 249 patients, 172 (69.0%) had pathological findings ≥ pT2c and 87 (34.9%) had an undergraded Gleason Score (GS) based on the biopsy. Positive surgical margins (PSMs), extraprostatic extension (EPE) and seminal vesicle invasion (SVI) were found in 20.8%, 10.0% and 6.0% of patients, respectively. In a comparative analysis, we found that the PSA level, prostate weight and number of cores at biopsy are essential to correctly predict an indolent PCa. A total of 125 patients (67.3%) with nonpalpable tumors became high-risk tumors (pT2c-T3). Analyzing only nonpalpable tumors with a GS of 6 at biopsy (156 patients), we noted that 106 (67.9% of cT1) progressed from cT1c to pT2c-pT3.",The presence of a single positive PSM does not necessarily indicate poor prognosis for this type of PCa; rather it may suggest that there exists some degree of malignancy within the tumor. Further studies should investigate whether these patients can benefit from AS treatment or if they will develop into more aggressive forms of PCAs.,
8647964,Are all 585 nm pulsed dye lasers equivalent?,"Flashlamp-pumped pulsed dye lasers (585 nm) are used to treat port-wine stains and other cutaneous vascular lesions. Strikingly different tissue effects were seen after two apparently similar 585 nm pulsed dye lasers at equivalent fluences were used. We compared the photometric and histologic effects of two apparently similar 585 nm flashlamp-pumped pulsed dye laser systems. The burn pattern and beam profile analysis of two Candela SPTL-1 lasers and two Cynosure Photogenica V lasers were compared. Various fluences and spot sizes of the Cynosure laser were placed on normal skin and evaluated for histologic change. Variation between the stated area of the spot and the actual measured area of the spot was found in all lasers studied. The area of the 5 mm spot of the two Candela lasers studied was 35% and 31% larger, respectively, than the stated area. The Cynosure lasers had areas that were 8% and 4% smaller than the stated area. Neither beam profile was uniform. The Candela laser maintained a gaussian-like distribution of energy, whereas the Cynosure laser beam profile resembled a top hat with a more even distribution of energy. Histologic studies confirmed the maintenance of vascular specificity without nonspecific thermal damage.","The results suggest that there may be some differences among the various types of pulsed-dye lasers available today. However, it appears unlikely that these differences would result in significant changes in clinical practice or patient outcomes.",
26750580,Motor unit number index (MUNIX): Is it relevant in chronic inflammatory demyelinating polyradiculoneuropathy (CIDP)?,"To determine the test-retest reliability of motor unit number index (MUNIX) technique and to explore if the MUNIX sumscore could be related with disability in chronic inflammatory demyelinating polyradiculoneuropathy (CIDP). The MUNIX technique was unilaterally assessed in the abductor digiti mini (ADM), the abductor pollicis brevi (APB) and the tibialis anterior (TA) muscles two different times by two blinded examiners. The MUNIX sumscore was calculated by adding the results of the ADM, APB and TA muscles. 14 CIDP patients were enrolled. The intraclass correlation coefficient (ICC) was great for inter and intra variability for ADM muscles (0.8 and 0.81), TA muscles (0.86 and 0.89) and MUNIX sumscore (0.76 and 0.83). The MUNIX sumscores from the first and second evaluations were strongly correlated (r=0.83, p<0.001). The MUNIX sumscore was significantly correlated with MRC testing (r=0.71, p<0.01), overall neuropathy limitation scale (ONLS) (r=-0.70, p<0.001), rasch-built overall disability scale (R-ODS) (r=0.71, p<0.001).",The MUNI is an easy-to-use tool that can be used as part of clinical assessment when evaluating muscle function during treatment or rehabilitation programs. It may also help identify those patients who have poor response to current treatments.,
15807870,Clinical indicators of biochemical remission in acromegaly: does incomplete disease control always mean therapeutic failure?,"Correction of GH and IGF-I levels are associated with improvements in insulin secretion, cardiac performance and body composition in patients with acromegaly, but whether these parallel post-treatment levels of GH-IGF-I axis activity is undefined. We investigate whether various biochemical outcomes after transsphenoidal pituitary surgery (TSS) in these patients are associated with clinically relevant differences in cardiac performance, insulin resistance and body composition. Cross-sectional study of consecutive patients with acromegaly admitted to the hospital between 2001 and 2002. Forty-one patients after TSS for somatotroph pituitary adenoma and 23 patients with naive acromegaly serving as positive controls were enrolled in the study. Mean daily GH levels (mGH), IGF-I, leptin and lipid levels, glucose, insulin and GH concentrations during oral glucose tolerance test (oGTT) were measured in all study participants. Insulin resistance was measured by homeostatic model index (R(HOMA)). Body composition was assessed by dual-energy X-ray absorptiometry. Left ventricular mass index (LVM(i)) and cardiac index (C(i)) were determined by echocardiography. We found no difference in cardiac indices, insulin resistance, body composition and leptin levels between patients with complete biochemical remission and those with inadequately controlled disease (P>0.05 for all) after TSS. Cured patients had lower values (mean +/- SD) of cardiac index (2.2 +/- 0.7 vs. 3.0 +/- 1.0 l/min/m(2); P = 0.04) compared with naive patients. A similar decrease in LVM(i) was observed in controlled (108.4 +/- 30.0 g/m(2); P = 0.015) and inadequately controlled disease (108.8 +/- 30.7 g/m(2); P = 0.03) in comparison with naive disease (160.3 +/- 80.6 g/m(2)). Insulin resistance and leptin changed in opposite ways. In controlled and inadequately controlled disease, R(HOMA) index was lower (2.2 +/- 1.4; P = 0.001 and 3.1 +/- 2.0; P = 0.05 vs. 5.1 +/- 3.1) while leptin concentration was higher (14.9 +/- 8.7 microg/l, P = 0.004 and 12.8 +/- 7.8 microg/l, P = 0.05 vs. 7.4 +/- 3.8 microg/l) than in naive disease. In all patients, leptin correlated negatively with cardiac index (r = -0.46; P = 0.001) and IGF-I levels (r = -0.45; P<0.001). Independent predictors of biochemical remission, based on normal IGF-I levels only, were cardiac [P = 0.04, odds ratio (OR) 0.4; 95% confidence interval (CI) 0.2-0.9] and R(HOMA) index (P = 0.009, OR 0.6; 95% CI 0.4-0.8). Similar results were obtained if the definition of cure included both normal IGF-I levels and the ability to achieve GH nadir<1 microg/l during oGTT. Insulin resistance (P = 0.02, OR 0.6; 95% CI 0.4-0.9) and leptin level (P = 0.002, OR 1.3; 95% CI 1.1-1.6) were independent predictors of normalized mGH values.","Inadequate control of disease leads to increased risk of developing metabolic disorders such as diabetes mellitus type II or obesity. However, there may also be some benefit from maintaining adequate GH levels even when they do not fully resolve.",
24199737,"Local Wellness Policy 5 years later: is it making a difference for students in low-income, rural Colorado elementary schools?","The federally mandated Local Wellness Policy (LWP) was intended to promote student health in schools. This study assesses the 5-year effects of the LWP on the health practices of rural elementary schools in Colorado. One year before and 5 years after the LWP mandate, a survey was administered to a random sample of principals, physical education (PE) teachers, and food-service managers in 45 rural, low-income elementary schools in Colorado. Response rates were 71% in 2005 and 89% in 2011. Minutes for PE and recess did not increase, nor did offerings of fresh fruits and vegetables. More schools adopted policies prohibiting teachers from taking recess away as punishment (9.7% in 2005 vs 38.5% in 2011, P = .02) or for making up missed instructional time, class work, or tests in other subjects (3.2% in 2005 vs 28.2% in 2011, P = .03). More schools scheduled recess before lunch (22.6% in 2005 vs 46.2% in 2011, P = .04) and developed policies for vending machines (42.9% in 2005 vs 85.7% in 2011, P = .01) and parties (21.4% in 2005 vs 57.9% in 2011, P = .004).","Although some positive changes occurred over this period, there appears to be little improvement in the provision of healthy foods at school meals or in the use of recess as an alternative to classroom activities. These findings suggest that further action may be needed to improve the health outcomes among these children.",
16885180,Once-daily tobramycin in cystic fibrosis: better for clinical outcome than thrice-daily tobramycin but more resistance development?,"Once-daily administration of aminoglycosides in cystic fibrosis (CF) patients is considered equally efficacious and potentially less nephrotoxic than dosing three times a day. However, the choice of the most suitable PK/PD index (C(max)/MIC versus AUC(24)/MIC) to ensure optimum clinical outcome in this patient population is not clear. In a single-centre, open, randomized, controlled, non-blinded study 33 adult CF patients (20 females, 19-37 years) were treated with intravenous tobramycin (10 mg/kg/day) for 14 days given either as single dose once a day (Q24; 17 patients) or divided into three equal doses every 8 h (Q8; 16 patients). Tobramycin serum concentrations and MICs for Pseudomonas aeruginosa were determined on days 1 and 14. The clinical outcome parameter, correlated to PK/PD indices, was the percentage predicted forced expiratory volume in 1 s (FEV(1)% pred.). FEV(1)% pred. improved significantly for both treatments. There was a log-linear relationship between C(max)/MIC and FEV(1)% pred. and AUC/MIC and FEV(1)% pred. for both treatments. For equal values of AUC24/MIC, however, Q24 treatment provided better improvement in lung function than Q8 dosing, whereas C(max)/MIC did not show any dosing interval dependence. A statistically significant increase was observed for MIC (day 1) versus MIC (day 14) for Q24 treatment, however, no such difference was observed for Q8 treatment.","In our study, we found that daily administration of tobramicin does not improve lung function compared to twice-daily dosing but leads to greater resistance development over time. This suggests that it may be safer to administer tobramsins at least twice per week rather than once daily.",
11296802,Are patients truthful about their smoking habits?,"To validate self-report about smoking cessation with biochemical markers of smoking activity amongst patients with ischaemic heart disease. Outpatients at the Division of Cardiology, 75 years of age or younger, who had been Hospitalized at Sahlgrenska University Hospital in Göteborg due to an ischaemic event and who consecutively participated in a nurse-monitored routine care programme for secondary prevention, from 6 February 1997 to 5 February 1998. Data concerning smoking habits were collected through interviews. Two chemical markers, cotinine in plasma and carbon monoxide (CO) in expired air, validated self-reports concerning smoking cessation. 260 former smokers were validated. In the vast majority of the study population, the anamnestic information concurred with the chemical marker. However, 17 patients had chemical markers that contradicted their self-report with raised CO (n = 6) and/or raised cotinine levels (n = 13) without alternative nicotine delivery.",The results suggest that self-reported data can be used as part of a comprehensive approach towards improving patient management by identifying those individuals who may benefit most from further intervention.,
12824942,Is external high frequency oscillation in the treatment of organophosphate poisoning in cats a useful and easily applied method for prehospital ventilatory support?,"Rapid institution of ventilatory support is mandatory in apneic victims of nerve agents (NA) if fatal outcome is to be avoided. The Hayek oscillator (HO)-a high frequency external ventilator can provide non-invasive ventilatory support based on a cuirass tightly fit around the patient chest. Our aim was to investigate the feasibility of provision of resuscitative ventilatory support using the HO to cats poisoned by Dichlorovos (DDVP) an OP and NA-like compound.MATERIAL/ DDVP, 150 mg/kg was administered per os to 10 cats. With the appearance of the first signs of intoxication, the animals were treated with atropine 0.1 mg/Kg. Then, animals were randomly divided into two equal groups: 1) control (no further treatment) or 2) experimental: ventilation using the HO with the following setup: 240 cycles/min, inspiratory and expiratory pressure of -22 and -2 cm H2O respectively and I/E ratio of 1/1. The control cats died within 4-9 min from the initial appearance of signs of systemic poisoning. The experimental 5 cats survived and regained spontaneous breathing ventilation 3 hr thereafter. The use of the HO enabled also clearance of bronchial secretion saving the need for active suctioning of the airways.",The results suggest that this technique may serve as an effective means of providing rapid respiratory support during emergency situations involving acute organophosphorus poisoning.,
23829522,Do negative life events promote gerotranscendence in the second half of life?,"Gerotranscendence has been defined as a developmental shift in meta-perspective from a materialistic and pragmatic view to a more cosmic and transcendent view. Although gerotranscendence has been argued to increase with age and life experiences, the results have been mixed and based on cross-sectional studies. We use a longitudinal setting to investigate the role of negative life events, age, and gender on change in one dimension of gerotranscendence, cosmic transcendence. 1569 individuals (ages 58-89) answered a questionnaire on cosmic transcendence in two cycles of the Longitudinal Aging Study Amsterdam in 1995-1996 (time 1) and 1998-1999 (time 2). Controlling for education, marital status, religious affiliation, chronic diseases, functional limitations, depressive symptoms, and social support, change models based on structural equation modeling were fitted to the data to test whether negative life events, age, and gender were associated with change in cosmic transcendence. A higher number of negative life events, especially negative life events other than deaths of others, were associated with increased cosmic transcendence, whereas experiencing no negative life events was associated with decreased cosmic transcendence. The level of cosmic dimension was higher at older than younger ages. Cosmic transcendence decreased over time among the older participants and women, whereas it increased among the younger participants and men.",Negative life events may contribute to increasing cosmic transcendentality during old age but also decrease its magnitude. This finding suggests that interventions aimed at promoting positive emotions should take into account both their impact on emotional well-being and their effect on cognitive functioning.,
22611181,Does the number of wires used to close a sternotomy have an impact on deep sternal wound infection?,"We studied the influence of the number of sternotomy mechanical fixation points on deep sternal wound infection (DSWI). Between September 2007 and February 2011, 2672 patients underwent a standard peri-sternal wire closure following a median sternotomy for a first-time cardiac surgery. Data were collected during the study period. The mean age of the patients was 66 ± 11 and 1978 (74.0%) were male. The mean body mass index (BMI) was 28.9 ± 9.3 and the median of the logistic EuroSCORE was 3.14, with a range of 0.88-54.1. Postoperatively, 40 (1.5%) patients developed DSWI after 14 ± 6 days, of whom 39 (92.5%) had positive deep sternal wound specimen cultures, predominantly Staphylococci (62.5%). The risk of DSWI was significantly increased in patients in whom eight or fewer paired points of sternal wire fixation were used when compared with patients in whom nine or more paired points of fixation were used (P = 0.002). Preoperative myocardial infarction (P = 0.001), elevated BMI (P = 0.046), bilateral internal mammary artery harvest (P<0.0001), postoperative hypoxia (P<0.0001), sepsis (P = 0.019) and postoperative inotrope use (P = 0.007) significantly increased the risk of DSWI.",The number of pairs of wires that can be used before developing DSIW is related to the incidence of DWSIs. This may suggest that there should be no limit set by the number or type of wires employed but rather that they should be chosen based on their ability to prevent DWSI的发生。,
12473884,Endorectal advancement flap: are there predictors of failure?,"The management of complex perianal fistulas with endorectal advancement flap is aimed at avoiding the risk of sphincter injury associated with traditional surgical methods. Long-term follow-up is required to assess the recurrence and continence outcomes of this procedure. The aim of this study was to review our experience with endorectal advancement flap in the treatment of complex perianal fistulas and to define the predictors of successful healing. A retrospective chart review of all patients who underwent endorectal advancement flap for complex perianal fistulas between 1988 and 2000 was performed. Follow-up was established by telephone interview. One hundred six consecutive endorectal advancement flap procedures were performed on 94 patients (94.4 percent). There were 56 females (59.6 percent). Mean age was 41.6 (range, 18-76) years. Cryptoglandular disease was the most common cause of fistula (n = 41, 43.6 percent), followed by Crohn's disease (n = 28, 29.8 percent). At a mean follow-up of 40.3 (range, 1-149) months, the procedure was successful in 56 (59.6 percent) of 94 patients. Twelve patients underwent repeat surgery with the same technique because of initial failure, 8 of whom eventually healed. Crohn's disease was associated with a significantly higher recurrence rate (57.1 percent) when compared with fistulas in patients without Crohn's disease (33.3 percent, P<0.04). Prior attempts at repair of the fistula were not associated with less favorable outcome of the procedure (P = 0.5). Recurrence was not associated with the type of fistula, origin, preoperative steroid use, postoperative bowel confinement, use of postoperative antibiotics, or creation of a diverting stoma. The median time to recurrence was 8 (range, 1-156) weeks; there was no postoperative mortality. Two patients had postoperative bleeding, one requiring resuture of the flap on the first postoperative day. Recurrences were observed in 15.7 percent of the patients 3 or more years after the repair. In 8 patients (9 percent), continence deteriorated after the endorectal advancement flap, a more common finding in patients who had undergone previous surgical repairs (P<0.02).",Endorectals advance flaps appear to be safe if they are performed early enough following diagnosis of an ulcerative colitis-related fistula.,
15079777,Clinical ethical dilemmas for vascular surgeons (the VASCUETHICS study): are self-interest attitudes related to professional seniority?,"To evaluate the association between professional seniority and self-interest (PSI) attitudes in the resolution of vascular ethical dilemmas (VED). Cross-sectional. Vascular surgeons (residents included) from the 28 vascular teaching departments of Spain. Measurements. Multidisciplinary team-designed questionnaire of 5 VED. Each VED had 3 different answers (attitudes): 2 favouring legitimate ethical attitudes (LEA) and 1 favouring PSI. The questionnaire was self-administered and all participants stated their degree of agreement with each answer on a continuous Likert scale. PSI was evaluated by: (1) adding the magnitudes of the 5 answers favouring PSI (absPSI); and (2) by comparing in each case the magnitude of the PSI answer with that of the 2 LEA (relPSI). Linear regression adjusted by confounding factors. Two hundred and fifty-three vascular surgeons from the 26 participating teaching vascular departments of public hospitals completed the questionnaire (87.5% surgeons/department). Surgeon characteristics were: (1) median age 37 years; (2) 187 (74%) male; (3) 59 (23%) brought up with a health professional relative; (4) 94 (38%) had additional private practice; (5) 133 (65%) professed religious beliefs; and (6) 1-10 years of experience in 116 (47%), 11-20 years in 58 (24%), 21-30 years in 57 (23%), and>30 years in 15 (6%). The multivariate analysis disclosed that for every 10-years rise in professional seniority there was a 3.2% increase in absPSI (p=0.007, adjusted by variables 3 and 4), and a 3.4% increase in relPSI (p=0.002, adjusted by variable 5).","Professional seniority does not seem to be associated with PSI attitude towards VEDA. However, it may have an impact on how these issues are resolved.",
15183789,Does refractive error influence the association of blood pressure and retinal vessel diameters?,"To determine if refractive errors influence the association of blood pressure and retinal vessel diameters. Population-based, cross-sectional study. Retinal photographs from the right eyes of participants (n = 3,654, aged 49+ years) in the Blue Mountains Eye Study taken during baseline examinations (1992 to 1994) were digitized. The diameter of all retinal vessels located half to one disk diameter from the disk margin was measured using a computer-assisted imaging program. These measurements were combined to provide the average diameters of retinal arterioles and venules of that eye, and the ratio of their diameters, the arteriole-to-venule ratio (AVR). The association of blood pressure and retinal vessel diameters was analyzed before and after correction for refraction using the Bengtsson formula. Before correction, each 10-mm Hg increase in mean arterial blood pressure was associated with a 3.7-microm (95% confidence interval [CI], 3.2-4.3) decrease in arteriolar diameter and a 0.9-microm (95% CI, 0.3-0.9) decrease in venular diameter. After correction for refraction, each 1-mm Hg increase in mean arterial blood pressure was associated with a 3.7-microm(95% CI, 3.2-4.2) decrease in arteriolar diameter and a 0.8-microm (95% CI, 0.3-0.9) decrease in venular diameter. Refraction was not associated with the AVR and had no effect on the association of blood pressure and AVR.",Refractometry does not alter the relationship between blood pressure levels and changes in retinal vascular size. This finding suggests that other factors may be involved in this association.,
26813001,Is three a crowd?,"To determine the impact of the presence of a medical student on the satisfaction and process of the general practice consultation from the perspective of the general practitioner (GP), patient and student. An observational study was conducted in regional general practices accepting third-year medical students. General practitioners, patients and medical students were asked to complete a questionnaire after each consultation. The main outcome measures were: patient satisfaction; GPs' perceived ability to deliver care; medical students' satisfaction with their learning experience; length of consultation; and patient waiting times. Of the 26 GP practices approached, 11 participated in the study (42.3%). Patients returned 477 questionnaires: 252 consultations with and 225 without a student present. Thirteen GPs completed 473 questionnaires: 248 consultations with and 225 without a student. Twelve students attended 255 consultations. Most patients (83.5%) were comfortable with the presence of a student. There were no significant differences between consultations with and without a student regarding the time the patients spent in the waiting room (p = 0.6), the patients' perspectives of how the GPs dealt with their presenting problems (100% versus 99.2%; p = 0.6) and overall satisfaction with the consultation (99.2% versus 99.1%; p = 0.5). Despite these reassuring findings, a significantly higher proportion of patients in consultations without students raised sensitive or personal issues (26.3% versus 12.6%; p<0.001). There were no statistically significant differences in the lengths of consultations with and without students (81% versus 77% for 6-20 minutes consultation; p = 0.1) or in the GPs' perceptions of how they effectively managed the presenting problem (95.1% versus 96.0%; p = 0.4). Students found that the majority (83.9%) of the 255 consultations were satisfactory for learning.",The presence of an experienced medical student does not appear to have any adverse effect on the quality of consultations provided by junior doctors.,
24916891,Does the CONSORT checklist for abstracts improve the quality of reports of randomized controlled trials on clinical pathways?,"The extension of the Consolidated Standards of Reporting Trials (CONSORT) statement provides reporting guidelines to improve the reporting quality of randomized controlled trials (RCTs). This present study was aim to assess the reporting quality of abstracts of RCTs on clinical pathway. Eight databases were searched from inception to November 2012 to identify RCTs. We extracted basic information and CONSORT items from abstracts. Each abstract was assessed independently by two reviewers. Statistical analyses were performed with SPSS 13.0. Level of significance was set at P < 0.05. 328 abstracts were included. 300 (91.5%) were published in Chinese, of which 292 were published on high impact factor journals. 28 English abstracts were all published on Science Citation Index (SCI) journals. (1) Intervention, objective and outcome were almost fully reported in all abstracts, while recruitment and funding were never reported. (2) There are nine items (P < 0.05) in Chinese that were of low quality compared with in English. There was statistically difference on total score between Chinese and English abstracts (P < 0.00001). (3) There was no difference in any items between high and low impact factor journal in China. (4) In SCI journals, there were significant changes in reporting for three items trial design (P = 0.026), harms (P = 0.039) and trial registration (P = 0.019) in different periods (pre- and post-CONSORT), but only the numbers of randomized (P = 0.003) changed in Chinese abstracts.",The report quality of RCTR studies is poor among Chinese authors. The results suggest that it may be helpful to use this tool as an initial screening tool before submitting an article for publication.,
18506041,Is parent-child interaction therapy effective in reducing stuttering?,"To investigate the efficacy of parent-child interaction therapy (PCIT) with young children who stutter. This is a longitudinal, multiple single-subject study. The participants were 6 children aged 3;3-4;10 [years;months] who had been stuttering for longer than 12 months. Therapy consisted of 6 sessions of clinic-based therapy and 6 weeks of home consolidation. Speech samples were videorecorded during free play with parents at home and analyzed to obtain stuttering data for each child before therapy, during therapy, and up to 12 months posttherapy. Stuttering frequency data obtained during therapy and posttherapy were compared with the frequency and variability of stuttering in the baseline phase. Four of the 6 children significantly reduced stuttering with both parents by the end of the therapy phase.",Parent-child interaction can be an effective way to reduce stuttering among young people who have been stutterers for more than one year. Further studies should examine whether this approach works better on other populations as well as those who have not previously experienced stuttering.,
10817064,Home screening for chlamydial genital infection: is it acceptable to young men and women?,"To determine the acceptability, to young men and women, of home screening for chlamydial infection. We wrote to a random sample of 208 women aged 18-25 years and 225 men aged 18-35 years from three general practices, inviting them to undergo home screening for chlamydial infection. They were asked to return, by normal post, a urine specimen (for men and half of the women) or a vulval swab (other half of the women) for ligase chain reaction (LCR) testing for chlamydial infection. They were also asked to return a short questionnaire about risk status and the acceptability of this approach. The participation rate among the available sample was 39% for women and 46% for men (p = 0.3). However, among women, the rate was slightly higher (p = 0.05) for urine samples (47%) than for vulval swabs (32%). Six per cent of women and 9% of men declined to take part, while 42% of women and 33% of men failed to respond. Two men objected to receiving the package at home. We received few other comments, positive and negative in about equal measure.",Home screening appears to be an effective way of detecting chlamydia infections among both genders but may not be suitable for all individuals due to concerns about privacy issues. Further studies should investigate whether there is any difference between these two groups.,
7806734,Does the ECA underestimate the prevalence of late-life depression?,"This research addresses the most frequently cited methodological criticism of the Epidemiologic Catchment Area (ECA) surveys--which might lead to significantly lower estimates of true prevalence rates for late-life depression--the inability of the Diagnostic Interview Schedule (DIS) to distinguish between somatic symptoms of depression that result from physical causes and those that result from psychiatric causes. The data for this study come from the ECA Wave Two surveys sponsored by the National Institute of Mental Health. In this analysis, symptoms of depression the respondent always attributed to physical causes are recoded to be equivalent to those having a psychiatric cause. The third edition of the Diagnostic and Statistical Manual (DSM-III) scoring algorithm for depression (i.e., dysphoria plus four of the eight Criterion B symptoms) was then applied to the recorded data set. Recording somatic symptoms of depression, originally attributed to physical or medical explanations, to psychiatric symptoms does not result in a disproportionate rise in diagnosable depression in the older age groups.","The results suggest that recording all reported depressive symptoms as being caused by either physical or mental factors will not produce an overestimation of the true incidence of late life depression among older adults. However, it should be noted that there may still be some degree of underdiagnosis due to the fact that many people who report experiencing depression do so without seeking professional help. Further studies should investigate whether these differences can be explained by other factors such as social isolation or lack of access to healthcare services.",
26295668,CT Urography for Diagnosis of Upper Urinary Tract Urothelial Carcinoma: Are Both Nephrographic and Excretory Phases Necessary?,"The objective of our study was to compare the diagnostic performance of nephrographic phase only, excretory phase only, and both nephrographic and excretory phases of CT urography (CTU) for the detection of upper tract urothelial carcinoma. Forty-nine consecutive patients with pathologically proven upper tract urothelial carcinoma who underwent a single-bolus CTU examination were evaluated. Forty-nine control patients with normal findings on two CTU examinations performed at a 1-year interval were included. Two radiologists independently reviewed the 98 CTU examinations at three different sessions (nephrographic phase only, excretory phase only, and both nephrographic and excretory phases simultaneously) and rated the likelihood of the presence of a urothelial carcinoma in each segment of the renal collecting system and ureter using a 5-point scale. Sensitivity, specificity, and AUC of ROC curve were calculated per segment and per patient. A total of 314 segments, 56 of which contained tumors, were evaluated. In the per-segment analysis for reviewers 1 and 2, the sensitivity, specificity, and AUC, respectively, were as follows: 88%, 98%, and 0.95 and 84%, 97%, and 0.94 for the nephrographic phase; 79%, 98%, and 0.91 and 89%, 98%, and 0.95 for the excretory phase; and 88%, 99%, and 0.95 and 89%, 99%, and 0.96 for the combined nephrographic and excretory phases. The AUC of the combined nephrographic and excretory phases was significantly higher than that of the nephrographic phase (per-patient analysis, reviewer 2) and that of excretory phase (per-segment analysis, reviewer 1) but was not significantly different in any other comparisons.","Both nephroscopic and excreting-phase CTU can be used effectively for diagnosing upper urinary tract uropathies. However, it may be more useful if there is suspicion about its occurrence or when additional information cannot be obtained from other modalities such as MRI or ultrasound imaging.",
27778103,Is routine abdominal drainage necessary after liver resection?,"Prophylactic abdominal drainage is performed routinely after liver resection in many centers. The aim of this study was to examine the safety and validity of liver resection without abdominal drainage and to clarify whether routine abdominal drainage after liver resection is necessary. Patients who underwent elective liver resection without bilio-enteric anastomosis between July, 2006 and June, 2012 were divided into two groups, based on whether surgery was performed before or after, we adopted the no-drain strategy. The ""former group"" comprised 256 patients operated on between July, 2006 and June, 2009 and the ""latter group"" comprised 218 patients operated between July, 2009 and June, 2012. We compared the postoperative complications, percutaneous drainage, and postoperative hospital stay between the groups, retrospectively. There were no significant differences in the rates of postoperative bleeding, intraabdominal infection, or bile leakage between the groups. Drain insertion after liver resection did not reduce the rate of percutaneous drainage. Postoperative hospital stay was significantly shorter in the latter group.","Routine abdominal drainage does not appear to be required when performing laparoscopic liver transplantation. However, it should still be considered if there is any doubt about its necessity.",
22518040,A European training system in cardiothoracic surgery: is it time?,"Training in cardiothoracic surgery across Europe remains diverse and variable despite the ever closer integration of European countries at all levels and in all areas of life. Coupled with the increasing ease of movement across Europe, the need for uniform training programmes has arisen to allow for equivalent accreditation and certification. We review the current training paradigms within the specialty across the world and in Europe and also explore the concept of competence. There are diverse training systems across the world and in Europe in particular. Competence-based training is the new model of training; however, competence remains difficult to define and measure. We propose a European Training Programme in Cardiothoracic Surgery that aims to standardize training across the European countries.",The development of an EU-wide training programme will help ensure consistency between different regions while promoting excellence among practitioners. This should lead to improved patient outcomes and reduced costs associated with unnecessary procedures.,
18617594,Fetal cells in the maternal appendix: a marker of inflammation or fetal tissue repair?,"Fetal microchimeric cells that have trafficked into the maternal circulation persist in maternal tissues for years after pregnancy, but their biological role is unclear. We investigated whether fetal cells participate in maternal tissue repair during human pregnancy. Appendix specimens were acquired from women undergoing appendicectomy during (n = 8) or after (n = 1) pregnancy. Fluorescence in situ hybridization (FISH) determined the presence of male presumed-fetal cells, and immunostaining indicated the fetal cell phenotype. Male cells were identified in appendiceal tissues from all women with known present or past male pregnancies (n = 7) and from a woman with a previous spontaneous abortion of undetermined gender (n = 1), but not in one woman with three daughters. One woman was only 6 weeks pregnant at appendicectomy. Male cells were evenly distributed through appendix tissues, in larger numbers where there was a greater degree of inflammation and when the current pregnancy was male. Combined immunostaining and Y-FISH demonstrated male desmin+ muscle cells and CD3+ lymphocytes, suggesting fetal cells had differentiated.",Male fetal cells may be involved in maternal immune responses to infection or other insults. They also appear to play an important role in maintaining normal tissue architecture following delivery.,
20860780,Communicating uncertainty can lead to less decision satisfaction: a necessary cost of involving patients in shared decision making?,"Given the large number of interventions of uncertain effectiveness, research on communicating uncertainty is needed to examine its impact on patients' health decisions. To examine physicians' communication of uncertainty and its impact on patients' decisions and decision satisfaction. Participants included female patients seen in a breast health centre whose physicians were discussing a decision with them, with no clear 'best' choice based on outcome evidence. Decision communication was measured using the OPTION scale, a measure of the degree to which physicians involve patients in a decision-making process. One-to-two weeks after the discussion, patients reported their satisfaction with the decision-making process and their decision. Decisions were verified in medical charts with patient consent. Seventy-five women agreed to participate (94% response rate). The mean translated score of the OPTION scale was 68.0 (SD 18.3), but only 33.2 (SD 19.1) for the uncertainty items. Among cancer patients, communicating uncertainty was negatively related to decision satisfaction (P<0.002), and there was an interaction between patient involvement in decisions and communicating uncertainty in relation to patients' decision satisfaction (P<0.03). Communicating scientific uncertainty might lead to less decision satisfaction among women facing cancer treatment decisions; this could be a natural outcome of the decision making process. Involving patients in decisions might help them tolerate uncertainty.",The results suggest that communicating about uncertainties may not always be beneficial because it can increase patients' anxiety or reduce their trust in healthcare providers. Further studies should investigate whether other factors influence how much patients trust doctors when they have doubts about what will happen next.,
26883651,Is Needle Biopsy Clinically Useful in Preoperative Grading of Central Chondrosarcoma of the Pelvis and Long Bones?,"Central chondrosarcoma of bone is graded on a scale of 1 to 3 according to histological criteria. Clinically, these tumors can be divided into low-grade (Grade 1) and high-grade (Grade 2, Grade 3, and dedifferentiated) chondrosarcomas. Although en bloc resection has been the most widely used treatment, it has become generally accepted that in selected patients with low-grade chondrosarcomas of long bones, curettage is safe and effective. This approach requires an accurate preoperative estimation of grade to avoid under- or overtreatment, but prior reports have indicated that both imaging and biopsy do not always give an accurate prediction of grade.QUESTIONS/ (1) What is the concordance of image-guided needle preoperative biopsy and postoperative grading in central (intramedullary) chondrosarcomas of long bones, and how does this compare with the concordance of image-guided needle preoperative biopsy and postoperative grading in central pelvic chondrosarcomas? (2) What is the concordance of preoperative image-guided needle biopsy and postoperative findings in differentiating low-grade from high-grade central chondrosarcomas of long bones, and how does this compare with the concordance in central pelvic chondrosarcomas? Between 1997 and 2014, in our institution, we treated 126 patients for central chondrosarcomas located in long bones and the pelvis. Of these 126 cases, 41 were located in the pelvis and the remaining 85 cases were located in long bones. This study considers 39 (95%) and 40 (47%) of them, respectively. We included all cases in which histological information was complete regarding preoperative and postoperative tumor grading. We excluded all cases with incomplete data sets or nondiagnostic preoperative biopsies. To evaluate the needle biopsy accuracy, we compared the histological tumor grade, obtained from the preoperative biopsy, with the final histological grade obtained from the postoperative surgical specimen. The weighted and nonweighted kappa statistics were used to evaluate the agreement. Concordance between the preoperative biopsy and the final pathological analysis in terms of histological grade was much higher in long-bone chondrosarcoma than in pelvic chondrosarcoma (83% [33 of 40] versus 36% [14 of 39]; odds ratio, 8, 48). Likewise, the weighted kappa coefficients were higher in long-bone chondrosarcoma than in pelvic chondrosarcoma for the determination of histological grade (0.63; 95% confidence interval [CI], 0.34-0.91 versus 0.12; -0.32 to 0.57; p<0.001). When categorizing the lesions as low grade or high grade, concordance between the preoperative biopsy and the final pathological analysis was much higher in long-bone chondrosarcoma than in pelvic chondrosarcoma (90% [36 of 40] versus 67% [26 of 39]; odds ratio, 4, 5). Likewise, the weighted kappa coefficients were higher in long-bone chondrosarcoma than in pelvic chondrosarcoma (0.73; 95% CI, 0.51-0.94 versus 0.26; 0.04-0.48; p<0.001).","In our experience, preoperative needle biopsy provides good prognostic value when performed by experienced surgeons who follow standard procedures. However, its usefulness may vary depending on whether the patient's history includes any other features associated with poor prognosis such as diabetes mellitus or hypertension.",
18032390,Pre-deployment stress briefing: does it have an effect?,"The role of giving information about stress and stress reactions to people about to be exposed to hazardous situations remains unclear. Such information might improve coping and hence resilience. Alternatively, it might increase the expectancy of experiencing adverse psychological consequences following exposure to a hazard.AIM: To determine the effect of a pre-operational stress briefing on health and occupational indices among Naval and Marine personnel who were subsequently deployed to the 2003 Iraq War. Controlled, non-randomized, parallel group study. Mental health outcomes post-deployment were compared between those who received a pre-operational stress briefing and those who did not receive such a briefing. Stress briefing attendees were slightly younger, more likely to be marines and to have been exposed to traumatic events than non-attendees. There were no significant differences between the two groups for the health outcomes of common mental health disorders, post-traumatic stress disorder or alcohol misuse. Attendees reported higher morale/cohesion but these differences disappeared following adjustment for demographic and military factors. No differences between the two groups were apparent for experiencing problems during or post-deployment or for marital satisfaction.","Pre-operative stress briefings do not appear to enhance resilience against adverse effects from deployment. However, they may help maintain good morale within units. This finding suggests that further investigation into how best to provide this type of support should focus on improving unit cohesion rather than just increasing morale.",
15147465,Do antiphospholipid antibodies increase the long-term risk of thrombotic complications in young patients with a recent TIA or ischemic stroke?,"The purpose of our study was to determine the relative risk of thrombotic events in young patients with a recent TIA or ischemic stroke and positive antiphospholipid antibodies (aPL). We included 128 consecutive patients aged 18-45 years with a recent TIA or ischemic stroke. All patients underwent computed tomography scanning and were screened for cardiovascular risk factors, cardiac disorders and large vessel disease. Lupus anticoagulant (LA) was screened for by an APTT-based assay and a diluted PT-assay. Anticardiolipin antibodies (aCL) were tested by enzyme-linked immunosorbent assay, using cardiolipin and anti-human IgG and IgM. Thrombotic events could be TIA, stroke, myocardial infarction, deep venous thrombosis or pulmonary embolism. Product limit estimates of the time free of TIA or stroke and of the time free of any thrombotic event were made. The relative risk was estimated by means of a Cox proportional hazards regression model. Of the 128 patients, 22 (17.2%) had aPL. The mean follow-up was 3 years and 3 months (range 41 days to 6 yrs). The incidence of any thrombotic event per 100 patient years of follow-up was 9.0, and the incidence of recurrent stroke or TIA was 7.9. The relative risk of any thrombotic event in patients with aPL was 0.9 (95% CI: 0.3-2.4) and for recurrent ischemic stroke or TIA 0.7 (95% CI: 0.3-2.2).","In this cohort of young patients who have experienced a recent episode of TIC or ISI, there is no significant association between LA positivity and occurrence of thromboembolic events over a period of up to 1 year.",
12752033,Self-reported psychotic experiences in the general population: a valid screening tool for DSM-III-R psychotic disorders?,"To examine the diagnostic value of self-reported psychotic-like experiences for DSM-III-R psychotic disorders. A general population sample of 7076 subjects aged 18-64 years was interviewed with the Composite International Diagnostic Interview (CIDI) and, if there was evidence of psychotic experiences, the Structured Clinical Interview for DSM-III-R. The probability of having a psychotic disorder increased in a dose-response fashion with the level of self-reported psychotic experiences, but individual CIDI psychotic experience ratings had relatively low post-test probabilities (PPs) (range: 5.1-26.5%). However, limiting the sample to individuals who had been in contact with mental health services substantially improved PPs (range: 13.3-43.1%).",Self-reporting of psychotic symptoms is associated with higher levels of psychiatric severity than reported by clinicians or other sources. This finding suggests that it may be possible to identify those patients who require further evaluation before they develop psychosis.,
10966905,Aging: a barrier to renutrition?,"Previous reports suggest that correcting the malnourished state is more difficult in elderly people than in younger ones and that protein requirements may be higher in elderly than in younger adults. The aim of this study was to establish whether malnourished old rats respond to protein-supplemented nutritional repletion as do young adult rats. Adult (3 mo old) and old (22 mo old) rats were submitted to dietary restriction programs that induced similar metabolic and nutritional alterations. Malnourished adult and old rats were then killed (R groups) or refed for 1 wk with a high-protein diet (HPD; 23% protein) or a very-high-protein diet (VHPD; 27% protein). Control groups at both ages were fed ad libitum throughout the experiment. Effects of food repletion were evaluated in terms of protein metabolism, intestinal histomorphometry, and nonspecific immune status. In adult rats, HPD sufficed to increase body weight and restore basal values of liver weight and protein content (P:<0.01 compared with the R adult group), nitrogen balance (P:<0.01 compared with the R adult group), and hydrogen peroxide production by polymorphonuclear neutrophils and monocytes (P:<0.01 compared with the R group); VHPD had no supplementary effect except on nitrogen balance. In old rats, HPD was less effective and greater benefit was observed with VHPD in terms of body weight gain (10%; P:<0.01 compared with the old group fed HPD), albuminemia, muscle weight and protein content, plasma arginine concentration, and hydrogen peroxide production by stimulated polymorphonuclear neutrophils and monocytes compared with the old R group (P:<0.01).",The results indicate that aging can act as an obstacle to nutrient supplementation because it reduces the ability of animals to respond positively to such interventions. This finding suggests that future strategies should focus on improving the efficiency of nutrition delivery rather than on increasing its quantity.,
18562333,Is pacifier use a risk factor for acute otitis media?,"Recently, the use of a pacifier has been identified as a risk factor for acute otitis media (AOM). The studies performed so far, however, suffer from methodological limitations. To study whether pacifier use increases the risk of AOM. Four hundred and ninety-five children between the ages of 0 and 4 years followed from 2000 to 2005 in a dynamic population study in the Leidsche Rijn residential area in Utrecht, The Netherlands. At baseline, the parents of these children filled out a questionnaire regarding pacifier use and potential confounders. AOM was diagnosed by GPs according to the International Classification of Primary Care coding system. Odds ratios (ORs) and 95% confidence intervals (CIs) were calculated. Of the 216 children that used a pacifier at baseline, 76 (35%) developed at least one episode of AOM, and of the 260 children that did not use a pacifier, 82 (32%) developed at least one AOM episode; for recurrent AOM, these figures were 33 (16%) versus 27 (11%), respectively. The adjusted ORs for pacifier use and AOM and recurrent AOM were 1.3 (95% CI 0.9-1.9) and 1.9 (95% CI 1.1-3.2), respectively.",Pacifiers can be considered an important risk factor contributing to the development of AOs. This finding suggests that further studies should investigate whether this is due to increased exposure or decreased protection against infection.,
23773380,Does the result of completion axillary lymph node dissection influence the recommendation for adjuvant treatment in sentinel lymph node-positive patients?,"The Hungarian National Institute of Oncology has just closed a single-center randomized clinical study. The Optimal Treatment of the Axilla-Surgery or Radiotherapy (OTOASOR) trial compares completion axillary lymph node dissection (cALND) with regional nodal irradiation (RNI) in patients with sentinel lymph node-positive (SLN+) primary invasive breast cancer. In the investigational treatment arm, patients received 50 Gy RNI instead of cALND. In these patients we had information only about the sentinel lymph node (SLN) status, but the further axillary nodal involvement remained unknown. The aim of this study was to investigate whether the result of cALND influenced the recommendation for adjuvant treatment in patients with SLN+ breast cancer. Patients with SLN+ primary breast cancer were randomized for cALND (arm A, standard treatment) or RNI (arm B, investigational treatment). Adjuvant systemic treatments were given according to the standard institutional protocol, and patients were followed according to the actual institutional guidelines. Between August 2002 and June 2009, 474 SLN+ patients were randomized to cALND (arm A, standard treatment = 244 patients) or RNI (arm B, investigational treatment = 230 patients). The 2 arms were well balanced according to the majority of main prognostic factors. However, more patients were premenopausal (34% vs. 27%; P = .095) and had pT2-3 tumors (57% vs. 40%; P = .003) in the completion axillary lymph node dissection (ALND) arm. On the other hand, there were more patients with known human epidermal growth factor receptor type 2 positive tumor (12% vs. 17%, P = .066) in the RNI arm. In the ALND and RNI arms, 78% (190/244) and 69% (159/230), respectively, received chemotherapy (P = .020). Endocrine therapy was administered in 87% (213/244) of the patients in the ALND arm and 89% (204/230) of the patients in the RNI arm (P = .372). Six patients (2.5%) on arm A and 13 patients (5.7%) on arm B received adjuvant trastuzumab treatment (P = not significant). Subgroup analyses explored that more frequent administration of adjuvant chemotherapy in arm A was associated with the higher percentage of premenopausal patients and patients with larger (pT2-3) tumors.","In our analysis, we found no difference between the two treatment groups regarding the use of adverse therapies during follow-up. We conclude that the results obtained from this pilot study do not support the idea that complete ALNs should be performed before starting adjuvanticity therapy.",
19276825,Is isolated sagittal synostosis an isolated condition?,"Scaphocephaly is the most common type of craniosynostosis. In the medical literature, there is little information about the association of scaphocephaly and other congenital anomalies. To determine the prevalence of genetic anomalies in scaphocephaly patients, a retrospective review of the medical charts of 30 consecutive patients was performed. A questionnaire was sent to parents to evaluate demographics. The male-female ratio was 2:1, 22% of patients were born at less than 37 weeks gestation, and 4% of the patients were twins. Nineteen percent of mothers smoked during pregnancy, and 23% of the mothers consumed alcohol during pregnancy. Eighteen of the 30 patients visited the department of clinical genetics, whereas the other patients were examined by a pediatrician. Genetic analysis was performed on 8 patients. A genetic mutation on the FGFR-2 gene was found in 1 patient with Gorlin-Goltz syndrome. Except for the basal cell carcinomas and the sagittal synostoses, this patient had no other congenital anomalies. Two other patients had congenital malformations of the heart and kidneys.",Sagittal synapses may be associated with other congenitally abnormality but not all cases have such abnormalities present. This finding suggests that some cases of sagittal suture deformities can be caused by another underlying disease or by a combination of factors including maternal smoking and drinking during pregnancy as well as genetic defects. Further studies should investigate whether these conditions occur independently or together.,
25412857,High-risk HPV platforms and test of cure: should specific HPV platforms more suited to screening in a 'test of cure' scenario be recommended?,"When the Sheffield screening laboratory changed the high-risk human papillomavirus (hrHPV) platforms from hybrid capture 2(®) (HC2; Digene Ltd) and to cobas 4800(®) (Roche) an unexpected and substantial increase in the number of cytology-negative/hrHPV-positive test-of-cure (ToC) samples after large loop excision of the transformation zone (LLETZ) was noted. We explore the potential reasons for these increased rates and discuss the implications this may have on the English NHS cervical screening programme (CSP). A retrospective cohort study with interval analysis between June 2007 and June 2012. ToC was performed on 1530 women with HC2 and 396 with cobas 4800: 95.1% and 92.4% of women had negative cytology at ToC in the HC2 and cobas4800 testing period, respectively. Of these 13.9% and 27.8% tested positive for hrHPV in the HC2 and cobas 4800 group, respectively (P = <0.0001). No clinically significant increase in the number of cases of cervical intraepithelial neolpasia (CIN) was detected by the cobas4800 test in spite of doubling the number of cytology-negative/hrHPV-positive ToC samples.","The results suggest that there is no need to recommend any change in the use of high risk platform or cobac-based tests as they remain effective tools for detecting CIN. However, we would advise clinicians who perform ToCs to consider including LLETZs when performing these procedures if possible. This will allow them to obtain higher levels of accuracy than currently available methods.",
9852877,"Hospital readmission after cardiac surgery. Does ""fast track"" cardiac surgery result in cost saving or cost shifting?","Intense medical and economic pressures have created ""fast track"" cardiac surgery in which clinical services are streamlined and early discharge is encouraged. Does this strategy promote significant cost saving or merely cost shifting? In a global system of reimbursement, the economic benefit of decreasing patient length of stay may be offset by high rates of patient readmission. This study was undertaken to determine the 30-day readmission rate after cardiac surgery and to analyze trends of readmission diagnoses. From October 1, 1996 to July 31, 1997, 460 consecutive cardiac surgical operations were performed at 1 institution. There were 25 deaths and 8 patients who remained as inpatients at the 30-day postoperative deadline for readmission. Two patients had 2 operations. Therefore, 527 operations were performed on 525 patients. There were 110 readmissions after 527 operations for a readmission rate of 20.9%. A significant number of readmissions (49%) were to outside hospitals. Readmission diagnoses were: atrial fibrillation (23%); angina, congestive heart failure, or ventricular tachycardia (20%); leg wound (15%); sternal wound (5%); pneumonia (5%); gastrointestinal complaints (5%); neurologic event (2%); and miscellaneous (25%). Patients discharged>or = 7 days postoperatively were twice as likely to be readmitted as those discharged on postoperative days 4, 5, or 6.",The hospital readmission rates following cardiac surgery appear to be higher than expected given that most patients remain hospitalized longer than anticipated. Further studies should investigate whether there is an association between increased hospitalization time and increased costs associated with these procedures.,
10841586,Ethnic differences in adolescent smoking prevalence in California: are multi-ethnic youth at higher risk?,"Although ethnic differences in adolescent smoking have been well documented, smoking among multi-ethnic adolescents has received little research attention. This study examined smoking prevalence and tobacco related psychosocial risk factors among multi-ethnic adolescents in California, as compared with white, African American, Asian American, and Hispanic adolescents. This study used a cross sectional design. Data were obtained from the independent evaluation of the California Tobacco Control, Prevention, and Education Program. Students completed a paper-and-pencil survey in their classrooms. Data were collected from a stratified random sample of 5072 eighth grade students (age 13-14 years) in California during the 1996-97 school year. The data were weighted by school enrollment in analyses to make the estimates representative of the population of California students attending public schools. Outcome variables included self reported smoking prevalence, susceptibility to smoking, access to tobacco, and related attitudes, beliefs, and behaviours. Ethnicity was assessed with a self reported, ""check all that apply"" question. Results indicated that multi-ethnic adolescents were at higher risk than single-ethnic adolescents on several variables, including 30 day cigarette smoking prevalence, lifetime smokeless tobacco use, buying cigarettes, receiving cigarette offers, and expected friends' reaction if the respondent smoked. For several other variables (lifetime cigarette smoking prevalence, susceptibility to smoking, and number of friends who smoked), Hispanic adolescents were at higher risk than all other ethnic groups including multi-ethnic adolescents. Although susceptibility to smoking was highest among Hispanics, multi-ethnic adolescents scored significantly higher on susceptibility than the three other single-ethnic groups.",Multi-ethnic children may be more susceptible to smoking because they have greater exposure to social norms regarding smoking behavior. Further studies should investigate whether these differences persist over time or if there is an effect on subsequent behaviors such as initiation into tobacco use.,
24472759,Can patient and pain characteristics predict manometric sphincter of Oddi dysfunction in patients with clinically suspected sphincter of Oddi dysfunction?,"Biliopancreatic-type postcholecystectomy pain, without significant abnormalities on imaging and laboratory test results, has been categorized as ""suspected"" sphincter of Oddi dysfunction (SOD) type III. Clinical predictors of ""manometric"" SOD are important to avoid unnecessary ERCP, but are unknown. To assess which clinical factors are associated with abnormal sphincter of Oddi manometry (SOM). Prospective, cross-sectional. Tertiary. A total of 214 patients with suspected SOD type III underwent ERCP and pancreatic SOM (pSOM; 85% dual SOM), at 7 U.S. centers (from August 2008 to March 2012) as part of a randomized trial. Pain and gallbladder descriptors, psychosocial/functional disorder questionnaires. Abnormal SOM findings. Univariate and multivariate analyses assessed associations between clinical characteristics and outcome. The cohort was 92% female with a mean age of 38 years. Baseline pancreatic enzymes were increased in 5%; 9% had minor liver enzyme abnormalities. Pain was in the right upper quadrant (RUQ) in 90% (48% also epigastric); 51% reported daily abdominal discomfort. Fifty-six took narcotics an average of 33 days (of the past 90 days). Less than 10% experienced depression or anxiety. Functional disorders were common. At ERCP, 64% had abnormal pSOM findings (34% both sphincters, 21% biliary normal), 36% had normal pSOM findings, and 75% had at least abnormal 1 sphincter. Demographic factors, gallbladder pathology, increased pancreatobiliary enzymes, functional disorders, and pain patterns did not predict abnormal SOM findings. Anxiety, depression, and poorer coping were more common in patients with normal SOM findings (not significant on multivariate analysis). Generalizability.","Pain is not necessarily indicative of SOD. However, it may be related to poor management of symptoms or other underlying conditions. Patients should be evaluated for possible SOD if they have severe pain or other signs of SEDI.",
17121529,Do serum leptin levels have a role in the prediction of pregnancy outcome in case of threatened miscarriage?,"To determine whether maternal serum leptin levels can predict pregnancy outcome in cases of threatened miscarriage. Observational study. Fifty-seven women with normal pregnancy (group A), 19 women with threatened miscarriage who delivered at term (group B), 22 women with threatened miscarriage with subsequent miscarriage (group C) and 27 women with delayed miscarriage (group D). Maternal serum leptin was determined using a commercial radioimmunoassay (RIA) kit. Serum leptin levels were not significantly different among groups A, B and C [median (range) 17.6 (10.1-26.5), 18.2 (12.5-25.6) and 17.3 (11.2-27.6) microg/l, respectively]. Women in group D showed significantly lower serum leptin levels in comparison with other groups [14 (6.7-21.3) microg/l; P<0.05].",Serum leptin is not associated with poor pregnancy outcomes following threatened abortion. This finding suggests that there may be no need to monitor serum leptins during early pregnancy.,
18326516,Do we need to search for gr/gr deletions in infertile men in a clinical setting?,"Partial deletions of the AZFc region of the Y chromosome such as gr/gr deletions have been detected in infertile patients as well as in control groups. The impact of these gr/gr deletions on the etiology of male infertility remains unknown. In the present study, we investigated the presence of gr/gr deletions in Caucasian men. gr/gr deletions were analyzed by using markers sY1291, sY1191 and sY1197 and by investigating the presence of single nucleotide variants (SNV) in DAZ and CDY1 genes in patients with azoospermia (n = 44), cryptozoospermia (n = 51) or severe oligozoospermia (n = 92). Control groups consisted of men with normal spermatogenesis on testicular biopsy (n = 33), normozoospermia (n = 278) or proven fertility (n = 83). We observed 20 gr/gr deletions, with eight in infertile patients (4.3%) and 12 in the control groups (3.0%), which was not significantly different. DAZ SNV analysis revealed eight different deletion patterns in patients and controls.",Our results suggest that gr/gr deletion may be an important cause of male sterility. Further studies should investigate whether this mutation affects sperm quality or function.,
10069276,Does sufentanil concentration influence isoflurane requirements during coronary artery bypass grafting?,"To search for concentration-related suppression of hemodynamic responsiveness by sufentanil. Prospective, randomized, double-blind study. University hospital. Patients undergoing elective coronary artery bypass grafting (CABG). Patients were assigned to target effect-site sufentanil concentrations of 1.5 ng/mL (group L; n = 14), 3.0 ng/mL (group M; n = 13), or 4.5 ng/mL (group H; n = 12). Sufentanil was administered by computer-assisted continuous infusion. Isoflurane was used to maintain intraoperative hemodynamics near preoperative values. Hemodynamics, the electroencephalographic spectral edge (SE95), and end-tidal isoflurane concentration (ET-ISO) were measured every 10 to 30 seconds during the prebypass period. Serum sufentanil concentration was measured at intervals. Prebypass serum sufentanil concentrations were stable, averaging 3.0 +/- 0.7, 5.1 +/- 1.1, and 7.1 +/- 1.3 ng/mL in groups L, M, and H, respectively. The groups did not differ with respect to the speed of induction, intraoperative hemodynamics, incidence of isoflurane use, or isoflurane concentrations required. ET-ISO and serum sufentanil levels were not correlated. Among seven group L patients who did not require isoflurane, the average prebypass serum sufentanil concentration ranged from 1.7 to 3.3 ng/mL.",Sufentansin does not appear to suppress isofluorine demand during CABGs.,
12798434,Should increasing the dose or adding an AT1 receptor blocker follow a relatively low dose of ACE inhibitor initiated in acute myocardial infarction?,"Based on currently available clinical evidence, we should use high-dose angiotensin converting enzyme inhibitor (ACE-I) for patients with acute myocardial infarction (MI), initiating it at incremental doses to avoid excessive hypotension. Recent animal studies with acute MI models failed to demonstrate the superiority of the combination therapy of ACE-I and angiotensin receptor blocker (ARB) to high-dose ACE-I treatment with comparable blood pressure reductions, which however might be attributed to the initiation of the targeted doses from the beginning. The aim of this study was to compare the effect of increasing the dose of ACE-I with that of adding ARB following a relatively low dose of ACE-I on the survival and left ventricular (LV) remodeling after MI. Rats underwent left coronary artery ligation and were treated with either ACE-I temocapril (5 mg/kg/day) or vehicle for 2 weeks, which was initiated 3 days after the surgery. The rats treated with temocapril were further randomly assigned to receive either high-dose temocapril (10 mg/kg/day) or combination therapy (temocapril 5 mg/kg/day+olmesartan 2.5 mg/kg/day), which was continued for another 6 weeks. Both treatments similarly reduced the blood pressure, improved survival and ameliorated LV enlargement. In contrast, several parameters of LV function were significantly ameliorated only by the high-dose ACE-I but not by the combination therapy.","We conclude that there is no need to increase the dose level of ACEI when starting it together with an ARB. However, if necessary, one can add an ARb simultaneously without affecting its efficacy.",
26513883,New method: Are tumor markers in vaginal-washing fluid significant in the diagnosis of primary ovarian carcinoma?,"Ovarian cancer is the seventh most common cancer in women worldwide, with nearly a quarter of a million women diagnosed every year. The serum tumor markers cancer antigens CA 125, CA 19-9, and carcinoembryonic antigen (CEA) are potentially of clinical value for the diagnosis of ovarian cancer. A diagnostic tool that is noninvasive, simple to perform, and specific is needed to predict primary ovarian cancer. The purpose of this study was to evaluate the diagnostic sensivitity and specificity of vaginal-washing tumor markers CA 125, CA 19-9, and CEA for diagnosis of primary ovarian cancer. In the current prospective study, 30 patients with advanced primary ovarian cancer and 30 patients with benign ovarian cysts were enrolled. The vaginal-washing fluid samples were obtained the day before surgery and were immediately centrifuged and stored at -80 degrees C until analysis. Measurements of CA 125, CA 19-9, and CEA were determined using fully-automated chemiluminescent microparticle immunoassays. The vaginal fluid concentrations of CA 125, CA 19-9, and CEA in patients with primary ovarian carcinoma were significantly higher (p<0.001) compared to those in patients with benign adnexal masses (p<0.001). In the ROC curve analysis, the optimal cut-off values for the detection of primary ovarian cancer were>295 for CA 125 (p<0.001),>101 for CA 19-9 (p<0.001), and>135 for CEA (p<0.001).",Vaginal washing tumor marker assays may be useful as an initial screening test for diagnosing ovarian malignancies.,
26498747,Antimicrobial stewardship: are we failing in cross-specialty clinical engagement?,"Antimicrobial resistance (AMR) is a public health priority and leading patient safety issue. Globally, antimicrobial stewardship (AMS) has been integral in promoting therapeutic optimization whilst minimizing harmful antimicrobial use. A cross-sectional, observational study was undertaken to investigate the coverage of AMS and antibacterial resistance across clinical scientific conferences in 2014, as a surrogate marker for current awareness and attributed importance. Clinical specialties were identified, and the largest corresponding clinical scientific/research conferences in 2014 determined (i) within the UK and (ii) internationally. Conference characteristics and abstracts were interrogated and analysed to determine those related to AMS and AMR. Inter-specialty variation was assessed using χ(2) or Fisher's exact statistical analysis. In total, 45 conferences from 23 specialties were analysed representing 59,682 accepted abstracts. The UK had a significantly greater proportion of AMS-AMR-related abstracts compared with international conferences [2.8% (n = 221/7843) compared with 1.8% (n = 942/51,839); P<0.001]. Infection conferences contained the greatest proportion of AMS-AMR abstracts, representing 20% (732/3669) of all abstracts [UK 66% (80/121) and international 18% (652/3548); P<0.0001]. AMS-AMR coverage across all general specialties was poor [intensive care 9% (116/1287), surgical 1% (8/757) and medical specialties 0.64% (332/51,497)] despite high usage of antimicrobials across all.",The results suggest that there may be room for improvement when it comes to engaging clinicians on how best to manage infections without compromising their ability to treat other conditions. Further investigation into this area could help identify areas where further education can improve outcomes.,
12665761,EUS for suspected choledocholithiasis: do benefits outweigh costs?,"This prospective study of the use of EUS to prevent unnecessary endoscopic retrograde cholangiography in patients with suspected choledocholithiasis has two aims: to evaluate the effectiveness, based on patient outcome, and the potential clinical and economic benefits of EUS. A prospective series of 485 patients (202 men, 283 women; mean age 66.2 years, range 20-94 years) suspected to have choledocholithiasis based on clinical, biochemical, and cross-sectional imaging (US or CT) data underwent EUS. Positive EUS findings were confirmed by endoscopic retrograde cholangiography with sphincterotomy and/or by surgery; negative findings were confirmed by clinical follow-up. An EUS result was considered a true negative if the patient was confirmed symptom-free with normal tests on follow-up of at least 6 months. The costs of EUS (procedure, days of hospitalization, any morbidity) were compared with the estimated costs of the endoscopic retrograde cholangiography avoided in patients with true-negative EUS findings. EUS findings were verified in 463 patients: EUS diagnosed choledocholithiasis in 239 (51.6%) and the absence of stones in 220 patients. In 4 patients (0.8%), EUS was incomplete. By sphincterotomy (209 patients), surgical bile duct exploration (39), percutaneous cholangiography (1 case in which EUS demonstrated a bile duct tumor), and follow-up (214), EUS diagnoses were confirmed as follows: 237 true-positive, 216 true-negative, 2 false-positive, 4 false-negative, 4 incomplete (sensitivity 98%, specificity 99%, positive predictive value 99%, negative predictive value 98%, accuracy 97%). In 214 (46%) patients, more invasive investigations of the bile duct were avoided. The mean cost for patients managed by the EUS-based strategy was ' 374.50 (-284.72), which was significantly less than the theoretical mean cost of ' 443.80 (p<0.001) for patients undergoing endoscopic retrograde cholangiography.",EUS is an effective tool for diagnosing choledochohepatitis without causing significant morbidity or financial burden.,
16685310,Is early- and late-onset depression after acute myocardial infarction associated with long-term survival in older adults?,"Early-onset depression after acute myocardial infarction (AMI) affects short-term survival in clinical samples of patients. There is no information on the impact of early-onset depression or late-onset depression on long-term survival. To investigate the impact of early- and late-onset depression on survival using administrative data. A historical inception cohort design was used, commencing in 1994 with up to eight years of follow-up. A province-wide administrative data set from British Columbia was used to select the cohort and construct the variables. Data regarding hospitalizations, physician visits and prescription drugs were available. All individuals 66 years of age and older who had an AMI in 1994 or 1995 were selected (n=4874). Individuals were categorized as depressed, possibly depressed or not depressed based on physician or hospital visits indicating depression as a diagnosis and/or prescriptions for antidepressants. Early-onset depression was assessed during the first six months post-AMI, and late-onset depression was assessed between six months and five years post-AMI. All-cause mortality up to eight years post-AMI was the outcome. Both early- and late-onset depression were associated with long-term mortality. The hazard ratio was 1.34 (95% CI 1.04 to 1.73) for early-onset depression and 1.79 (95% CI 1.38 to 2.35) for late-onset depression.",Both early-and late-depression have been identified as risk factors for poor prognosis among older people. Further studies should examine whether these predictors can be incorporated into clinical practice guidelines.,
27267490,Are cancer-related decision aids appropriate for socially disadvantaged patients?,"Shared decision-making (SDM) is considered a key component of high quality cancer care and may be supported by patient decision aids (PtDAs). Many patients, however, face multiple social disadvantages that may influence their ability to fully participate in SDM or to use PtDAs; additionally, these social disadvantages are among the determinants of health associated with greater cancer risk, unwarranted variations in care and worse outcomes. The purpose of this systematic review is to describe the extent to which disadvantaged social groups in the United States (US) have been included in trials of cancer-related PtDAs and to highlight strategies, lessons learned and future opportunities for developing and evaluating PtDAs that are appropriate for disadvantaged populations. We selected cancer-related US studies from the Cochrane 2014 review of PtDAs and added RCTs meeting Cochrane criteria from searches of PubMed, CINAHL, PsycINFO (January 2010 to December 2013); and reference lists. Two reviewers independently screened titles/abstracts; three reviewers independently screened full text articles, performed data extraction and assessed: 1) inclusion of participants based on seven indicators of social disadvantage (limited education; female gender; uninsured or Medicaid status; non-U.S. nativity; non-White race or Hispanic ethnicity; limited English proficiency; low-literacy), and 2) attention to social disadvantage in the development or evaluation of PtDAs. Twenty-three of 39 eligible RCTs included participants from at least one disadvantaged subgroup, most frequently racial/ethnic minorities or individuals with limited education and/or low-literacy. Seventeen studies discussed strategies and lessons learned in attending to the needs of disadvantaged social groups in PtDA development; 14 studies targeted disadvantaged groups or addressed subgroup differences in PtDA evaluation.","Cancer-related PtDA interventions can benefit all patients but particularly those who experience social barriers such as lack of access to healthcare services or knowledge about their condition. However, there remains much room for improvement when it comes to including disadvantaged populations into clinical decision making processes. Strategies should include addressing issues related to communication between clinicians and patients, ensuring adequate training for healthcare providers, providing resources for self-management, and involving community members in planning and implementation. Further research should focus on identifying best practices for designing effective PtDA programs tailored specifically to meet the unique needs of different social groups.",
7847513,Is tubal ligation a risk factor for low bone density and increased risk of fracture?,"Osteoporosis is a major women's health problem, because it is responsible for about 1.3 million fractures in the United States each year. Estrogen deficiency is a major risk factor in the pathogenesis of osteoporosis. Recent evidence has indicated that tubal ligation may cause menstrual dysfunction and estrogen deficiency. This study examined the association between tubal ligation and bone mass in a group of elderly postmenopausal women. Subjects were 2215 white women>or = 65 years old participating in the Baltimore center of the Study of Osteoporotic Fractures. Bone mineral density of the proximal and distal radius and the calcaneus was measured by single photon absorptiometry. Multiple regression analysis was performed to determine whether tubal ligation had an independent effect on bone density. The effect of tubal ligation on the risk of hip and osteoporotic fractures was estimated by Cox proportional hazards model. Women who reported a tubal ligation had lower, although not statistically significant, bone density of the radius and calcaneus. The relative risk of hip (1.05, 95% confidence limit 0.84 to 1.32) and osteoporotic fractures (1.01, 0.80 to 1.29) was not significantly increased in women with tubal ligation.","Tubal lysis does not appear to be associated with decreased bone mass or increased incidence of falls among older women. However, further studies should investigate this relationship more thoroughly.",
14557009,Do prophylactic prostaglandins reduce the transfusion rate at cesarean section in high-order multiple pregnancies?,"Cesarean section is the more usual mode of delivery in high-order multiple pregnancy (>or =3). Excessive uterine distension increases the risk of bleeding and the need for transfusion. The aim of this study was to investigate if prophylactic use of prostaglandins at cesarean section for high-order multiple pregnancies reduces blood loss and transfusion requirement based on historic data. We studied a prospective series of 28 parturients with high-order multiple pregnancy (group 2) who were treated, after clamping the last umbilical cord, with oxytocin (5IU intravenous then 35IU in a 24h infusion) combined with intravenous prostaglandin. A comparable retrospective series of 14 patients (group 1) had been given oxytocin alone at the same dose. Postoperative serum hemoglobin and transfusion rate as well as adverse effects were compared between the two groups. Student's t-test was used to compare continuous variables. Chi square test and Fisher exact test were used to compare categorical variables. The two groups were comparable for anthropometric data and duration of pregnancy. None of the patients in group 2 required red cell transfusion while 21.4% of those in group 1 required transfusion. A significant lower decrease of postoperative haemoglobin is noted in group 2 (P=0.0006). Multivariate analysis using variables significant at univariate analysis and pre-eclampsia confirmed this difference. There were no adverse reactions to treatment.",Prophylactic administration of prostgandins during cesareans does not seem to be effective in reducing blood loss or requiring transfusions when administered before the operation. However it may help prevent eclampsias which can lead to severe hemorrhage.,
11376308,Does the presence of hibernating myocardium in patients with impaired left ventricular contraction affect QT dispersion?,"Hibernating myocardium is associated with increased cardiovascular events. Increased QT dispersion on the surface electrocardiogram is a marker for serious ventricular arrhythmias. In this study, we determine whether hibernating myocardium is associated with increased QT dispersion in patients with coronary artery disease and impaired left ventricular contraction. Positron emission tomography with (13)N-ammonia and (18)F-fluorodeoxyglucose determined the presence of metabolic-perfusion mismatch defect. QT dispersion was measured by means of a digitizing tablet with validated software. QT intervals were measured on two separate occasions by two investigators blinded to the result of the positron emission tomography scans. Forty-two patients with impaired left ventricular contraction were studied. They were divided into two groups: group A was made up of patients with mismatch defects (n = 26) and group B was made up of patients with no mismatch defects (n = 16). The mean (SD) QT dispersion measurements were 61.7 +/- 29.8 ms and 70 +/- 24.6 ms for groups A and B, respectively (not significant). When the patients were divided according to the dominant viability status of the impaired myocardial segment, a similar result was found. The patients whose impaired myocardium was dominantly hibernating (n = 19) had a mean QT dispersion of 66.4 +/- 31.9 ms compared with 63.6 +/- 24.8 ms in the patients whose impaired myocardium was mainly scarred (not significant).",The results suggest that there may be an association between hibernation of the heart's electrical activity and increased QT interval duration. This finding could have important implications for clinical practice as it suggests that some patients should be monitored more closely than others when considering treatment options such as implantable cardioverter-defibrillator therapy.,
27020902,Routine intraoperative leak testing for sleeve gastrectomy: is the leak test full of hot air?,"Staple line leak after sleeve gastrectomy (SG) is a rare but dreaded complication with a reported incidence of 0% to 8%. Many surgeons routinely test the staple line with an intraoperative leak test (IOLT), but there is little evidence to validate this practice. In fact, there is a theoretical concern that the leak test may weaken the staple line and increase the risk of a postop leak. Retrospective review of all SGs performed over a 7-year period was conducted. Cases were grouped by whether an IOLT was performed, and compared for the incidence of postop staple line leaks. The ability of the IOLT for identifying a staple line defect and for predicting a postoperative leak was analyzed. Five hundred forty-two SGs were performed between 2007 and 2014. Thirteen patients (2.4%) developed a postop staple line leak. The majority of patients (n = 494, 91%) received an IOLT, including all 13 patients (100%) who developed a subsequent clinical leak. There were no (0%) positive IOLTs and no additional interventions were performed based on the IOLT. The IOLT sensitivity and positive predictive value were both 0%. There was a trend, although not significant, to increase leak rates when a routine IOLT was performed vs no routine IOLT (2.6% vs 0%, P = .6).",Routine use of an intraoperatively tested staple-line leak test does not appear to be beneficial or harmful during surgical procedures involving gastric stapling. Further studies should investigate whether this technique can improve patient outcomes.,
27560020,Can Discrepancies Between Coronary Computed Tomography Angiography and Cardiac Catheterization in High-Risk Patients be Overcome With Consensus Reading?,"To assess the incidence and cause of discrepancies between coronary computed tomography angiography (CTA) and catheterization in a high-risk, diverse, predominantly overweight inner-city population. Ninety-two patients who underwent coronary CTA and catheterization on March 2007 to December 2012 were retrospectively identified. Clinical coronary CTA interpretation and reinterpretation by a review panel was compared with catheterization results. Severe stenosis was present on catheterization in 65% (60/92). Clinical coronary CTA was concordant with catheterization for severe stenosis in 78% (72/92), whereas panel interpretation was concordant in 77% (70/91). Sensitivity and specificity of clinical and panel coronary CTA interpretations were 92% (55/60) and 53% (17/32) versus 82% (48/59) and 68% (22/32), respectively.",Catheterized patients have higher rates of misdiagnosis than those undergoing clinical CTA due to differences in interpretation techniques. This finding suggests that consensus reading may not be feasible when dealing with this type of patient group. Further studies should investigate whether such an approach can improve diagnostic accuracy or reduce errors.,
23958732,Liver transplantation and inflammation: is lipopolysaccharide binding protein the link?,"Lipopolysaccharide (LPS) binding protein (LBP) is an acute phase protein, which upregulated in response to surgical interventions. LBP plays an important role in modulating LPS-induced inflammatory response. We investigated the expression of LBP and the translocation of LPS in rat models of hepatic ischemia reperfusion injury and liver transplantation (LTx). We also elucidated the effect of LBP on the inflammatory response. In this study, cold ischemia (CI), warm ischemia/reperfusion (WI/R), and LTx models were used to model relevant physiologic situations during LTx. Serum and effluent protein levels as well as hepatic-mRNA and protein levels of LBP were examined. LBP released into the effluent during CI was used in a macrophage-LPS-stimulation assay to investigate the role of LBP in modulating the LPS-induced inflammatory response. Blocking experiments using an LBP-inhibitory peptide were performed to confirm the relevance of LPS/LBP for the induction of the inflammatory response. Impairment of the intestinal barrier and translocation of LPS into the liver was visualized by immunohistochemistry. Induction of tumor necrosis factor-alpha (TNF-α) mRNA expression in the liver was taken as indicator of the inflammatory response. Upregulation of LBP in serum and/or liver tissue was observed after WI/R, CI and LTx, respectively. The LBP released during CI enhanced the LPS induced inflammatory response in vitro as indicated by an induction of TNF-α. On the other hand, blocking LBP using LBP inhibitory peptide, suppressed the induction of TNF-α in vitro markedly. After LTx, elevated serum LBP levels were associated with post-operative LPS translocation and production of inflammatory cytokines.",Our results suggest that LBP may be involved in regulating the inflammatory responses following LTs.,
21742531,Are the results of multiple drilling and alendronate for osteonecrosis of the femoral head better than those of multiple drilling?,"The treatment of osteonecrosis of the femoral head (ONFH) remains controversial. A recently proposed treatment is multiple drilling core decompression combined with systemic alendronate as a femoral head-preserving procedure for ONFH. However, it is not known whether alendronate enhances the risk of collapse. We wondered whether the combined procedure could delay or prevent progression of ONFH compared to multiple drilling alone. Patients with early-stage ONFH were randomly assigned to be treated with either multiple drilling combined with alendronate (47 patients, 67 hips) or multiple drilling alone (46 patients, 60 hips). We defined failure as the need for THA or a Harris score less than 70. The minimum follow-up was 48 months for the 77 patients completing the protocol. After a minimum 4-year follow-up, 91% (40/44) of patients with Stage II disease and 62% (8/13) of patients with Stage III disease had not required THA in alendronate group, compared to 79% (31/39) of patients with Stage II disease and 46% (6/13) of patients with Stage III disease had not required THA in control group (P=0.12, P=0.047, respectively). Small or medium and central lesions had a better successful rate in both groups. Risk factors did not seem to affect the clinical successful rate of this procedure.",Alendronatome can reduce the incidence of collapse but does not improve the success rate when used alone. Combination therapy may be more effective if there is already significant bone loss.,
16279902,Anti-tissue transglutaminase antibodies in patients with abnormal liver tests: is it always coeliac disease?,"Coeliac disease (CD) is found in 5-10% of patients with chronically abnormal liver tests and no obvious cause of liver disease. In this population the efficacy of screening for CD by anti-tissue transglutaminase (anti-tTG) may be impaired by the high rate of positive anti-tTG found in chronic liver disease. To evaluate the prevalence of coeliac disease and the role of anti-tTG in patients with non-viral, non-autoimmune chronic and no obvious cause of liver damage. Out of 2,512 consecutive patients with abnormal liver tests, 168 (118 men, 50 women; mean age 40.7 +/- 12.6 years) were defined, on the basis of clinical data and liver biopsy, as NAFLD or cryptogenic chronic hepatitis. All were tested by recombinant IgA and IgG anti-tissue transglutaminase. Patients with a positive serology underwent endoscopy with duodenal biopsies. NAFLD was diagnosed in 121 patients, in 6 associated with cirrhosis, while 47 patients were considered as cryptogenic hepatitis in the absence of steatosis. Anti-tTG were positive in 20/168 patients (3 IgA alone; 11 IgG alone; 6 both IgA and IgG). Coeliac disease was found at endoscopy and confirmed by histopathology only in the 6 patients (3.6%) with both IgA and IgG anti-tTG positivity. Four of the patients with CD had NAFLD (3.3%), in 2 of them associated with cirrhosis; while 2 of those with cryptogenic hepatitis (4.2%) had CD.","Anti-tTG can be used to diagnose coeliac disorder when present in combination with other markers such as HLA-B*0301 or HLA-A*0201. However, its use should be limited because it has little value in diagnosing cryptogenic hepatic disorders.",
9159695,Do patient preferences contribute to racial differences in cardiovascular procedure use?,"To determine whether patient preferences for the use of coronary revascularization procedures differ between white and black Americans. Cross-sectional survey. Tertiary care Department of Veterans Affairs hospital. Outpatients with and without known coronary artery disease were interviewed while awaiting appointments (n = 272). Inpatients awaiting catheterization were approached the day before the scheduled procedure (n = 80). Overall, 118 blacks and 234 whites were included in the study. Patient responses to questions regarding (1) willingness to undergo angioplasty or coronary artery bypass surgery if recommended by their physician and (2) whether they would elect bypass surgery if they were in either of two hypothetical scenarios, one in which bypass surgery would improve symptoms but not survival and one in which it would improve both symptoms and survival. Blacks were less likely to say they would undergo revascularization procedures than whites. However, questions dealing with familiarity with the procedure were much stronger predictors of a positive attitude toward the procedure use. Patients who were not working or over 65 years of age were also less interested in procedure use. In multivariable analysis race was not a significant predictor of attitudes toward revascularization except for angioplasty recommended by their physician.",Patient perceptions about the feasibility and acceptability of revascularizations may play an important role in determining whether these treatments will be used more often by certain groups.,
22271335,Can both residents and chief physicians assess surgical skills?,"It is known that structured assessment of an operation can provide trainees with useful knowledge and potentially shorten their learning curve. However, methods for objective assessment have not been widely adopted into the clinical setting. This might be because of a lack of expertise using an assessment tool. The aim of this present study was to investigate if a validated laparoscopic procedure-specific assessment tool could be used by doctors with different levels of experience. The study was conducted as an observer-blinded, prospective cohort study. Three video recordings of a right-side laparoscopic salpingectomy were distributed to ten chief physicians, eight residents (fourth year trainees), and two expert assessors (all in gynecology) in order to be assessed using a validated procedure-specific assessment tool. The three salpingectomies were selected because they easily showed the different operational levels: novice, intermediate, and expert. The two expert assessors, i.e., our gold standard, were familiar with the OSA-LS assessment scale, but the chief physicians and the residents were not. All participants were blinded to the fact that surgeons with different experience had performed the salpingectomies. No significant differences between the residents and chief physicians were observed in any of the three assessed operations: novice, p = 0.63; intermediate, p = 0.93; and expert, p = 0.93. The chief physicians and residents matched our gold standard in assessing the intermediate operation (p = 0.177), but not the novice operation (p = 0.005) or the expert operation (p = 0.001).",Both resident and chief physician assessors were able to accurately evaluate the skill level of each surgeon during the procedure.,
16721201,Do mechanical markers of myocardial ischaemia predict the transmural extent of myocardial infarction in man?,"The present study aimed to explore the relationship between the transmural extent of myocardial necrosis and mechanical markers of myocardial ischaemia in man. A group of 40 patients with previous Q-wave myocardial infarction and a left ventricular ejection fraction (LVEF) of 27 +/- 11% was studied by cine and contrast-enhanced magnetic resonance imaging. Necrotic areas of delayed contrast enhancement were present in every patient and involved 20 +/- 8% of left ventricular myocardium. In involved segments, the transmural extent of contrast enhancement varied from 5% to 100%, being on average 38 +/- 25% of the wall thickness. End-diastolic left ventricular wall thickness and systolic wall thickening were lower in contrast-enhanced segments than in the other segments (P<0.001). Furthermore, although left ventricular wall thickness and systolic wall thickening decreased as the transmural extent of contrast enhancement increased, the correlations were weak (r = -0.382 and -0.45, respectively). Finally, a delayed contrast enhancement was present in 89% of akinetic and in 94% of dyskinetic segments; however, contrast enhancement was also present in 18% of the segments with normal wall motion and in 56% of hypokinetic segments.","Mechanical markers of ischaemic damage may be useful for predicting the presence or severity of myocardional necrosis. However, they do not provide an accurate assessment of the degree of tissue injury within individual lesions.",
23289650,"Unintentional injury, psychological distress and depressive symptoms: is there an association for rural Australians?","To investigate the association between unintentional injury and mental health in Australian rural communities. Using cross-sectional baseline data for a longitudinal study from randomly selected adults in nonmetropolitan Australia, we fitted logistic regression models for the outcomes of domestic or public setting injury and injury in high-risk settings, using prior depression and demographic factors. OR and 99% CI were reported and also calculated for current mental health including psychological distress, depressive symptoms and risky alcohol consumption, comparing those injured with those not. Of 2,639 participants who completed the injury component, 364 (13.8%) reported injury requiring treatment from a doctor or a hospitalization in the previous 12 months. Of those requiring treatment or hospitalization, 147 (40.4%) reported being injured in a domestic or public setting and 207 (56.9%) in a high-risk setting. The most common types and mechanisms of injury were sprains and strains, and falls, trips and slips, respectively. Preinjury depression was independently associated with unintentional injury in a domestic or public setting. Being injured in this setting was associated with double the odds of experiencing current depressive symptoms. The likelihood of a high-risk setting injury was significantly associated with male gender. High-risk setting injury was associated with current psychological distress and higher levels of alcohol usage.",Injuries occurring within households have been shown to be associated with poor mental health outcomes among community members. This study suggests that these relationships may extend beyond household contexts into other settings where people live together. Further studies should explore whether similar patterns exist across different age groups and socioeconomic backgrounds.,
9584033,Obstetric care and payment source: do low-risk Medicaid women get less care?,"This study examined whether Medicaid-insured women at low risk receive less adequate obstetrical care than privately insured women. Low-risk women who were cared for by a random sample of obstetrical providers in Washington State were randomly selected. Information on all prenatal and intrapartum services was abstracted from medical records. Service information was aggregated into standardized resource-use units. Results compared Medicaid-insured women with those who were privately insured. Medicaid-insured women were significantly younger (22.5 years vs 26.9 years) and averaged 6% fewer visits than privately insured women. Nonetheless, Medicaid status had no meaningful association with prenatal, intrapartum, or overall resource use. Some variation occurred in individual resources received. Medicaid-insured women had 38.8% more resources expended on testing for sexually transmitted diseases. Privately insured women had more resources expended on alpha-fetoprotein testing and on amniocentesis. There were no meaningful differences in birthweight or gestational age at delivery.",Prenatal care is provided by many more Medicaid- than private-sector-providers but there appears to be little difference between them regarding other types of service utilization. This finding suggests that some aspects of maternal health may not be adequately addressed by Medicaid programs. Further studies should investigate whether these disparities persist after adjusting for socioeconomic factors such as income level.,
21851780,Is anal sex a marker for sexual risk-taking?,"There is evidence that anal sex is becoming increasingly popular among heterosexual women and men. Several studies carried out in especially vulnerable populations (e.g. sex workers and low-income youth) suggested that anal sex may indicate a more general propensity to sexual risk-taking. To assess whether this epidemiologically important finding holds in the case of young adults from the general population, we analysed data from a cross-sectional probability survey carried out in 2010 on 1005 Croatian women and men aged 18-25. Anal intercourse was reported by 36.5% of 861 sexually experienced participants (42.7% of men and 29.8% of women). About one-third of them (34%) used a condom at most recent anal intercourse. The experience of anal sex was significantly associated (P<0.001) with all four indicators of sexual risk-taking (condom use at most recent vaginal intercourse, number of sexual partners in the past year, concurrent sexual relationships and anonymous sex in the past year), as well as with negative attitudes and beliefs about condom use (P<0.01). Sexual sensation-seeking mediated the relationship between anal sex and some of the sexual risk-taking behaviours.",Anal sex appears to be an indicator of higher levels of sexual risky behaviour than previously thought. This finding should raise concerns regarding its inclusion into public health strategies aimed at reducing sexual violence against women. Further studies need to investigate whether these findings apply also to other populations or if they reflect differences between different groups within the same population.,
16647890,Women with one elevated 3-hour glucose tolerance test value: are they at risk for adverse perinatal outcomes?,"The purpose of this study was to examine whether women with one elevated value of the 3-hour glucose tolerance test are at increased risk for adverse perinatal outcomes. This was a retrospective cohort study of singleton pregnancies that were screened for gestational diabetes mellitus with the use of the glucose loading test and with a glucose tolerance test for follow up, if screened values were positive. Perinatal outcomes in women with one elevated glucose tolerance test value were compared with the outcomes in women who screened negative by glucose loading test. The chi-square test was used to compare categorical outcomes, and multivariate logistic regression analysis was used to control for potential confounding factors; a P value of<.05 indicated statistical significance. Of 14,036 women who met the study criteria, women with one elevated glucose tolerance test value exhibited higher rates of cesarean delivery (in nulliparous women only), preeclampsia, chorioamnionitis, birth weight>4000 g and>4500 g, and neonatal admission to the intensive care nursery as compared with women who screened negative (P<.05 for all).",Women with an elevation above the upper limit of normal glucose tolerance have been identified as having an increased risk of developing complications during pregnancy. These findings suggest that screening for high glucose levels may be useful in identifying patients who will benefit from early intervention measures such as antenatal care or delivery planning. Further studies should investigate whether these findings apply to other populations as well.,
17689763,Gender and age related predictive value of walk test in heart failure: do anthropometrics matter in clinical practice?,"The six-minute walk test (6 WT) is a valid and reliable predictor of morbidity and mortality in chronic heart failure (CHF) patients, frequently used as an endpoint or target in clinical trials. As opposed to spiroergometry, improvement of its prognostic accuracy by correction for height, weight, age and gender has not yet been attempted comprehensively despite known influences of these parameters. We recorded the 6 WT of 1035 CHF patients, attending clinic from 1995 to 2005. The 1-year prognostic value of 6 WT was calculated, alone and after correction for height, weight, BMI and/or age. Analysis was performed on the entire cohort, on males and females separately and stratified according to BMI (<25, 25-30 and>30 kg/m(2)). 6 WT weakly correlated with age (r=-0.32; p<0.0001), height (r=0.2; p<0.0001), weight (r=0.11; p<0.001), not with BMI (r=0.01; p=ns). The 6 WT was a strong predictor of 1-year mortality in both genders, both as a single and age corrected parameter. Parameters derived from correction of 6 WT for height, weight or BMI did not improve the prognostic value in univariate analysis for either gender. Comparison of the receiver operated characteristics showed no significant gain in prognostic accuracy from any derived variable, either for males or females.",In this study we have shown that the 1 year prognosis of the 4 minute walk distance can be improved significantly when considering other factors such as body mass index. This finding suggests that it may be possible to use this measure as part of a more comprehensive approach to assessing risk during treatment planning.,
15291870,Anterior urethral valves and diverticula in children: a result of ruptured Cowper's duct cyst?,"To review a series of children with anterior urethral valves and diverticula, to elucidate the pathophysiology and optimal management of this entity. Nine cases (all boys; 1963 to 2003) were reviewed retrospectively. Seven of nine boys had bulbar diverticula. Continuity between Cowper's duct and the diverticulum was noted endoscopically in two and confirmed radiographically in one. Initially, open surgery was curative but more recently endoscopic management has been the procedure of choice.",Anterior ureteral valve is an uncommon cause of urinary obstruction in young patients. It may be associated with other abnormalities such as biliary atresia or congenital heart disease. Endoscopy provides good visualisation of the structure of these organs which can lead to successful treatment if necessary.,
15691728,Can order of report prevent satisfaction of search in abdominal contrast studies?,"A previous receiver operating characteristic (ROC) study showed a systematic shift in decision thresholds for detecting plain film abnormalities on contrast examinations rather than plain radiographs. A previous eye-position study showed that this shift was based on a relative visual neglect of plain film regions on the contrast studies. We now determine whether an intervention that changes visual search can reduce this search-based satisfaction of search effect in contrast studies of the abdomen. The authors measured detection of 23 plain film abnormalities in 44 patients who had plain film and contrast examinations. In 2 experiments, each plain-film and contrast study was examined independently in different sessions with observers providing a confidence rating of abnormality for each interpretation. There were 13 observers in the first experiment and 10 in the second experiment. The intervention required that for the contrast studies, observers first report abnormalities in the noncontrast region of the radiograph before reporting contrast findings. ROC curve areas for each observer in each treatment condition were estimated by using a proper ROC model. The analysis focused on changes in decision thresholds among the treatment conditions. The SOS effect on decision thresholds in abdominal contrast studies was replicated. Although reduced, the shift in decision thresholds in detecting plain film abnormalities on contrast examinations remained when observers were required to report those abnormalities before contrast findings.",The results suggest that ordering observers to report their decisions about normality before giving them information about abnormality may help reduce dissatisfaction caused by the search effect.,
26096832,Paradoxical adipose hyperplasia secondary to cryolipolysis: An underreported entity?,"Cryolipolysis is a non-invasive, safe, and effective treatment for localized fat reduction. Paradoxical adipose hyperplasia (PAH) is a rare adverse effect in which patients develop painless, firm, and well-demarcated tissue masses in the treatment areas approximately 3-6 months following cryolipolysis. The incidence of PAH has been estimated at 0.0051% or 1 in 20,000 treated patients. We report two cases of PAH seen in our practice, which may suggest the incidence is greater than previously reported.STUDY DESIGN/ A 44-year-old man underwent cryolipolysis for unwanted fat in the pectoral region. At 4 month follow-up, the patient had well-demarcated tissue growth in the treatment areas. He elected to undergo additional cryolipolysis treatment to the areas. Two months later, he was found to have further tissue growth in the treatment areas. The patient then underwent corrective treatment with liposuction. A 52-year-old man underwent cryolipolysis for unwanted lower abdominal fat. At one year follow-up, he had a well-demarcated, subcutaneous mass on the lower abdomen corresponding to the treatment site. The patient elected to undergo corrective treatment with liposuction. Adipose tissue samples from the treated and non-treated areas, for control, were collected, processed, and stained to evaluate cellularity and tissue structure. In our practice, the incidence of PAH is 0.47% or 2 in 422 cryolipolysis treatments. This is 100 times greater than the device manufacturer's reported incidence. Histopathologic examination of the subcutaneous tissue mass showed an increased number of adipocytes, fibrosis, and scar tissue in the treated areas when compared to controls. No lipoblasts, a marker of malignant neoplastic proliferation, were identified on the histopathologic examination of the affected tissues.","We conclude that PAH can occur after cryolipopulatation but it does not appear to be as common as previously thought. Further studies should investigate whether there is any relationship between PAH occurrence and other factors such as age, gender, body weight, or previous surgery.",
23566294,Does advanced maternal age confer a survival advantage to infants born at early gestation?,"Recent studies have shown that older mothers who deliver at preterm gestation have lower neonatal mortality rates compared with younger mothers who deliver at preterm gestation. We examined the effect of maternal age on gestational age-specific perinatal mortality. We compared fetal, neonatal and perinatal mortality rates among singleton births in the United States, 2003-2005, to mothers aged ≥35 versus 20-29 years. The analysis was stratified by gestational age and perinatal mortality rates were contrasted by maternal age at earlier (22-33 weeks) and later gestation (≥34 weeks). Gestational age-specific perinatal mortality rates were calculated using the traditional perinatal formulation (deaths among births at any gestation divided by total births at that gestation) and also the fetuses-at-risk model (deaths among births at any gestation divided by fetuses-at-risk of death at that gestation).Logistic regression was used to estimate adjusted odds ratios (AOR) for perinatal death. Under the traditional approach, fetal death rates at 22-33 weeks were non-significantly lower among older mothers (AOR 0.97, 95% confidence interval [CI] 0.91-1.03), while rates were significantly higher among older mothers at ≥34 weeks (AOR 1.66, 95% CI 1.56-1.76). Neonatal death rates were significantly lower among older compared with younger mothers at 22-33 weeks (AOR=0.93, 95% CI 0.88-0.98) but higher at ≥34 weeks (AOR 1.26, 95% CI 1.21-1.31). Under the fetuses-at-risk model, both rates were higher among older vs younger mothers at early gestation (AOR for fetal and neonatal mortality 1.35, 95% CI 1.27-1.43 and 1.31, 95% CI 1.24-1.38, respectively) and late gestation (AOR for fetal and neonatal mortality 1.66, 95% CI 1.56-1.76) and 1.21, 95% CI 1.14-1.29, respectively).","Older women delivered at an earlier gestational period had lower rates of perinatally fatal outcomes than did younger women. However, these differences do not appear to be associated with increased risk of infant death during pregnancy or delivery itself.",
17175321,Does opening the peritoneum at the time of renal transplanation prevent lymphocele formation?,"The occurrence of lymphocele formation following renal transplantation is variable, and the optimal approach to treatment remains undefined. Opening the peritoneum at the time of transplantation is one method of decreasing the incidence of lymphocele formation. The purpose of this study was to determine whether creating a peritoneal window at the time of transplantation decreases the incidence of lymphocele formation. We performed a retrospective review of renal transplants conducted at our institution between 2002 and 2004. Records were reviewed to obtain details regarding opening of the peritoneum at the time of transplant and occurrence of lymphocele. Every patient underwent routine ultrasound imaging in the peri-operative period. Graft dysfunction secondary to the lymphocele was the primary indication for intervention. Data were analyzed by chi-square. During the initial transplant the peritoneum was opened in 35% of patients. The overall incidence of fluid collections, identified by ultrasound, was 24%. Opening the peritoneum did not decrease the incidence of lymphocele. However, more patients with a closed peritoneum required an intervention for a symptomatic lymphocele. In the 11 patients with an open peritoneum and a fluid collection, only one required an intervention. In patients whose peritoneum was left intact, 24% of fluid collections required intervention. Graft survival was equivalent.",Opening the pericenter during renal transplantation does not appear to be effective in preventing lymphocytoma formation. Further studies should investigate whether there is any relationship between the size of the lumen and its impact on graft survival.,
8942541,Should older patients undergo ileal pouch-anal anastomosis?,"Ileal pouch-anal anastomosis (IPAA) is a technically demanding, lengthy procedure with substantial associated morbidity. Some have suggested that this procedure should not be performed in older patients. This study was conducted to evaluate whether older patients have a poorer functional outcome and higher complication rate than younger patients who undergo IPAA. The 455 patients who have undergone IPAA at this institution were stratified according to age (<55 versus>55) to compare functional outcome and complication rates. The data were prospectively collected. The groups included 32 patients>55 (7%) and 423 patients<55. Comparisons were made with regard to stool frequency, incontinence rates, post-IPAA complications, postileostomy closure complications, and results 12 months postileostomy closure. Preoperative anal sphincter resting and squeeze pressures were significantly lower in the>55 group. Most complication rates were similar after IPAA except dehydration rates, which were higher in the older patients than the younger ones (27% versus 11%, respectively). Pre-ileostomy closure anal sphincter resting and squeeze pressures were not significantly lower in patients older than 55. Twenty-four hour daytime and nighttime stool frequencies were significantly higher in the>55 group, as were daytime and nighttime stool incontinence.","The results suggest that older patients may benefit from IPAA if they can tolerate it adequately. However, because of its complexity, there should still be careful consideration given to this procedure before it is performed on elderly patients.",
22331399,Financial responsibility of hospitalized patients who left against medical advice: medical urban legend?,"Physicians may counsel patients who leave against medical advice (AMA) that insurance will not pay for their care. However, it is unclear whether insurers deny payment for hospitalization in these cases. To review whether insurers denied payment for patients discharged AMA and assess physician beliefs and counseling practices when patients leave AMA. Retrospective cohort of medical inpatients from 2001 to 2010; cross-sectional survey of physician beliefs and counseling practices for AMA patients in 2010. Patients who left AMA from 2001 to 2010, internal medicine residents and attendings at a single academic institution, and a convenience sample of residents from 13 Illinois hospitals in June 2010. Percent of AMA patients for which insurance denied payment, percent of physicians who agreed insurance denies payment for patients who leave AMA and who counsel patients leaving AMA they are financially responsible. Of 46,319 patients admitted from 2001 to 2010, 526 (1.1%) patients left AMA. Among insured patients, payment was refused in 4.1% of cases. Reasons for refusal were largely administrative (wrong name, etc.). No cases of payment refusal were because patient left AMA. Nevertheless, most residents (68.6%) and nearly half of attendings (43.9%) believed insurance denies payment when a patient leaves AMA. Attendings who believed that insurance denied payment were more likely to report informing AMA patients they may be held financially responsible (mean 4.2 vs. 1.7 on a Likert 1-5 scale, in which 5 is ""always"" inform, p<0.001). This relationship was not observed among residents. The most common reason for counseling patients was ""so they will reconsider staying in the hospital"" (84.8% residents, 66.7% attendings, p = 0.008)",Most physicians believe that insurance does not cover all costs associated with hospitalizations but do not provide any guidance regarding how to communicate this information to patients who have left AMA without receiving adequate compensation.,
24151751,Health-related quality of life following isolated aortic valve surgery: is earlier intervention better?,"The study aim was to determine the health-related quality of life (HRQL) in conjunction with clinical outcomes following aortic valve replacement (AVR) surgery. In these times of healthcare change, quality measures of the success of a procedure go beyond clinical outcomes, with patient reports of HRQL considered important. All patients who had undergone AVR surgery were followed prospectively through the authors' valve registry and the local Society of Thoracic Surgery (STS) database. The HRQL (Short-Form 12 and Minnesota Living with Heart Failure Questionnaire) was collected preoperatively, and at six and 12 months after surgery. Since 2005, a total of 459 patients have undergone isolated AVR surgery. The mean age, ejection fraction and STS risk score were 65.8 +/- 13.6 years, 57.7 +/- 11.0%, and 2.8 +/- 3.5 (range: 0.4-47.9), respectively. The median (IQR) length of hospital stay was 5 (3-7) days. Compared to the STS national norms, all clinical outcomes were excellent. A Kaplan-Meier analysis showed the two year cumulative survival as 92.0%. After 12 months the physical and mental HRQL had improved significantly, surpassing age and heart disease norms (p<0.001 and p = 0.02, respectively). Multivariate analysis determined that a higher 12-month physical HRQL was predicted by a lower STS risk score (B = -1.3, p<0.001) and a lower perioperative morbidity (B = -5.5, p = 0.02) after adjustment for baseline HRQL, age, and gender. In a subset of patients classified as 'symptomatic', as determined by higher MLHF scores, the HRQL scores were increased to age norms and surpassed the heart disease norms.",In this cohort study we found that early intervention can improve both clinical outcome and HRQoL among patients undergoing AVR procedures.,
20129938,Patient costs for paediatric hospital admissions in Tanzania: a neglected burden?,"Tanzania has a policy of free provision of inpatient care for young children in order to promote timely access and thus reduce the current levels of mortality. However, little is known about out-of-pocket costs that may be incurred by families in seeking care for sick children. We conducted this study to identify the magnitude of these costs in relation to family income. Five hundred and ten caretakers were interviewed on the day of discharge of their child from 11 hospitals in north-east Tanzania. Caretakers were asked to report expenditure related to hospitalization in various categories and family wealth was assessed through reported expenditure in the previous month. Food (mean US$2.2, median US$1.6), transport (mean US$1.7, median US$0) and medicines (mean US$1.0, median US$0.4) were the leading categories of expenditure, and overall the mean out-of-pocket expenditure was US$5.5 (median US$3.7) per admission. Mean out-of-pocket expenditure was more than 1.5 times higher for households in the highest monthly expenditure quintile compared with those in the lowest. However, this differential was reversed when expenditure was considered as a proportion of family expenditure in the previous month; for the lowest quintile, families spent more than three-quarters of their total monthly expenditure on a single paediatric admission.",The findings suggest that there is an important gap between what patients pay out-of-pockets during acute illness and how much they spend on other goods and services within their household budget. This highlights the need for further investigation into the financial implications of providing free healthcare services.,
24125097,Do brief alcohol motivational interventions work like we think they do?,"Questions remain about how brief motivational interventions (BMIs) for unhealthy alcohol use work, and addressing these questions may be important for improving their efficacy. Therefore, we assessed the effects of various characteristics of BMIs on drinking outcomes across 3 randomized controlled trials (RCTs). Audio recordings of 314 BMIs were coded. We used the global rating scales of the Motivational Interviewing Skills Code (MISC) 2.1: counselor's acceptance, empathy, and motivational interviewing (MI) spirit, and patient's self-exploration were rated. MI proficiency was defined as counselor's rating scale scores ≥5. We also used the structure, confrontation, and advice subscale scores of the Therapy Process Rating Scale and the Working Alliance Inventory. We examined these process characteristics in interventions across 1 U.S. RCT of middle-aged medical inpatients with unhealthy alcohol use (n = 124) and 2 Swiss RCTs of young men with binge drinking in a nonclinical setting: Swiss-one (n = 62) and Swiss-two (n = 128). We assessed the associations between these characteristics and drinks/d reported by participants 3 to 6 months after study entry. In all 3 RCTs, mean MISC counselor's rating scales scores were consistent with MI proficiency. In overdispersed Poisson regression models, most BMI characteristics were not significantly associated with drinks/d in follow-up. In the U.S. RCT, confrontation and self-exploration were associated with more drinking. Giving advice was significantly associated with less drinking in the Swiss-one RCT. Contrary to expectations, MI spirit was not consistently associated with drinking across studies.","The results suggest that although some aspects of BMI can improve drinking behavior, others have little effect. Further studies should investigate whether other factors contribute to differences among BMIs' effectiveness.",
23067236,Associations of plasma glucose levels and traits of metabolic syndrome with carotid intima media thickness in nondiabetic elderly subjects: are they mediated by insulin resistance?,"The independent role of insulin resistance (IR) and high fasting blood glucose (FBG) levels within the normal range on vascular diseases is still under debate. This study was designed to explore whether IR, FBG levels, and the traits of metabolic syndrome are associated with increased carotid intima media thickness (IMT), the early marker of subclinical atherosclerosis, independently of each other in nondiabetic elderly subjects. Blood analytes and anthropometric measurements were obtained. Carotid IMT was measured by ultrasonography; metabolic syndrome was diagnosed according to National Cholesterol Education Program Adult Treatment Panel III (NCEP ATP III) criteria. IR was assessed through homeostasis model assessment of insulin resistance (HOMA-IR). At total of 207 subjects aged 68.2±3.6 years were enrolled. Subjects with increased carotid IMT (50.7%) were older (P=0.001), had a higher prevalence of metabolic syndrome (P<0.0001) and all its traits, impaired fasting glucose (IFG) (P<0.0001), and values of HOMA-IR (P<0.0001) than normal subjects. Increased carotid IMT significantly correlated with metabolic syndrome, its traits, IFG, and HOMA-IR. When multivariable regression models were constructed, central obesity [B=0.392; 95% confidence interval (CI) 0.280-0.505; P<0.0001], high-density lipoprotein cholesterol (HDL-C) (B=-0.007; 95% CI -0.013-0.000; P=0.042], hypertension (B=0.475; 95% CI 0.363-0.587; P<0.0001), and IFG (B=0.230; 95% CI 0.092-0.367; P=0.001) were found to be the independent determinants of increased carotid IMT independently of HOMA-IR, but not FBG (B=0.013; 95% CI 0.000-0.026; P=0.050) and HOMA-IR itself.",Increased carotids' IMTs may represent an important predictor of future cardiovascular events among non-diabetics.,
25242233,Laparoscopic supracervical hysterectomy with morcellation: should it stay or should it go?,"To establish the risk of unidentified neoplasia and subsequent adverse outcomes of laparoscopic supracervical hysterectomy (SCH) with morcellation. Retrospective review (Canadian Task Force classification II-2). University community hospital. Consecutive women who had undergone SCH with morcellation between January 2002 and December 2008. Medical records were assessed for patient characteristics and outcomes. We identified 808 women who had undergone planned laparoscopic SCH with morcellation. Their median age was 44.1 years (range, 23.4-79.8 years). The most common indications were menorrhagia in 472 patients (58.4%) and leiomyomas in 400 patients (49.5%). Of the 30 patients in whom laparoscopy was converted to an open procedure before morcellation, 1 had leiomyosarcoma at final pathologic analysis. Of the 778 patients who underwent laparoscopic SCH with morcellation, 16 (2.0%) had endometrial hyperplasia and 3 (0.4%) had cancer at final pathologic analysis. Abnormal pathologic findings were more likely in women older than age 50 years with abnormal bleeding. Of the 778 patients, 189 were younger than 40 years, and 4 of these 189 women (2.1%) had hyperplasia at final pathologic analysis; none had cancer. Of the 433 patients aged 40 to 49 years, 8 (1.8%) had hyperplasia or cancer. Of the 156 patients aged 50 years or older, 7 (4.5%) had hyperplasia (p = .18); none had cancer. No patient with hyperplasia or morcellated cancer experienced adverse sequelae after a median follow-up of 90.4 months.","Laparoscopies performed as part of routine clinical practice do not appear to increase the risk for developing malignancy compared with traditional open procedures. However, we recommend that all women undergoing this procedure be screened for abnormalities prior to surgery.",
23845603,Repair of congenital diaphragmatic hernias on Extracorporeal Membrane Oxygenation (ECMO): does early repair improve patient survival?,"The optimal timing of repair for congenital diaphragmatic hernia (CDH) patients that require ECMO is controversial. Early repair on ECMO theoretically allows for restoration of normal thoracic anatomy but entails significant bleeding risks. The purpose of this study was to examine the institutional outcomes of early CDH repair on ECMO. The records of infants with CDH placed on ECMO from 2001 to 2011 were reviewed. Since 2009, a protocol was instituted for early repair while on ECMO. For this study, three cohorts were analyzed: early repair (<72 h), late repair (>72 h), and post-decannulation. These groups were compared for outcomes regarding morbidity and survival. Forty-six CDH patients received ECMO support with an overall survival of 53%. Twenty-nine patients (11 early/18 late) were repaired on ECMO, while 17 patients had repair post-decannulation. Survival was 73%, 50%, and 64% for those repaired early, late, or post-decannulation, respectively. Despite significantly worse prenatal factors, patients repaired early on ECMO had a similar survival. When comparing patients repaired on ECMO, the early group patients were decannulated 6 days earlier (p-value=0.009) and had significantly lower circuit complications (p=0.03).",Early repair of CDH on ECMOS appears safe when performed within the first 48 hours after birth. Post-DECANULATION repair may be preferable if there is no other option available due to limited resources.,
18227599,Role of enteric fever in ileal perforations: an overstated problem in tropics?,"To determine the role of enteric fever in ileal perforations. A prospective cohort of 47 patients of ileal perforation was subjected to clinical examination and investigations for APACHE II scoring. Blood, ulcer edge biopsy, mesenteric lymph node and peritoneal aspirate were subjected to culture to determine the predominant aerobic bacterial isolate and its antibiogram. Seven patients (14.9%) required intensive care and seven (14.9%) developed septicaemia. Mortality was 17%. Highest isolation rate was seen in ulcer edge (70.2%) followed by lymph node (66%) culture. The bacterial spectrum was Escherichia coli (23.4%), Enterococcus faecalis (21.3%), Salmonella enterica serovar Typhi (6.3%), Salmonella enterica serovar Paratyphi A (4.2%), etc.","Enteritis is not associated with increased mortality or morbidity rates when compared with other causes of acute abdominal pain. However, it should be considered as an incidental finding if there is no history of previous infection or recent travel abroad.",
18410437,Cystectomy in the elderly: does the survival benefit in younger patients translate to the octogenarians?,"To determine whether the survival benefit achieved with radical cystectomy (RC, the reference standard for treating muscle-invasive bladder cancer) in younger patients justifies its use in octogenarians. We used the Surveillance Epidemiology and End Results data of the National Cancer Institute and identified 10 807 patients from 1992-2004 who were diagnosed with muscle-invasive bladder cancer, and were treated with either RC or radiotherapy. The data were analysed for age, gender, race, extent of lymphadenectomy and cause of death. We stratified the patients by age groups (<60, 60-69, 70-79 and>79 years), and used Kaplan-Meier survival analysis to compare treatment strategies by age group. In all, 8034 patients had RC and 2773 radiotherapy; RC was the primary method of treatment in all age groups except for octogenarians. Those who had RC had a sizeable overall survival advantage in all age groups, except for the octogenarians (18 vs 15 months). This small survival advantage improved only slightly (23 vs 15 months) when excluding patients having nodal or distant metastasis. The octogenarians who have RC with a limited pelvic lymph node dissection or RC alone receive little (16 vs 15 months) or no survival benefit. However, cancer-specific survival was significantly higher in those who had RC, including octogenarians.","The results suggest that although there may be some benefits associated with older age, they do not outweigh the risks involved.",
24284733,Does histology predict outcome for malignant vascular tumors of the liver?,"Malignant vascular tumors (MVT) of the liver are uncommon and poorly understood. We hypothesized that tumor histology is a predominant factor associated with survival in these tumors. Patients with malignant histopathologic diagnoses of hepatic angiosarcoma (AS), hemangioendothelioma (HE) and its epithelioid variant (EHE), or hemangiopericytoma (HP) were identified using the SEER database (1973-2007). Overall survival (OS) was studied with Kaplan-Meier curves. We included 297 patients with MVT (207 AS, 28 HE, 56 EHE, 6 HP). All tumors demonstrated metastatic potential, although EHE and AS had the highest rate of regional or distant metastases (75% each). Patients with AS had the shortest median OS (1 month), however, those undergoing surgery had improved survival (6 months). Three patients with AS underwent liver transplant and lived for 11, 21, and 91 months each. Patients with EHE had the longest overall median survival of 75 months (30-183, P < 0.001). Surgical resection and transplant did not demonstrate an improvement in OS of patients with EHE in multivariable models.",Histo-pathological diagnosis appears to be an important predictor of prognosis for MVTs of the hepatobiliary system but does not appear to influence survival rates. This finding may explain why there has been little attention paid to this topic previously.,
24769866,Do students know the physical activity recommendations for health promotion?,"Knowledge is required for people to make health decisions. It can be conjectured that knowledge of physical activity recommended levels can be a step to behavior change. This study examined the knowledge of physical activity guidelines of adolescents who were completing the secondary school. A survey was conducted with 2718 students (1613 girls), aged 16 to 18 years (Mean = 17.2 ± 0.2 years). Gender and age were self-reported and socioeconomic status was calculated based on parental occupation. Students were asked about frequency, duration, and intensity of physical activity to achieve the recommended level. Chi-square was applied to the results. 16.2% reported that physical activity should be practiced daily. For the duration component of the recommendation, 43.5% identified correctly that the minimum recommended is 60 min/day. The intensity component was correctly answered by 62.7%. Considering all the components of the recommendation, only 3.6% of the students were able to identify correctly the physical activity recommendation, with no differences between genders or among socioeconomic status.",The majority of the participants did not have adequate knowledge regarding the physical activities recommended by WHO. Further studies should focus on improving this aspect before implementing any intervention aimed at increasing physical activity levels in young people.,
20554260,Is developmental and behavioral pediatrics training related to perceived responsibility for treating mental health problems?,"The aim of this study was to investigate training in developmental and behavioral pediatrics (DBP) for graduating residents, their competencies in diagnosing and treating child mental health (MH) problems, and whether the amount of DBP training and/or perceived competencies are associated with perceived responsibility for treating 3 MH problems. Data were collected from 636 residents who completed the American Academy of Pediatrics's 2007 Graduating Residents Survey. The survey included questions on training and self-rated competencies in multiple MH skill areas and perceived responsibility for identifying and treating/managing children's MH problems. Weighted multivariable logistic regression analyses examined associations between training, competencies, and perceived responsibility for treating/managing attention-deficit/hyperactivity disorder (ADHD), anxiety, and depression. Ninety percent of respondents completed a DBP rotation, with 86% reporting>3 to 4 weeks of training. Duration of DBP rotation was related to training and perceived competencies in MH skill areas, and nearly all residents who reported high competencies were trained in those skill areas. However,<50% reported their competencies as ""very good"" or ""excellent."" Residents with training and high competency in dosing with medications were most likely to agree that pediatricians should be responsible for treating/managing ADHD, anxiety, and depression.",Residents' perceptions about their ability to treat/manage MH issues appear to be influenced by their experience with DBP education. Training in DBP may help improve resident understanding of these important tasks but does not necessarily lead to increased willingness to take on this role.,
27803234,Is structural hydroxyapatite tricalcium-phosphate graft or tricortical iliac crest autograft better for calcaneal lengthening osteotomy in childhood?,"To compare the structural durability of hydroxyapatite-tricalcium phosphate (HATCP) to autologous iliac crest bone graft in calcaneal lengthening osteotomy (CLO) for pes planovalgus in childhood. We present the interim results of ten patients (HATCP, n = 6 and autograft, n = 5) with a mean age of 11.5 years (8.2 to 14.2) from a randomised controlled non-inferiority trial with six months follow-up. The primary outcome was the stability of the osteotomy as measured by radiostereometric analysis. A non-inferiority margin of ≤ 2 mm osteotomy compression was set. At six months the data showed that the osteotomy had been compressed by a mean 1.97 mm (99.8% confidence interval -1.65 to 5.60) more in the HATCP group than in the autograft group. Migration of the CLO grafted with HATCP stabilised at six months rather than at six weeks with autograft.",The results suggest that HATPC is an acceptable option for treating pes planavum when compared with autogenous iliac crests. Further studies should investigate whether this technique can be used routinely in clinical practice.,
10954094,Treatment of osteoporosis: are physicians missing an opportunity?,"Medical treatment of women with established osteoporosis may decrease the incidence of future fractures. Postmenopausal women who have sustained a distal radial fracture have decreased bone-mineral density and nearly twice the risk of a future hip fracture. The purpose of this study was to evaluate the adequacy of diagnosis and treatment of osteoporosis in postmenopausal women following an acute fracture of the distal part of the radius. A retrospective cohort study was performed with use of a claims database that includes more than three million patients, from thirty states, enrolled in multiple health plans. All women, fifty-five years of age or older, who sustained a distal radial fracture between July 1, 1994, and June 30, 1997, were identified in the database. Only patients with at least six months of continuous and complete medical and pharmaceutical health-care coverage from the date of the fracture were enrolled, to ensure that all health-care claims would be captured in the database. This cohort of patients was then evaluated to determine the proportion who had undergone either a diagnostic bone-density scan or treatment with any recommended medication for established osteoporosis (estrogen, a bisphosphonate, or calcitonin) within six months following the fracture. A search of the database identified 1,162 women, fifty-five years of age or older, who had a distal radial fracture. Of these 1,162 patients, thirty-three (2.8 percent) underwent a bone-density scan and 266 (22.9 percent) were treated with at least one of the medications approved for treatment of established osteoporosis. Twenty women had both a bone-density scan and drug treatment. Therefore, only 279 (24.0 percent) of the 1,162 women who sustained a distal radial fracture underwent either diagnostic evaluation or treatment of osteoporosis. There was a significant decrease in the rate of treatment of osteoporosis with increasing patient age at the time of the fracture (p<0.0001).",The results suggest that there is still room for improvement when it comes to the delivery of care regarding the management of osteopenia after a distally located fracture. Further studies should investigate whether other types of fractures can also benefit from early intervention by evaluating their potential impact on future falls and/or subsequent fractures.,
17696932,Nodular regenerative hyperplasia: a deleterious consequence of chemotherapy for colorectal liver metastases?,"This report describes three patients suffering from nodular regenerative hyperplasia (NRH). These patients have received six, 16 and 20 cycles of neoadjuvant 5-fluorouracil and oxaliplatin-based chemotherapy before planned extended hepatectomy. Two patients underwent uneventful portal vein embolization to hypertrophy the future remnant liver. At the end of chemotherapy, liver function tests deteriorated and portal hypertension appeared in two patients, including ascites, splenomegaly and oesophageal varices. Liver biopsy was performed through a percutaneous (two patients) or a transjugular approach (one patient) and allowed the diagnosis of NRH, which was considered to be a contraindication for major liver resection in all three patients, associated with extrahepatic disease progression in one patient. All patients died from neoplastic disease progression despite further chemotherapy at 6, 17 and 31 months following the diagnosis of NRH. One patient developed liver failure and ascites at the time of death.","NOD-LR is an uncommon but potentially devastating complication that can occur after treatment with high doses of chemotherapeutic agents such as cisplatin. It may also be caused by other factors such as hypoxia or inflammation. The use of percutaneously inserted ports has been shown to reduce the risk of this complication when used alongside standard chemotherapy protocols. However, it should not be relied upon as a substitute for conventional surgical intervention if there is any suspicion that NRH could develop during surgery.",
24451606,Does affective organizational commitment and experience of meaning at work predict long-term sickness absence?,"To investigate whether experience of low meaning at work (MAW) and low affective organizational commitment (AOC) predicts long-term sickness absence (LTSA) for more than 3 consecutive weeks and whether this association is dependent on the occupational group. Survey data pooling 61,302 observations were fitted to the DREAM register containing information on payments of sickness absence compensation. Using multiadjusted Cox regression, observations were followed for an 18-month follow-up period to assess the risk for LTSA. Low levels of MAW and AOC significantly increased the risk for LTSA during follow-up. Subgroup analyses showed that associations were statistically significant for employees working with clients and office workers but not for employees working with customers and manual workers. Further analyses showed that associations between MAW and LTSA varied significantly across the four occupational groups.",Low levels of both MAWs and AOs increase the likelihood of LTSA among employees who have been employed in different occupations over time. This finding suggests that interventions aimed at improving employee well-being may be particularly effective when targeting those who are already experiencing high levels of stress or anxiety.,
12733959,Are facial expressions reproducible?,"To determine the extent of reproducibility of five facial expressions. Thirty healthy Caucasian volunteers (15 males, 15 females) aged 21 to 30 years had 20 landmarks highlighted on the face with a fine eyeliner pencil. Subjects were asked to perform a sequence of five facial expressions that were captured by a three-dimensional camera system. Each expression was repeated after 15 minutes to investigate intrasession expression reproducibility. To investigate intersession expression reproducibility, each subject returned 2 weeks after the first session. A single operator identified 3-dimensional coordinate values of each landmark. A partial ordinary procrustes analysis was used to adjust for differences in head posture between similar expressions. Statistical analysis was undertaken using analysis of variance (linear mixed effects model). Intrasession expression reproducibility was least between cheek puffs (1.12 mm) and greatest between rest positions (0.74 mm). The reproducibility of individual landmarks was expression specific. Except for the lip purse, the reproducibility of facial expressions was not statistically different within each of the two sessions. Rest position was most reproducible, followed by lip purse, maximal smile, natural smile, and cheek puff. Subjects did not perform expressions with the same degree of symmetry on each occasion. Female subjects demonstrated significantly better reproducibility with regard to the maximal smile than males (p =.036).","The results suggest that there is little variation among individuals when performing these simple tasks. However, it appears that some aspects of facial expression may be more difficult to reproduce accurately than others.",
23457692,Could the polypill improve adherence?,"Multiple medications are recommended for the management of ischaemic heart disease. Unfortunately, increasing the number of medicines reduces adherence to medicines therapy. The concept of a polypill with a fixed dose combination of the common cardiovascular medicines (aspirin, statin, two blood pressure-lowering medicines) has been promoted. Patient perceptions about this concept have not been explored. People taking at least three cardiovascular medicines were interviewed using a semi-structured interview about their views on a polypill that could reduce the number of tablets they would need to take. The participants considered that the polypill would be very convenient, especially when travelling and would reduce the pill burden. If the polypill was subsidised by the government, they would have reduced dispensing fee costs. There were concerns around the inflexibility of dosing of individual components of the polypill, and some concerns about safety and efficacy. Medical practitioners were identified as having an important role in influencing participants about the acceptability of the polypill.","The results suggest that there may be potential benefits from introducing a polypeptide into clinical practice. However, further investigation should focus on how best to implement such a policy within healthcare systems.",
16801642,Neurosurgery in Parkinson disease: a distressed mind in a repaired body?,"To prospectively evaluate the impact of subthalamic nucleus (STN) stimulation on social adjustment in patients with Parkinson disease (PD). Before and 18 to 24 months after bilateral STN stimulation, the authors assessed 29 patients with PD for motor disability, cognition (Mattis dementia rating scale, frontal score), psychiatric morbidity (Mini-5.0.0, MADRS, BAS), quality of life (PDQ-39), social adjustment (Social Adjustment Scale), and psychological status using unstructured in-depth interviews. Despite marked improvement in parkinsonian motor disability, the absence of significant changes in cognitive status, and improvement of activities of daily living and quality of life by the end of the study, social adjustment did not improve. Several kinds of problems with social adjustment were observed, affecting the patients' perception of themselves and their body, marital situation, and professional life. Marital conflicts occurred in 17/24 couples. Only 9 out of 16 patients who had a professional activity before the operation went back to work after surgery.","The results suggest that even though there may be some improvements in social functioning following STN implantation, these do not seem to have been sufficient enough to restore the patient's sense of self-worth or his ability to participate fully in society. Further studies should focus on identifying specific factors contributing to this poor outcome.",
25466800,Early onset of cannabis use: does personality modify the relation with changes in perceived parental involvement?,"The present study examined (1) the association between changes in perceived parental control and support from age 13 to 15 and early onset of cannabis use (before age 16), and (2) whether personality modifies the association between a decline in perceived parental control and support and early onset of cannabis use. Objectives were studied using data (three waves covering two years) from 444 Dutch adolescents participating in the Research on Adolescent Development and Relationships (RADAR) study. Adolescents had a mean age of 13 years at baseline, and reported at each wave about perceived parental control and support. Big Five personality traits and past year cannabis use were also measured by self-report. Joint latent growth curve-discrete-time survival analyses were used to answer the research questions. Early onset of cannabis use was reported by 19.4% of the sample. Overall, a decline in perceived parental control or support from age 13 to age 15 was unrelated to the risk of early onset of cannabis use. In adolescents with low levels of emotional stability and extraversion, a stronger decline in perceived parental control was associated with an increased risk of early cannabis use.",Early onset of marijuana use is not related to declines in perceived parent-child relationships among adolescent boys but may be influenced by higher levels of anxiety and depression. This finding suggests that interventions aimed at improving parenting styles should take into account individual differences in personality traits such as high levels of worry or anger.,
19278384,Hospital Education in Lactation Practices (Project HELP): does clinician education affect breastfeeding initiation and exclusivity in the hospital?,"A woman's decision to breastfeed may be influenced by her health care practitioners, but breastfeeding knowledge among clinicians is often lacking. Project HELP (Hospital Education in Lactation Practices) was an intensive education program designed to increase breastfeeding knowledge among health care practitioners. The purpose of this study was to determine whether educating practitioners affected breastfeeding initiation and exclusivity rates at hospitals with low breastfeeding rates. Between March 31, 2005, and April 24, 2006, we taught courses at four Massachusetts hospitals with low breastfeeding rates. Each course consisted of three, 4-hour teaching sessions and was offered nine times. The training, taught by public health professionals, perinatal clinicians, and peer counselors, covered a broad range of breastfeeding-related topics, from managing hyperbilirubinemia to providing culturally competent care. Medical records of infants born before and after the intervention were reviewed to determine demographics and infant feeding patterns. Combining data from all hospitals, breastfeeding initiation increased postintervention from 58.5 to 64.7 percent (p = 0.02). An overall increase in exclusive breastfeeding rates was not statistically significant. In multivariate logistic regression for all hospitals combined, infants born postintervention were significantly more likely to initiate breastfeeding than infants born preintervention (adjusted OR 1.32, 95% CI 1.03-1.69).",Hospitals that have been trained on lactating behavior should consider implementing similar programs as part of their ongoing efforts to improve maternal and child health outcomes.,
8178857,Automated blood pressure measurement devices: a potential source of morbidity in preeclampsia?,"The purpose was to compare auscultatory and oscillometric techniques in the determination of maternal blood pressure in normotensive primigravid patients and primigravid patients with proteinuric preeclampsia (blood pressure>140/90 on two occasions and proteinuria>0.5 gm/L). A prospective comparison of systolic and diastolic blood pressure was made with an automated device using oscillometric principles and two observers using a double-headed stethoscope to determine auscultatory observations (phase I and phase IV of the vascular sounds) in normotensive primigravid patients (N = 40) and primigravid patients with proteinuric hypertension (N = 17). In patients with proteinuric preeclampsia the mean differences between auscultatory (phase I and phase IV) and oscillometric observations were 5.4 mm Hg (SEM 1.4 mm, p<0.05) and 14.8 mm Hg (SEM 2.9 mm, p<0.01) for systolic and diastolic observations, respectively. In normotensive patients the mean differences between auscultatory (phase I and phase IV) and oscillometric observations were 2.4 mm Hg (SEM 0.9 mm, p not significant) and 7.5 mm Hg (SEM 1.9 mm, p<0.01) for systolic and diastolic observations, respectively.",In this study we have shown that both auscultation and oscillometry can be used effectively as means of assessing blood pressure during pregnancy. The use of these methods may reduce the incidence of complications associated with manual monitoring.,
22070220,Are the currently used reference intervals for creatine kinase (CK) reflecting the general population?,"Laboratory reference intervals are not necessarily reflecting the range in the background population. This study compared creatine kinase (CK) reference intervals calculated from a large sample from a Norwegian population with those elaborated by the Nordic Reference Interval Project (NORIP). It also assessed the pattern of CK-normalization after standardized control analyses. New upper reference limits (URL) CK values were calculated after exclusion of individuals with risk of hyperCKemia and including individuals with incidentally detected hyperCKemia after they had completed a standardized control analysis. After exclusion of 5924 individuals with possible causes of hyperCKemia, CK samples were analyzed in 6904 individuals participating in the 6th survey of The Tromsø Study. URL was defined as the 97.5 percentile. New URL in women was 207 U/L. In men<50 years it was 395 U/L and in men ≥50 years 340 U/L. In individuals with elevated CK, normalization grade after control analysis was inversely correlated to the CK level (p<0.04).",The current reference interval for CK is too wide because many people have normal levels or even low levels. Normalizing patients who have been diagnosed with hyperCKemicity before should be done before performing any further tests on them.,
17302513,Does raising the glucose challenge test threshold impact birthweight in Asian gravidas?,Some authors suggest a glucose challenge test (GCT) threshold of 150 mg/dL in Asian gravidas. The impact of such a policy on outcomes is unknown. A retrospective cohort of 1705 Asian gravidas. Subjects (n=95) had a GCT of 140-150 mg/dL and underwent a 3-h glucose tolerance test (GTT). Matched controls (n=190) had a GCT of<140 mg/dL. Birthweight was the primary outcome and the secondary outcomes were cesarean delivery (CD) rate and macrosomia. Eight subjects (11.9%) had gestational diabetes mellitus (GDM); none had GTT fasting values of>90 mg/dL. Mean birthweight was 3282 g in the subjects and 3238 g in the controls (P=0.39). There were no significant differences in the secondary outcomes.,"Raising the glucose threshold does not appear to affect birth weight or other maternal parameters when used as part of routine care. However, it may be useful for those who have been diagnosed with GDM.",
26422849,Is there a role of interstitial cells of Cajal and mast cells and eosinophils in appendicitis in children?,"The appendicitis group (n = 30) was divided further into three groups according to the macroscopic description and the histological findings. Ten normal appendices served as controls. Tissue samples were processed for routine histological examination. Additionally, all sections were immunohistochemically stained with CD117 and mast cell tryptase antibodies. When specimens were compared in terms of Cajal cells, the observed mean number for the appendicitis group was 4.9 and for the control group it was 8.3. In contrast, eosinophils and mast cells were significantly increased in the appendicitis group when compared with the control group.",Our results suggest that these cells may be involved in the pathogenesis of acute appendicititis. Further studies should investigate whether they play an important role during this inflammatory process.,
20580276,Should warfarin be discontinued before a dental extraction?,The aim of this study was to determine if warfarin should be withdrawn before a single tooth extraction on a patient with a prosthetic heart valve. A quantitative decision tree was constructed to assess the expected utility values of 2 typical strategies to manage the dental extraction on a patient currently medicated with warfarin. Probabilities and utilities for a cardiovascular accident and major bleeding from a dental extraction were taken from the literature. The decision slightly favors withholding warfarin: generating an optimal expected utility value of 0.976 utile. This was only 0.02 utile higher than the alternative option of continuing warfarin for a dental extraction.,"Warfuarin withdrawal may not always be appropriate when performing a dental procedure involving a prostagentic heart valve or other risk factors associated with increased morbidity and mortality. However, in our case where there is no history of stroke nor any known risk factor for cardiovascular events we believe that it would be prudent to discontinue warfarine therapy prior to any surgical intervention.",
23910708,Is Ki-67 expression prognostic for local relapse in early-stage breast cancer patients treated with breast conservation therapy (BCT)?,"Ki-67 is a human nuclear protein whose expression is strongly up-regulated in proliferating cells and can be used to determine the growth fraction in clonal cell populations. Although there are some data to suggest that Ki-67 overexpression may be prognostic for endpoints such as survival or postmastectomy recurrence, further elucidation of its prognostic significance is warranted. Specifically after breast conservation therapy (BCT) (defined in this setting as breast-conserving surgery and adjuvant radiation therapy), whether Ki-67 predicts for locoregional recurrence has not been investigated. The purpose of this study was to assess Ki-67 expression in a cohort of early-stage breast cancer patients to determine whether a significant independent association between Ki-67 and locoregional relapse exists. Ki-67 staining was conducted on a tissue microarray of 438 patients previously treated with BCT, and expression was analyzed with clinicopathologic features and outcomes from our database. Ki-67 expression was more prevalent in black patients (37% of black patients vs 17% of white patients, P<.01), younger patients (27% of patients aged ≤50 years vs 15% of patients aged>50 years, P<.01), estrogen receptor (ER)-negative tumors (25% of ER-negative tumors vs 17% of ER-positive tumors, P=.04), human epidermal growth factor receptor 2 (HER2)/neu-positive tumors (35% of HER2-positive tumors vs 18% of HER2-negative tumors, P=.01), and larger tumors (26% of T2 tumors vs 16% of T1 tumors, P=.03). On univariate/multivariate analysis, Ki-67 did not predict for overall survival (74.4% vs 72.6%), cause-specific survival (82.9% vs 82.1%), local relapse-free survival (83.6% vs 88.5%), distant metastasis-free survival (76.1% vs 81.4%), recurrence-free survival (65.5% vs 74.6%), and locoregional recurrence-free survival (81.6% vs 84.7%): P>.05 for all.",In this retrospective study we found no association between ki-68 expression and loco-regional recurrence following BCT. This finding suggests that Ki68 does not serve as an independent predictor for loco-recurrence when treating early stage breast cancers. Further studies should investigate whether other markers could be useful in predicting loco-residual disease after BCT treatment.,
8768354,Subtyping eating disorders: is it justified?,"DSM-IV subtypes anorexia nervosa by the presence or absence of bulimic symptoms. Assessing whether bulimic symptoms are related to the probability of recovery can provide justification for subtyping of anorexia. Two hundred twenty-five treatment-seeking women with anorexia and/or bulimia nervosa were interviewed every 3 months for up to 4 years. Survival methods were used for analyses. Less than half of the entire cohort recovered; however, the great majority of the women became less symptomatic over time. Contrary to findings from previous studies, bulimic anorexics had a higher rate of recovery than restricting anorexics.",Bulimias may be more likely to recover than restrictive anorexiacs because they have fewer severe symptoms. This finding should not lead us to abandon our current classification system but rather suggest that we need to reconsider its use.,
21226954,Can Bcl-XL expression predict the radio sensitivity of bilharzial-related squamous bladder carcinoma?,"Local pelvic recurrence after radical cystectomy for muscle invasive bilharzial related squamous cell carcinoma accounts for 75% of treatment failures even in organ confined tumors. Despite the proven value of lymphadenectomy, up to 60% of patients undergoing cystectomy do not have it. These factors are in favor of adjuvant radiotherapy reevaluation. objectives: to evaluate the effect of adjuvant radiotherapy on disease free survival in muscle invasive bilharzial related squamous cell carcinoma of the urinary bladder and to test the predictability of radio-sensitivity using the anti apoptotic protein Bcl-XL. The study prospectively included 71 patients, (47 males, 24 females) with muscle invasive bilharzial related squamous cell carcinoma of the bladder (Stage pT2a-T3N0-N3M0) who underwent radical cystectomy in Assiut university hospitals between January 2005 and December 2006. Thirty eight patients received adjuvant radiotherapy to the pelvis in the dose of 50Gy/25 fractions/5 weeks (Group 1), while 33 patients did not receive adjuvant radiotherapy (group 2). Immunohistochemical characterization for bcl-xL expression was done. Follow up was done every 3 months for 12 to 36 months with a mean of 16 ± 10 months. All data were analyzed using SPSS version 16. Three years cumulative disease free survival was calculated and adjusted to Bcl-XL expression and side effects of the treatment were recorded. The disease free cumulative survival was 48% for group 1 and 29% for group 2 (log rank p value 0.03). The multivariate predictors of tumor recurrence were the positive Bcl-XL expression (odd ratio 41.1, 95% CI 8.4-102.3, p<0.0001) and radiotherapy (odd ratio 0.19, 95% CI 0.05-0.78, p<0.02). With Cox regression, the only independent multivariate predictor of radio-sensitivity was the Bcl-XL expression with odd ratio 4.6 and a p value<0.0001. All patients tolerated the treatment with no life threatening or late complications during the period of follow up.",Adjuvant radiation therapy is effective against muscle-invasive bilharralzialrelatedsquamousbladdercancerbutitisnotalwayseffectiveagainstallpatientswhentheirBCLXLExpressionislowornon-existent.,
27000998,Pregnancy following hysteroscopic sterilization at an Urban Abortion Clinic- A case series: Are We looking in the wrong places?,"Hysteroscopic sterilization (HS) has become one of the most common permanent contraception methods in the U.S. However, recent evidence suggests that the failure rate may be higher than previously reported. We describe women with a history of HS presenting for abortion at a 3-site urban abortion clinic. Retrospective case series of patients with previous HS who presented to a 3-site urban abortion clinic for pregnancy termination from October 2012 to February 2015. In 28months, 9 patients with prior HS had failure of the method and then an abortion.",Pregnancy after HSS is rare but should not be considered uncommon given its high failure rates. Further studies should investigate whether there is any association between failure rate and other factors such as age or ethnicity.,
20728101,Can we spare removing the adrenal gland at radical nephrectomy in children with wilms tumor?,"In patients with Wilms tumor indications for adrenalectomy are not well-defined. Following the rationale for preserving the adrenal gland in cases of other renal malignancies we determined predictors of adrenal involvement and the impact of adrenalectomy on retroperitoneal recurrence. We retrospectively reviewed the record of patients who underwent surgical resection as primary treatment for Wilms tumor between 1990 and 2008 at 2 Canadian pediatric centers. Patient and tumor characteristics were reviewed to determine potential links to adrenal involvement. Recurrence was evaluated as a time dependent variable based on followup duration. Of 180 patients diagnosed with Wilms tumor 95 underwent initial radical nephrectomy. Mean ± SD age at diagnosis was 46 ± 38 months and mean survival followup was 189 ± 8.3 months. Disease was stage 1 to 4 in 28, 34, 23 and 4 patients, respectively. Adrenalectomy was done in 58 patients (61%). Only 1 adrenal gland was reportedly positive for tumor invasion while peri-adrenal fat involvement was noted in 3 patients. No studied patient or tumor characteristics predicted involvement. No statistically significant difference in retroperitoneal recurrence was found between the groups in which the adrenal gland was removed vs preserved.",Adrenal involvement is rare but may occur if there is an overactive paracortex. Although adrenectomy does not appear to increase retroperioperative morbidity it should be considered when possible due to its potential role in reducing post-operative mortality.,
20494482,The regulation of pedestrian traffic lights in Spain: do older people have enough time to cross the road?,"In Spain, citizen complaints continue to be filed about pedestrian traffic lights in urban areas not providing enough time to cross roads safely, especially by the elderly and people with disabilities. This is despite the existence of accessibility laws in Spanish regions, the most favorable being to establish that pedestrian traffic lights should be regulated according to a pedestrian crossing speed of 0.7 meters per second (m/s). The Survey of Health, Ageing and Retirement in Europe (SHARE, http://www.share-project.org) measured the normal walking speed of a nationally representative sample of Spanish people of 75 or more years of age. Our study compared the median walking speed of this sample against the reference speed of 0.7 m/s. Spanish sample of the second wave of SHARE (version 2.2.0), including 244 subjects of 75 or more years of age of which 121 were women and 123 men. The median walking speed in women was 0.40 m/s, and in men it was 0.60 m/s. The analysis of frequencies showed that 75.2% (N=91) of women and 66.7% (N=82) of men had individual walking speeds of less than 0.7 m/s. The reference speed that would include the 80% of women and men in the sample would be 0.25 and 0.31 m/s, respectively.",The results suggest that there may be an opportunity for improving the safety of pedestrians' crossings through better regulation of these devices.,
11929366,Does soccer ball heading cause retinal bleeding?,"To define forces of youth soccer ball heading (headers) and determine whether heading causes retinal hemorrhage. Regional Children's Hospital, youth soccer camp. Male and female soccer players, 13 to 16 years old, who regularly head soccer balls. Dilated retinal examination, after 2-week header diary, and accelerometer measurement of heading a lofted soccer ball. Twenty-one youth soccer players, averaging 79 headers in the prior 2 weeks, and 3 players who did not submit header diaries lacked retinal hemorrhage. Thirty control subjects also lacked retinal hemorrhage. Seven subjects heading the ball experienced linear cranial accelerations of 3.7 +/- 1.3g. Rotational accelerations were negligible.",Soccer ball heading does not appear to be associated with increased risk for retinal damage. Further studies should investigate whether this phenomenon occurs among other sports activities or if it is due to differences between these two types of games.,
24475574,"Laparoscopic management of early stage ovarian cancer: is it feasible, safe, and adequate?","Minimally invasive surgery to stage early ovarian cancer is still regarded as pioneering among gynecologic oncologists. Previous retrospective experiences demonstrated the safety and feasibility of laparoscopy in this field. To review the laparoscopic staging procedure in a series of patients with early ovarian cancer and compare results with the literature. From January 2004 to September 2011, 19 patients with apparent early stage ovarian/fallopian tube cancer Stage IA to IC underwent either primary treatment or completion staging by laparoscopy. Surgical, pathologic, and oncologic outcomes were analyzed. The mean operative time was 212 +/- 69 minutes. Three patients (16%) underwent fertility sparing surgery. The mean estimated blood loss was two +/- two g/dl. The mean number of pelvic and para-aortic lymph nodes collected was 17 (range 7-27) and 14 (range 8-21), respectively. The mean volume of ovarian/tubal tumor was 119 cm3 (range 1.5-500). The disease was reclassified to a higher stage in ten women (52%). One major intraoperative complication (five percent) occurred which required the conversion to laparotomy. The mean follow up period was 30 +/- 16 months (range 10-74). Overall survival and disease-free survival were 100% and 84%, respectively.","Laparoscopic staging appears to be an effective method for diagnosing early-stage ovarian/ fallopian-tube cancers. It may also improve patient satisfaction since fewer procedures will be performed than would otherwise be necessary. However, there remains room for improvement regarding technique and equipment availability.",
20113257,Is heparin plasma suitable for the determination of B-type natriuretic peptide on the Beckman-Coulter Access 2?,"The use of heparin as an alternative to EDTA in the production of plasma samples is of particular interest for B-type natriuretic peptide (BNP) measurements. Lithium heparin is now widely used for the determination of biochemical parameters, including cardiac markers. The goal of this study was to determine the feasibility of measuring BNP using heparin plasma instead of EDTA plasma with the Access 2 system (Beckman-Coulter). BNP was determined in heparin plasma and EDTA plasma from 24 patients within 1 h of blood collection. Additional measurements were performed with heparin plasma, every hour for the first 4 h, and then 8 h after the collection of blood that was stored at room temperature. At H(0), the observed BNP concentrations in heparin plasma were much higher (mean values 65% higher) than those in EDTA plasma. Using predetermined thresholds, this difference would lead to 30% discordance between samples in heparin and EDTA. BNP stability decreased over time in heparin plasma: immunoreactivity decreased approximately by 30% during the first 2 h and by 60% after 8 h.","Heparin has been shown to be more stable than EDTA when used as anticoagulant medium. However, it may not always be possible to obtain sufficient amounts of hePARo for accurate measurement of BNP levels. Further studies should investigate whether there exists any way to increase the amount of heParO available for analysis without affecting its stability.",
15015776,Inverse correlation between genetic aberrations and malignancy grade in ependymal tumors: a paradox?,"The goal of our study was to investigate the inverse correlation between number of genetic aberrations and malignancy grade in ependymal tumors at the ploidy level. we examined seven myxopapillary ependymomas (mpEs) (WHO grade I), 28 spinal and cerebral ependymomas (Es) (WHO grade II), and 18 cerebral anaplastic ependymomas (aEs) (WHO grade III) using image DNA cytometry. The ploidy status was correlated with clinicopathological characteristics and with the results obtained by comparative genomic hybridization (CGH) analysis that we performed in about half of these tumors. mpEs were exclusively located in the spinal cord and aEs in the cerebrum only, whereas Es were located in both the spinal cord and brain. We found aneuploidy or tetraploidy to be common in the group of mpEs (6 out of 7) and much less frequent in Es (6 out of 28) and aEs (4 out of 18). Three-year postoperative survival was 100% for mpEs, 100% for spinal Es, 92% for cerebral Es, and 33% for aEs. Our CGH results in a selection of these tumors revealed the highest number of genetic aberrations in the mpEs (average 16; n = 2), a lower number in Es (average 12; n = 11) and the lowest number in aEs (average 5; n = 6). Interestingly, in the group of Es and aEs, a high number of genetic aberrations as detected by CGH was not correlated with aneuploidy or tetraploidy. Three patients, all with mpEs had local seeding.",Our data suggest that there may exist another mechanism beyond the usual one whereby higher levels of genetic abnormalities can lead to increased risk of malignant transformation.,
21238666,Do patients with Down syndrome develop appendicitis?,"Given the number of individuals with Down syndrome (DS) and the high incidence of acute appendicitis (AA) in the general population, one would expect a certain number of patients with DS to develop AA. However, clinical experience suggests that AA is uncommon in patients with DS. This study was undertaken to determine whether the incidence of AA is significantly decreased in patients with DS. A 13-year cross-sectional study of the state's hospital discharge database was performed to estimate the annual incidence of AA in patients with DS and in the general population. Estimates were generated for both pediatric (0-17 years) and adult (≥ 18 years) populations and were compared using 95% confidence intervals (CIs). In addition, the authors' hospital database was queried over a 10-year time frame. Incidence estimates of AA in children with DS and in the general pediatric population were 2.5 and 8.9 per 1000, respectively. In adults, the incidence estimates were 2.7 and 5.7 per 1000.",The incidence of AAA among persons with DS is low compared with that observed in the population at large. The difference may be due to differences in age at onset or other factors not considered here. Further studies should investigate these possibilities further.,
18049349,Is lower 30-day mortality posthospital admission among blacks unique to the Veterans Affairs health care system?,"Several studies have reported lower risk-adjusted mortality for blacks than whites within the Veterans Affairs (VA) health care system, particularly for those age 65 and older. This finding may be a result of the VA's integrated health care system, which reduces barriers to care through subsidized comprehensive health care services. However, no studies have directly compared racial differences in mortality within 30 days of hospitalization between the VA and non-VA facilities in the US health care system. To compare risk-adjusted 30-day mortality for black and white males after hospital admission to VA and non-VA hospitals, with separate comparisons for patients younger than age 65 and those age 65 and older. Retrospective observational study using hospital claims data from the national VA system and all non-VA hospitals in Pennsylvania and California. A total of 369,155 VA and 1,509,891 non-VA hospitalizations for a principal diagnosis of pneumonia, congestive heart failure, gastrointestinal bleeding, hip fracture, stroke, or acute myocardial infarction between 1996 and 2001. Mortality within 30 days of hospital admission. Among those under age 65, blacks in VA and non-VA hospitals had similar odds ratios of 30-day mortality relative to whites for gastrointestinal bleeding, hip fracture, stroke, and acute myocardial infarction. Among those age 65 and older, blacks in both VA and non-VA hospitals had significantly reduced odds of 30-day mortality compared with whites for all conditions except pneumonia in the VA. The differences in mortality by race are remarkably similar in VA and non-VA settings.",The findings suggest that there is little difference in mortality rates between blacks and whites who receive care at VA hospitals versus other types of healthcare providers. These results support the hypothesis that integration into the VA will not lead to increased disparities in morbidity or mortality among different racial groups.,
11716793,Does Council Tax Valuation Band (CTVB) correlate with Under-Privileged Area 8 (UPA8) score and could it be a better 'Jarman Index'?,"Widespread scepticism persists on the use of the Under-Privileged Area (UPA8) score of Jarman in distributing supplementary resources to so-attributed 'deprived' UK general practices. The search for better 'needs' markers continues. Having already shown that Council Tax Valuation Band (CTVB) is a predictor of UK GP workload, we compare, here, CTVB of residence of a random sample of patients with their respective 'Jarman' scores. Correlation coefficient is calculated between (i) the CTVB of residence of a randomised sample of patients from an English general practice and (ii) the UPA8 scores of the relevant enumeration districts in which they live. There is a highly significant correlation between the two measures despite modest study size of 478 patients (85% response).",The results suggest that there may be some value in using CTVBs as indicators of deprivation rather than simply as a proxy measure for poverty. Further studies should investigate whether this holds true across different regions within England or even beyond borders.,
23735858,Does a patent foramen ovale influence cognitive function in dialysis patients?,"Patients with chronic kidney disease on dialysis treatment have poorer cognitive function than age- and sex-matched controls. One proposed mechanism is cerebral microembolisation due to material from the dialysis circuit crossing a patent foramen ovale (PFO). Cognitive testing was carried out in haemodialysis (HD) patients and peritoneal dialysis (PD) patients. Transthoracic echocardiography was used to identify PFO. Follow-up testing 1 year later enabled comparison of cognitive decline between patients with and without a PFO, and between those undergoing different dialysis modalities. 80 patients (aged 60.4 ± 15.0 years) were recruited (51 HD patients and 29 PD controls). A PFO was found in 21% of patients. 83% of dialysis patients suffered a decline in one or more cognitive function tests over 1 year. There was a significant difference in only one test between HD patients with or without a PFO. PD patients showed a more rapid cognitive decline than those on HD.",A PFO may be associated with increased risk of cognitive impairment during HD therapy. Further studies should investigate whether this can be prevented by surgical intervention.,
15647734,Is Internet-based support for dyspnea self-management in patients with chronic obstructive pulmonary disease possible?,"As of 2003, approximately 67% of US adults have Internet access. The purpose of this study was to determine the feasibility and preliminary efficacy of an Internet-based dyspnea self-management program (iDSMP) for people with chronic obstructive pulmonary disease. A related aim was to compare the differential effects of the iDSMP on 2 different groups: (1) to test a ""booster"" effect and (2) to evaluate the program as a primary intervention. Two groups (n = 16) were evaluated at baseline and at 3 months after completing the iDSMP, which included education, exercise, self-monitoring, and support. Dyspnea, self-efficacy, perception of available support, and exercise behavior were measured. Paired, independent t tests and Mann-Whitney U tests were used. Most subjects (87%) reported that the program increased their access to information and resources for managing dyspnea. Dyspnea with activities of daily living and self-efficacy for managing the symptom showed significant improvements (both P<.01), whereas more modest changes were noted in perceived support and exercise behavior in the overall sample. There were no differences between the 2 groups on these outcomes.","The results suggest that an internet-based program can be effective in improving symptoms-related behaviors among individuals who do not have easy access to healthcare services or other resources. However, further studies should investigate whether there is an additional benefit from including booster sessions or if the program has any adverse effects.",
15499054,Are inequalities in height narrowing?,"To determine whether social inequalities in height change across generations. The target population was from the 1958 British birth cohort, all born 3rd-9th March 1958, followed to 1991, and the offspring of one third of this population. Main outcomes were height measured at 7, 11, 16, and 33 years (cohort members) and once at 4-18 years (offspring). Multilevel models applied to associations of social class of origin with (a) child-to-adult growth trajectory (cohort members), (b) height (offspring), and (c) generational height increment. Height inequalities were observed among cohort members, with differences>2.0 cm at all ages between classes I and II, and IV and V. By adulthood, the difference in mean height had declined significantly in boys and slightly in girls. A secular trend was seen between the two generations. While male offspring had a similar mean height to their fathers in classes I and II, boys in classes IV and V gained 2.1 cm (p<0.001). Height gains of female offspring were evident in all classes, with a greater gain in classes IV and V (non-significant). The social class effect on height was weaker among offspring, with a difference between classes I and II, and IV and V of less than 1 cm.",Social inequality in height persists over time but appears to have decreased somewhat since the early 1st decade of life. This suggests that there may be opportunities for improving health through targeted interventions aimed at reducing disparities in access to resources such as nutrition or healthcare services.,
16964834,Does HAART improve renal function?,"Cystatin C concentration was measured in the sera of 77 HIV-1-infected individuals and 18 HIV-seronegative volunteers. The glomerular filtration rate (GFR) was estimated using the Modification of Diet in Renal Disease Study formula. HIV infection resulted in a significant increase in serum cystatin C concentration compared with healthy individuals (933.4 +/- 32.1 vs 621.1 +/- 56.8 ng/ml, P<0.001). There were no significant differences in urea, creatinine and GFR between those groups. On multivariate analyses serum cystatin C was independently associated with highly active antiretroviral therapy (HAART) duration (beta = -0.34, P = 0.04) and HIV viral load (beta = 0.33, P = 0.04), whereas there were no significant relationships with age, body mass index, HIV duration, CD4+ and CD8+ T-cell counts and serum high sensitivity C-reactive protein concentration.",Serum cystatin-C levels may be used as an indicator of poor response to HAART treatment.,
14703652,Fractured neck of femur in the mobile independent elderly patient: should we treat with total hip replacement?,"To report the outcome of displaced sub-capital neck of femur fractures in the independent elderly (>70 years) managed with total hip arthroplasty through a modified Hardinge approach. Between 1998 and 2000, a surgeon performed a cemented hip replacement using a modified lateral approach in 36 consecutive patients in the Hawke's Bay Regional Hospital, Hastings. Medical charts and out-patient follow-up clinic records were reviewed with respect to outcomes, with particular reference to complications. Independent review of functional outcome was completed at one year postsurgery using a questionnaire. At an average follow-up of 1.8 years (range, 1-3 years), no patient needed further surgery. One patient had died, giving a mortality rate at one year of 2.9%. All other medical complications were successfully treated. The overall prevalence of early medical complications was 43%. There were no dislocations, and 80% of patients had a good clinical outcome at their first follow-up.","The results suggest that this is an acceptable procedure for treating displaced fracture of the upper limb. However, it may be necessary to consider alternative approaches if there is concern about poor prognosis or high morbidity rates.",
27448222,Is Hepatitis C Infection Associated With a Higher Risk of Complications After Total Shoulder Arthroplasty?,"Despite recent advances in the treatment of hepatitis C, it is estimated that nearly 4 million Americans have a chronic form of the disease. Although research in lower-extremity arthroplasty suggests patients with hepatitis C are at risk for increased complications, including postoperative bleeding, acute postoperative infection, and general medical complications, no similar studies have investigated this question in patients undergoing total shoulder arthroplasty (TSA).QUESTIONS/ We asked whether there is an increased risk of postoperative complications after TSA among patients who have hepatitis C, and if so, what complications in particular seem more likely to occur in this population? Patients who underwent TSA, including anatomic or reverse TSA, were identified in the PearlDiver database using ICD-9 procedure codes. This is a for-fee insurance patient-records database that contains more than 100 million individual patient records from 2005 to 2012. The Medicare data in the database are the complete 100% Medicare Standard Analytical File indexed to allow for patient tracking with time. Patients with hepatitis C who underwent shoulder arthroplasty then were identified using ICD-9 codes. Patients with hepatitis B coinfection or HIV were excluded. A control cohort of patients without hepatitis C who underwent TSA was created and matched to the study cohort based on age, sex, obesity, and diabetes mellitus. A total of 1466 patients with hepatitis C and 21,502 control patients were included. The two cohorts were statistically similar in terms of sex (53% females in study and control groups), age (nearly ½ of each cohort younger than 65 years), obesity (approximately 17% of each cohort were obese), diabetes (approximately 40% of each cohort had diabetes), and followup of each cohort occurred throughout the length of the database from 2005 to 2012. Postoperative complications were assessed using ICD-9 and Current Procedural Terminology codes and compared between cohorts. Patients with hepatitis C, when compared with matched control subjects, had greater odds of infection within 3 months (odds ratio [OR], 1.7; 95% CI, 1.1-2.6; p = 0.015), 6 months (OR, 1.7; CI, 1.3-2.4; p = 0.001), and 1 year (OR, 2.1; CI, 1.7-2.7; p<0.001); revision TSA within 1 year (OR, 1.5; CI, 1.1-2.9; p = 0.008) and 2 years (OR, 1.6; CI, 1.2-2.0; p = 0.001), dislocation within 1 year (OR, 1.6; CI, 1.2-2.2; p<0.001); postoperative fracture within 1 year (OR, 1.8; CI, 1.2-2.6; p = 0.002); systemic or medical complications within 3 months (OR, 1.3; CI, 1.0-1.6; p = 0.022); and blood transfusion within 3 months (OR, 1.7; CI, 1.4-1.9; p<0.001).",Patients with hepatitisC appear to be at higher risk for developing post-TSAs-related complications than do those withoutHepatitisB or HIV infections. These findings suggest that further investigation into these potential risks may be warranted before implementing new procedures such as TSPs.,
8403336,Bystander cardiopulmonary resuscitation. Is ventilation necessary?,"Prompt initiation of bystander cardiopulmonary resuscitation (CPR) improves survival. Basic life support with mouth-to-mouth ventilation and chest compressions is intimidating, difficult to remember, and difficult to perform. Chest compressions alone can be easily taught, easily remembered, easily performed, adequately taught by dispatcher-delivered telephone instruction, and more readily accepted by the public. The principal objective of this study was to evaluate the need for ventilation during CPR in a clinically relevant swine model of prehospital witnessed cardiac arrest. Thirty seconds after ventricular fibrillation, swine were randomly assigned to 12 minutes of chest compressions plus mechanical ventilation (group A), chest compressions only (group B), or no CPR (group C). Standard advanced cardiac life support was then provided. Animals successfully resuscitated were supported for 2 hours in an intensive care setting, and then observed for 24 hours. All 16 swine in groups A and B were successfully resuscitated and neurologically normal at 24 hours, whereas only 2 of 8 group C animals survived for 24 hours (P<.001, Fisher's exact test). One of the 2 group C survivors was comatose and unresponsive.","Bystanders should not be required to provide respiratory support when performing CPR. However, if such assistance is needed it must be administered within 3-5 seconds of arrival at scene.",
25871803,"Prematurity, Opioid Exposure and Neonatal Pain: Do They Affect the Developing Brain?","Traditionally, 10 years ago, children born preterm often routinely received morphine, especially during mechanical ventilation. Studies in neonatal rats, whose stage of brain development roughly corresponds to that of children born preterm, found negative long-term effects after pain and opioid exposure. We studied possible effects of prematurity, procedural pain and opioids in humans 10 years later. We hypothesized that these factors would negatively influence neurobiological, neuropsychological and sensory development later in life. We included 19 children born preterm who as neonates participated in an RCT on the short-term effects of morphine administration and who previously participated in our follow-up studies at ages 5 and 8/9 years. We assessed associations between brain morphology (n = 11), neuropsychological functioning (n = 19) and thermal sensitivity (n = 17) and prematurity, opioid exposure and neonatal pain. Significant correlations (coefficients 0.60-0.85) of gestational age, number of painful procedures and morphine exposure with brain volumes were observed. Significant correlations between these factors and thermal sensitivity were not established. Neuropsychological outcome was significantly moderately correlated with morphine exposure in only two subtests, and children performed in general 'average' by Dutch norms.","Our results suggest that premature birth may have adverse effects on brain structure and function even before birth. However, it appears that these effects do not persist into adulthood. Further studies should investigate whether these changes can be reversed or if they represent early warning signs for future neurological disorders.",
10364658,Is obesity an underlying factor in erectile dysfunction?,"We conducted a study to evaluate the impact of obesity on erectile function in men with erectile dysfunction. Three hundred and twenty-five consecutive patients with erectile dysfunction were evaluated. We classified the men into 2 groups according to body weight:<120% of the ideal body weight, and>/=120%. We compared several erectile capacities and the findings of penile duplex ultrasonography. There was a statistically significant decrease in the quality of residual erectile function in patients with obesity (penile rigidity grade 1.32 versus 1.62 in the nonobese patients). Obese patients also have an increased prevalence of vascular risk factors based on a review of the medical records and vascular impairment by duplex ultrasound study (43 and 62% in the obese patients versus 30 and 42% in the nonobese patients, respectively, p<0.05). However, when we focused only on the patients without any vascular risk factors, no significant difference between the 2 groups was noted in the quality of residual erectile function and also the prevalence of penile vascular impairments (p>0.05).",Obesity is associated with reduced quality of reserive erectile function but not with increased incidence of vascular disease. This finding suggests that there may be other mechanisms involved in this relationship than just increased visceral fatness. Further studies should investigate whether these differences can be explained by different physiological processes occurring at different stages of life.,
21183862,The tale of two serologic tests to screen for syphilis--treponemal and nontreponemal: does the order matter?,"Standard syphilis screening involves an initial screening with a nontreponemal test and confirmation of positives with a treponemal test. However, some laboratories have reversed the order. There is no detailed quantitative and qualitative evaluation for the order of testing. In this study, we analyzed the health and economic outcomes of the order of testing for the 2 serologic tests used in syphilis screening under pure screening settings. We used a cohort decision analysis to examine the health and economic outcomes of the screening algorithms for low and high prevalence settings. The 2-step algorithms were nontreponemal followed by treponemal (Nontrep-First) and treponemal followed by nontreponemal (Trep-First). We included the 1-step algorithms (treponemal only [Trep-Only] and an on-site nontreponemal only [Nontrep-Only]) for comparison. We estimated overtreatment rates and the number of confirmatory tests required for each algorithm. For a cohort of 10,000 individuals, our results indicated that the overtreatment rates were substantially higher (more than 3 times) for the 1-step algorithms, although they treated a higher number of cases (over 15%). The 2-step algorithms detected and treated the same number of individuals. Among the 2-step algorithms, the Nontrep-First was more cost-effective in the low prevalence setting ($1400 vs. $1500 per adverse outcome prevented) and more cost-saving ($102,000 vs. $84,000) in the high prevalence setting.",The order of screening has significant implications for both public health policy decisions regarding syphilitic prevention strategies as well as clinical practice guidelines.,
1928523,Diverging gonorrhea and syphilis trends in the 1980s: are they real?,"The purpose of this study was to evaluate whether the divergence in national trends of gonorrhea and syphilis from 1986 to 1989 in the United States was real and if overall trends masked a contemporaneous increase in both diseases in a core group. We analyzed the following: (1) reported cases of gonorrhea and primary and secondary syphilis in the United States for the years 1981 to 1989, (2) gonorrhea screening results from six states for the years 1985 to 1989, and (3) reported cases of gonorrhea and primary and secondary syphilis by census tract for the years 1986 to 1989 in one city. The incidence of gonorrhea decreased 22% in the United States from 1986 to 1989 while the incidence of primary and secondary syphilis increased 59%. Among Blacks, syphilis incidence increased 100% and gonorrhea incidence decreased 13%; among Whites and Hispanics, the incidence of both diseases decreased. Results from gonorrhea screening among females in six states agree with gonorrhea incidence trends in those areas. Race-specific and census tract analyses of data from a number of metropolitan areas where overall rates diverged did not demonstrate a group in which the incidence of both diseases increased.","Our findings suggest that there may be no reason why these two diseases should have diverged so much over time. However, it is possible that some factors contributing to the rise in syphilitic infection remain unaccounted for. Further studies should investigate whether race or other demographic variables affect either disease's prevalence.",
12558542,Does extra staff change clinical practice?,To compare patterns of clinical activity amongst existing staff in two inner-city community mental health teams before and after their enhancement with extra resources using a new activity schedule containing 11 comprehensive and mutually exclusive practice categories. Patterns of clinical activity amongst existing members of two inner-London community mental health teams were compared before and after the addition of extra resources. The amount of time spent in face-to-face contact with patients and carers showed no meaningful change following team enhancement. Patterns of clinical activity amongst team members remained relatively static.,"The results suggest that there is little impact on clinical practice when additional resources have been added to an existing team. However, it may be possible to improve some aspects of patient care by increasing the number of specialist practitioners available within each service unit. Further investigation into how best to allocate these resources will help us understand better why this has not occurred.",
23609588,Do we perform too many procedures for cervical dysplasia in young women?,"This study aimed to determine if there are differences in the histological findings of excisional biopsies between younger women (aged ≤25 years) and older women who undergo large loop excision of the transformation zone or cone biopsy for a biopsy-proven high-grade squamous intraepithelial lesion (HSIL). A retrospective cohort analysis of women referred to a tertiary hospital colposcopy clinic with a colposcopically directed biopsy of HSIL (cervical intraepithelial neoplasia 2 [CIN 2] or CIN 3) during the period of 2008 to 2011 was performed.The histological excisional biopsy specimens for younger women (aged ≤25 years) were compared with those of older women (aged>25 years.) Bivariate analysis comparing demographic characteristics and outcomes across the 2 study groups was initially undertaken to identify potential confounders for inclusion in the multivariate analysis. Of 348 women who had a satisfactory colposcopic assessment and reported no previous treatment for cervical intraepithelial neoplasia, 87 were 25 years or younger, and 261 women were older than 25 years. After excisional biopsy of the cervix, the histological specimen for younger women was more likely to be reported as CIN 1 or no dysplasia (16.3% vs 8.2%). When adjusted for confounders (parity, smoking, previous sexual infection, and referring Pap smear), age less than 25 years remained an independent predictor of having a histological excisional biopsy specimen reported as CIN 1 or no dysplasia (adjusted odds ratio = 2.35; 95% confidence interval = 1.0-5.49).",The results suggest that performing an excision on a small area of tissue may not always result in reporting it as a full-scale diagnosis. Further studies should investigate whether this practice can lead to overdiagnosis or unnecessary surgical intervention.,
20599414,Elevated serum levels of a proliferation-inducing ligand in patients with systemic sclerosis: possible association with myositis?,"A proliferation-inducing ligand (APRIL) is a new member of the tumour necrosis factor family which is intimately connected to the regulation of cellular pathways. The aim of this study was to assess serum concentrations of APRIL in systemic sclerosis patients, and to correlate them with the main clinical and serological features of the disease. Sera from 35 patients with systemic sclerosis, 25 had limited cutaneous and 10 had diffuse cutaneous subtypes, and 35 normal healthy subjects were assayed for APRIL by Enzyme Linked Immunosorbant Assay. Demographic, clinical, autoantibodies and serological data were prospectively assessed. Serum APRIL concentrations were higher in patients with systemic sclerosis and in both its subtypes compared to the healthy controls (p<0.0001 in all). Patients with elevated APRIL levels had significantly higher incidences of myositis than those with normal levels (p=0.04). We did not find significant differences in other organ involvement prevalence between systemic sclerosis patients with elevated vs. normal APRIL levels. In addition, the frequencies of autoantibodies (i.e., anti-topoisomerase I, anti-centromere) were comparable between both groups. Serum APRIL levels were correlated with serum γ-globulins concentrations (r=0.404, p=0.016) but not with C-reactive protein, skin score, nor pulmonary functions. Serum APRIL was also correlated with creatine kinase levels only in systemic sclerosis patients with myositis (r=0.786, p=0.02).","In our series, serum APRIL is associated with increased incidence of myopathies among patients with scleroderma. This finding may be due to an increase in production or activity of these proteins during inflammation. Further studies should investigate whether there is any correlation between these two variables.",
11944876,Are jigsaw puzzle skills 'spared' in persons with Prader-Willi syndrome?,"This three-part study examines previous clinical impressions that people with Prader-Willi syndrome have unusual jigsaw puzzle and word search skills. Children with Prader-Willi syndrome showed relative strengths on standardized visual-spatial tasks (Object Assembly, Triangles, VMI) in that their scores were significantly higher than age- and IQ-matched peers with mixed mental retardation, but below those of age-matched normal children with average IQs. In striking contrast, children with Prader-Willi syndrome scored on par with normal peers on word searches, and they far outperformed them on the jigsaw puzzles, placing more than twice as many pieces as the typically-developing group. Within Prader-Willi syndrome, puzzle proficiency was not predicted by age, IQ, gender, degree of obesity, or obsessive-compulsive symptoms, but by genetic subtypes of this disorder.","The results suggest that there may be an additional factor at work when it comes to explaining why some individuals with Pradere-Willi's Syndrome perform better on these types of cognitive tests than others do. It is possible that certain genes contribute to differences between individuals who exhibit different levels of ability for solving problems involving spatial relationships. Alternatively, perhaps other factors such as environmental influences play a role too. Further studies should investigate whether these findings hold true across multiple domains of cognition as well as specific types of problem-solving tasks.",
24063601,Does age affect symptom recovery after sports-related concussion?,"Sport-related concussions (SRCs) in high school and college athletes represent a significant public health concern. Research suggests that younger athletes fare worse symptomatically than older athletes after an SRC. Using reliable change index (RCI) methodology, the authors conducted a study to determine if there are age-related differences in number, severity, and resolution of postconcussion symptoms. Between 2009 and 2011, baseline measures of neurocognitive functions and symptoms in high school and college athletes were entered into a regional database. Seven hundred forty of these athletes later sustained an SRC. Ninety-two athletes in the 13- to 16-year-old group and 92 athletes in the 18- to 22-year-old group were matched for number of prior concussions, sex, biopsychosocial variables, and days to first postconcussion testing and symptom assessment. A nonparametric Mann-Whitney U-test was used to compare the severity of each of 22 symptoms comprising the Total Symptom Scale (TSS) at baseline and first postconcussion test. To obtain a family-wise p value of 0.05 for each test, the significance level for each symptom comparison was set at an alpha of 0.05/22 = 0.0023. The number of days to return to baseline TSS score was compared using the RCI methodology, set at the 80% confidence interval, equal to a change in raw score of 9.18 points on the TSS. There was no statistically significant difference in symptom presence, symptom severity, and total symptoms between the age groups at baseline or at postconcussion testing. There was no statistically significant difference in return to baseline symptom scores between the age groups.",There is no difference in how quickly athletes recover from sport related injuries when they reach different ages. This finding may be due to differences in how acute injury affects individual's physiology versus psychological factors such as stress response. Further studies should investigate whether this pattern holds true across all types of sports including those involving repetitive motion.,
17152117,Free fetal DNA in maternal circulation: a potential prognostic marker for chromosomal abnormalities?,"Previous studies on the association of fetal cell-free (cf)DNA levels in maternal circulation have produced conflicting results but the sample sizes were small and based on archived material. We aimed to quantify the levels of fetal and total cfDNA on prospectively collected samples, to understand their correlation with other variables and to clarify their diagnostic value. DNA from pre-CVS maternal plasma was extracted from 264 controls, 72 trisomy 21, 24 trisomy 18, 12 trisomy 13, 16 Turner's syndrome and 8 triploidy first-trimester pregnancies and quantified using real-time PCR. beta-globin was used to determine total cfDNA levels and DYS14 and SRY assays to determine fetal cfDNA levels. Fetal cfDNA levels (DYS14) showed correlation with crown rump length (CRL) (p = 0.004), BMI (p = 0.01) and storage time (p = 0.007) while there was an inverse correlation of total cfDNA levels with nuchal translucency (NT) (p = 0.001). No significant difference was observed between the levels of fetal cfDNA in controls and aneuploidy cases.",Fetal cf-dna is present at low levels in most pregnancies but may be useful as a screening tool for detecting chromosomally abnormal fetuses.,
25438162,Is the burden of oral diseases higher in urban disadvantaged community compared to the national prevalence?,"The urban low income has often been assumed to have the greatest dental treatment needs compared to the general population. However, no studies have been carried out to verify these assumptions. This study was conducted to assess whether there was any difference between the treatment needs of an urban poor population as compared to the general population in order to design an intervention programme for this community. A random sampling of living quarters (households) in the selected areas was done. 586 adults over 19 years old living in these households were clinically examined using World Health Organization (WHO) Oral Health Survey criteria 4th edition (1997). The overall prevalence of dental caries, periodontal disease, denture wearers and temporomandibular joint problems were 70.5%, 97.1%, 16.7% and 26%, respectively. The majority (80.5%) needed some form of dental treatment. The highest treatment needs were found in the oldest age group while the lowest were in the youngest group (19-29 years) (p = 0.000). The most prevalent periodontal problem was calculus; regardless of gender, ethnicity and age. Significantly more females (20.5%) wore prosthesis than males (11.1%) (p = 0.003). Prosthetic status and need significantly increased with age (p = 0.000). About one in four adults had Temporo-Mandibular Joint (TMJ) problems. Overall, it was surprising to note that the oral disease burden related to caries, prosthetic status and treatment need were lower in this population as compared to the national average (NOHSA, 2010). However, their periodontal disease status and treatment needs were higher compared to the national average indicating a poor oral hygiene standard.",The results suggest that there is still room for improvement regarding the oral health status among the urban poor. Further efforts should be made to improve access to oral healthcare services by providing better education about oral health issues and promoting healthy lifestyles such as regular exercise and proper diet.,
26275412,Does the National Health Insurance Scheme provide financial protection to households in Ghana?,"Excessive healthcare payments can impede access to health services and also disrupt the welfare of households with no financial protection. Health insurance is expected to offer financial protection against health shocks. Ghana began the implementation of its National Health Insurance Scheme (NHIS) in 2004. The NHIS is aimed at removing the financial barrier to healthcare by limiting direct out-of-pocket health expenditures (OOPHE). The study examines the effect of the NHIS on OOPHE and how it protects households against catastrophic health expenditures. Data was obtained from a cross-sectional representative household survey involving 2,430 households from three districts across Ghana. All OOPHE associated with treatment seeking for reported illness in the household in the last 4 weeks preceding the survey were analysed and compared between insured and uninsured persons. The incidence and intensity of catastrophic health expenditures (CHE) among households were measured by the catastrophic health payment method. The relative effect of NHIS on the incidence of CHE in the household was estimated by multiple logistic regression analysis. About 36% of households reported at least one illness during the 4 weeks period. Insured patients had significantly lower direct OOPHE for out-patient and in-patient care compared to the uninsured. On financial protection, the incidence of CHE was lower among insured households (2.9%) compared to the partially insured (3.7%) and the uninsured (4.0%) at the 40% threshold. The incidence of CHE was however significantly lower among fully insured households (6.0%) which sought healthcare from NHIS accredited health facilities compared to the partially insured (10.1%) and the uninsured households (23.2%). The likelihood of a household incurring CHE was 4.2 times less likely for fully insured and 2.9 times less likely for partially insured households relative to being uninsured. The NHIS has however not completely eliminated OOPHE for the insured and their households.",The results suggest that the NHI does provide some level of financial protection but not enough to prevent most households from experiencing catastrophic medical expenses due to lack of resources.,
27561167,Do randomized clinical trial selection criteria reflect levels of risk as observed in a general population of acute myocardial infarction survivors?,"Few clinical trials have focused on populations with a history of distant myocardial infarction (MI). The PEGASUS trial assessed the impact of dual antiplatelet therapy in such patients, selected by enrichment criteria of high cardiovascular risk. Whether the PEGASUS population reflects the risk of a broader post-MI population is questionable. We analyzed whether 4-year mortality of a routine-practice population would differ according to the inclusion and exclusion criteria used in PEGASUS. FAST-MI is a nationwide French registry recruiting acute MI patients in November 2005; 2490 patients alive and without recurrent MI at one year were classified into three groups: Group 1 (""PEGASUS-like"" population; n=1395; 56%), Group 2 (population having ≥1 exclusion criterion for the trial; n=677; 27%), and group 3 (population meeting neither the PEGASUS inclusion nor exclusion criteria; n=418, 17%). Group 1 patients were older than Group 3 patients, with higher GRACE scores, more comorbidity, and less STEMI, but were younger than the PEGASUS trial population. Enrichment criteria successfully defined a population at higher risk: 4-year survival 83% in Group 1, 97% in Group 2, and 68% in Group 3 (P<0.001). Among risk-enrichment criteria, age alone was highly discriminant: in PEGASUS-like patients, survival was 78% in those ≥65 versus 94% in those<65years.",The PEGAUS-like population represents an underrepresented subgroup among MI survivors who may benefit from additional treatment.,
16186665,Mortality in acute pancreatitis: is it an early or a late event?,"Many prior studies have suggested that the majority of deaths in severe acute pancreatitis occur late in the course of the disease as a result of pancreatic sepsis or pancreatic septic-like syndrome. Other have observed that at least half of the deaths occur early as a result of multisystem organ failure. The aim of the present study was to determine the timing of mortality of severe acute pancreatitis and to analyze the course of the disease in a large series of patients. All consecutive patients with a diagnosis of acute pancreatitis admitted to our Centre from October 1984 to December 2000 were retrospectively studied. One thousand one hundred and fifty episodes of acute pancreatitis occurred in 1,135 patients. Total mortality and frequency of early deaths (less than or equal to 14 days after admission). The clinical features of patients who died were also compared in the early and late mortality groups. The overall mortality rate of acute pancreatitis was 4.8% (55 deaths out of 1,135 cases) and when considering the severe forms only, it was 13.5% (55 deaths out of 408 cases); 28 deaths (50.9%) occurred within the first two weeks of hospitalization (median day 8, range 2-14) whereas 27 cases (49.1%) occurred after two weeks (median day 28, range 15-56). Early deaths resulted primarily from multisystem organ failure; late deaths occurred mainly from complications in patients having infected necrosis.","The results suggest that most deaths occurring during the first week following onset of illness are due to multiorgan dysfunction rather than to acute pancreatitis itself. However, there may still be some residual impact on survival if these events do not receive prompt attention.",
21318194,Do psychiatry residents identify as psychotherapists?,"Psychiatric training was once synonymous with learning psychotherapy, but current psychiatric trainees face many options for integrating psychopharmacology and psychotherapy into their future practices, including providing primarily medication-focused visits. We examined psychiatry residents' attitudes towards learning psychotherapy, practicing psychotherapy in the future, and overall identification as psychotherapists. We surveyed residents from 15 US residency programs during 2006-2007. The survey included 36 Likert-scaled items inquiring about residents' attitudes towards their psychotherapy training and supervision, their level of psychotherapy competence, the role of psychotherapy in their psychiatric identity, and their future practice plans. Four items asked about personal psychotherapy experience. Here we describe findings related to attitudes concerning being a psychotherapist and future practice plans. Among 249 respondents, most (82%) viewed becoming a psychotherapist as integral to their psychiatric identity. Fifty-four percent planned to provide formal psychotherapy, whereas 62% anticipated psychopharmacology would be the foundation of treatment for most patients. Residents with personal psychotherapy experience and first-year postgraduate residents (PGY-1) were more likely to identify as psychotherapists, plan to pursue further psychotherapy training postresidency, and anticipate psychotherapy being central to their future practice.","Most psychiatrists view themselves as therapists rather than clinicians who specialize in mental health care. However, some also see themselves as having expertise in treating others' psychological problems. This finding suggests that there may be room for improvement regarding how psychiatrists conceptualize their roles within the field of psychology.",
11950490,Is diminished pubocervical fascia collagen content a risk factor for failure of surgical management of genuine stress urinary incontinence in women?,"The assessment of relationship between pubocervical collagen content and clinical results of surgical treatment of genuine stress urinary incontinence (GSUI) in women. Twenty-four women treated for genuine stress urinary incontinence were included into the study. All women underwent the same surgical procedure. The samples of pubocervical fascia were taken at the time of surgery. The contents of acid soluble, pepsin soluble, insoluble fraction of collagen, total collagen and collagen crosslinks were measured. The study of pubocervical fascia collagen metabolism included also estimation of collagenase activity. At follow-up done 5 years following surgery, 20 patients reported symptoms of GSUI (study group). Four women were still without symptoms of urine leakage (control group). The biochemical parameters of pubocervical fascia did not show, statistically significant differences between compared groups.",Pub- cov-collagen content does not seem to be associated with outcome after surgical treatment for GSU. This finding may explain why some authors suggest that it should not be used as an indicator of success or failure of such procedures.,
11175965,Insurance decisions about obesity surgery: a new type of randomization?,"Studies of obesity surgery are frequently criticized for lack of an appropriate non-operative control arm. Additionally, insurance approval for coverage of these procedures can be difficult to obtain by patients and caregivers. This retrospective study tested the hypothesis that the insurance preapproval process would yield well-matched operative and non-operative treatment groups which could simulate a randomization process. Of 466 patients deemed to be appropriate candidates for surgery, 58% ultimately received surgical therapy. Roux-en-Y gastric bypass (RYGBP) was performed on 244 patients who were compared with 187 patients who did not undergo surgery (NonOP). The groups were similar in gender (81% female), age (39 yr), and Body Mass Index (52 kg/m2). The percentage of African Americans in the NonOP group was greater. The distribution of comorbid conditions among the groups were similar.",The results suggest that insurance decision makers should consider including both surgical and non-surgical treatments when evaluating patient eligibility for this procedure. Further studies should investigate whether there is any difference between the two approaches.,
25200536,Dying in cancer centers: do the circumstances allow for a dignified death?,"Prior research has shown that hospitals are often ill-prepared to provide care for dying patients. This study assessed whether the circumstances for dying on cancer center wards allow for a dignified death. In this cross-sectional study, the authors surveyed physicians and nurses in 16 hospitals belonging to 10 cancer centers in Baden-Wuerttemberg, Germany. A revised questionnaire from a previous study was used, addressing the following topics regarding end-of-life care: structural conditions (ie, rooms, staff), education/training, working environment, family/caregivers, medical treatment, communication with patients, and dignified death. In total, 1131 surveys (response rate = 50%) were returned. Half of the participants indicated that they rarely have enough time to care for dying patients, and 55% found the rooms available for dying patients unsatisfactory. Only 19% of respondents felt that they had been well-prepared to care for the dying (physicians = 6%). Palliative care staff reported much better conditions for the dying than staff from other wards (95% of palliative care staff indicated that patients die in dignity on their ward). Generally, physicians perceived the circumstances much more positively than nurses, especially regarding communication and life-prolonging measures. Overall, 57% of respondents believed that patients could die with dignity on their ward.","The results suggest that there is room for improvement when it comes to providing hospice services at cancer centers. However, these findings should not be interpreted as indicating that all facilities lack resources or capabilities for caring for terminally ill patients. Instead, they indicate that some aspects need to be addressed before implementing palliative medicine programs within cancer units.",
11687725,Is peripheral blood a reliable indicator of acute oxidative stress following heart ischemia and reperfusion?,"Reactive oxygen species (ROS) play a crucial role in membrane damage in ischemic-reperfusion syndromes. The aim of our work was to determine whether blood samples taken from a peripheral vein are a reliable indicator to reflect the development of oxidative stress following acute heart ischemia and reperfusion. In a dog model, the left descending coronary artery (LAD) was occluded for 60 min followed by 60 minutes of reperfusion. The lipid peroxidation marker malondialdehyde (MDA), endogenous antioxidants reduced glutathione (GSH), the activity of superoxide dismutase (SOD) enzyme and the stimulated radical production of isolated neutrophil granulocytes (PMN) were measured simultaneously from the peripheral vein and the coronary sinus before and at the end of the LAD occlusion, and again during reperfusion. MDA and SOD values increased during reperfusion. At the end of 1 hour the reperfusion changes in the coronary sinus were significant (p<0.05). GSH increased in the femoral vein, but decreased in the coronary sinus. The radical-producing capacity of PMNs decreased by the end of LAD occlusion, and a further significant decrease was measured during reperfusion in the coronary sinus (p<0.01). In the peripheral venous blood samples the decrease of PMN radical production became significant only at 30 minutes of reperfusion (p<0.02), and the earlier difference between the coronary sinus and the femoral vein tended to level out following 60 minutes of reperfusion.",The results suggest that ROS levels may be an important factor affecting the outcome after myocardial injury.,
20835638,Is there increase of STDs during Carnival?,"Sexually transmitted diseases (STDs) are common reasons for seeking medical assistance. Media campaigns on STD/AIDS assume that exposure to risky sexual practices is greater during Carnival. The objective of this study was to analyze the temporal distribution of first appointments in a STD clinic from January 1993 to December 2005 to verify whether there is a seasonal increase in STD after Carnival. A total of 2,646 medical records with a diagnosis of gonorrhea, syphilis, or trichomoniasis were selected among patients seeking medical assistance in the STD Unit of Universidade Federal Fluminense, Niterói, Rio de Janeiro, Brazil. Statistical analysis was performed using month-to-month and year-to-year standardized average number of appointments during 13 years, in addition to smoothed time-series data using the Lowess method and the deterministic moving average method. July and August exhibited the largest number of gonorrhea and syphilis diagnoses, and June and July of trichomoniasis diagnoses. Gonorrhea had its peak value in May, with a falling trend until August. A constant number of syphilis diagnoses was observed between May and August, with smaller numbers in January and February and peak values in November. The seasonal pattern for trichomoniasis diagnosis showed peak values in July, with a consistent falling trend until December and an increase from January on.","The results suggest that there may be an association between carnival events and increased incidence of sexually transmitted infections. However, further studies should investigate if these events have any impact on the spread of these diseases.",
23283042,Is vitamin D deficiency associated with non specific musculoskeletal pain?,"Vitamin D deficiency is common worldwide, including Iran. It has been suggested that vitamin D deficiency is associated with non-specific musculoskeletal pain. The aim of this study is evaluation of the association of musculoskeletal pain with vitamin D deficiency and the response of the patients to vitamin D supplementation. Sixty two adult patients with chief complaint of musculoskeletal pain were enrolled in the study. Serum concentrations of 25(OH)D, Calcium, Phosphate, Alkaline Phosphatase and PTH were determined. If there was vitamin D deficiency, oral vitamin D supplementation was given. Assessment of pain and its response to therapy was carried out using Visual assessment score (VAS). SPSS software version 15.0 was used for statistical analyses. Most of the patients (95.4%) had vitamin D deficiency. Pain in 53 patients (85.5%) with responded to the proposed treatment. In responder group post treatment vitamin D concentration was significantly higher than non responder group (60.6±27.6and 39.2±9.6 nmol/l respectively, p<0.01) pretreatment vitamin D and minerals concentrations and pain characteristics did not have significant differences in responder and non responder group.",The results suggest that vitamin d deficiency may be related to some forms of musculo-skeletal disorders but it does not explain all cases of muscualoskeletal pain caused by vitamin D insufficiency. Further studies should investigate whether there exists any correlation between vitamin D status and occurrence of musculoso- skeletal diseases.,
25958886,Can nurses be key players in assessing early motor development using a structured method in the child health setting?,"Increasing evidence highlights the importance of early interventions for motor disorders in children. Given the key medical role of the nurse within the Swedish Child Health Service (CHS), we aimed to examine if nurses could apply a structured assessment of early motor development at the child health centre to enable early identification of children at risk. Structured Observation of Motor Performance in Infants (SOMP-I) assesses infant's level of motor development and quality of motor performance using subscales converted to total scores. The total score for both level and quality can then be plotted within the SOMP-I percentile distribution at the child's age for comparison with a reference population. Fifty-five infants (girls: 30) were assessed according to SOMP-I at three child health centres. Assessments were performed by nurses (n = 10) in a clinical setting; one nurse performed the assessment while another nurse and a physiotherapist observed. Agreement for the assessment of level as a continuous variable was excellent [intraclass correlation coefficient (ICC) 0.97-0.98], but was lower for quality (ICC 0.02-0.46). When the children were categorized according to the percentile range categories, the assessors were in agreement for the majority of the children, with respect to both level (78-82%) and quality (78-87%).","Nurses have been shown to be effective when performing assessments of motor function in infancy. However, there is still room for improvement regarding their ability to accurately identify children who may require further intervention before they reach adulthood. Further studies should investigate whether this approach can improve outcomes among low-income families where access to healthcare services is limited.",
22997382,Fovea alta on MR images: is it a marker of hip dysplasia in young adults?,"The objective of our study was to investigate the association between high fovea capitis (fovea alta) and hip dysplasia in young adults. In a retrospective study, blinded observers reviewed 82 pelvic radiographic and hip MRI studies of three groups of patients: those with developmental dysplasia of the hip (DDH) (center-edge angle, ≤20°), those with borderline DDH (center-edge angle, 21°-25°), and control patients (center-edge angle,>25°). The center-edge angle and coxa valga (femoral neck-shaft angle,>135°) were assessed on pelvic radiographs, and fovea alta was assessed on MR images (delta angle, ≤10°). The Mann-Whitney and Fisher exact tests were used to correlate fovea alta with DDH and with coxa valga, respectively. Interobserver agreement for center-edge and delta angles and the diagnostic performance of fovea alta as a marker of DDH were calculated. Thirty-one patients with DDH, 23 with borderline DDH, and 28 without DDH were included. Excellent interobserver agreement was found for center-edge angle (concordance correlation coefficient, 0.94) and for delta angle (concordance correlation coefficient, 0.91). Fovea alta had a significant association with DDH (p<0.001) but no association with coxa valga (p>0.57). A significant difference (p<0.001) was found between patients with DDH (3.4°) and those without DDH (21.7°) with respect to mean delta angle measurements. Fovea alta had 69.4% sensitivity, 82.1% specificity, 67.2% positive predictive value, 81.0% negative predictive value, and 75.6% overall accuracy as an indicator of DDH.",Foveal height may be useful as an additional tool when evaluating patients suspected of having DDH.,
9733615,Kupffer cell-mediated lymphocyte apoptosis: a PGE2-dependent mechanism of portal venous transfusion-induced immunosuppression?,"Kupffer cells, after exposure to alloantigen via the portal vein, mediate an immunosuppressive effect involving enhanced production of PGE2. We hypothesize that up-regulation of Kupffer cell CoA-independent transacylase (CoA-IT) by portal venous transfusion (PVT) is a possible mechanism of increased PGE2 production. Additionally, enhanced lymphocyte apoptosis, a process known to be macrophage dependent and facilitated by PGE2, is postulated as a possible mechanism of PVT-induced, Kupffer cell-mediated immunosuppression. Lewis rat Kupffer cells were isolated after portal venous infusion with 1 ml of Wistar-Firth blood (PVT) or saline (PV sal). Kupffer cell PGE2 production and CoA-IT activity was assessed. Lymphocyte apoptosis after exposure to PVT or PV sal-treated Kupffer cells was also assessed by flow cytometry. PVT-treated Kupffer cells produced significantly more PGE2 and had increased CoA-IT activity when compared to PV sal-treated Kupffer cells. Treatment of Kupffer cells with a selective inhibitor of CoA-IT significantly decreased PVT-induced Kupffer cell PGE2 production. Increased lymphocyte apoptosis was observed after coculture with PVT-treated Kupffer cells compared to PV sal-treated cells.",Our data suggest that PVT may induce Kupercell-mediated enhancement of PGI2 production through activation of Co-A-independent pathways which then lead to apoptosis of lymphocytes. This hypothesis could explain why PVT does not cause significant increases in lymphocyte numbers following infusion into healthy individuals.,
15284931,Does maternal serum screening for Down syndrome induce anxiety in younger mothers?,"To assess anxiety levels in mothers with low-risk pregnancies before and after offering routine serum screening. A prospective study was carried out at the Kandang Kerbau Women's and Children's Hospital in Singapore from February 2000 to August 2000. We used standard statistical analysis and Spielberger's state-trait anxiety inventory (STAI) which consists of 40 items to assess anxiety. Anxiety levels were assessed at several stages: before serum screening counselling, after counselling but before serum screening, before the routine 20-week obstetrical screening ultrasound scan, and after ultrasound scan results were acknowledged four to six weeks later. As the STAI questionnaire has only been validated for an English-speaking population, only English-speaking women were recruited for the study. The subjects included 111 women between 15 to 20 weeks gestation that were randomly selected (without any risk factors) for serum screening counselling. Anxiety levels did not decline significantly after counselling by a trained nurse-counsellor. They were highest prior to counselling and were significantly higher compared to all other times in which anxiety was assessed. Anxiety levels were lowest after the serum screening and routine 20-week screening ultrasound scan results were acknowledged. They were also significantly lower compared to all other times in which anxiety was assessed.",Maternal anxiety may be related to her perception about the severity of fetal abnormalities or her belief that she will have no chance of having a healthy baby if she does not receive this test. This finding suggests that further studies should investigate whether there is an association between maternal anxiety and the occurrence of Down's Syndrome during pregnancy.,
20301069,Is there an association between risk perception and disaster preparedness in rural US hospitals?,"This study examined disaster preparedness, risk perception, and their association in rural hospitals in the United States. The focus of disaster preparedness largely has been centered on urban areas, in part because of the perception that more concentrated areas have an increased risk of a disastrous event. Therefore, it was hypothesized that risk perception may be a contributing factor for adequate preparedness in rural areas. This research was a component of a larger study of rural hospital preparedness. The objective of this study was to describe the perceived risk of disaster events and the status of disaster preparedness in rural hospitals. It was hypothesized that there is a positive association between risk perception and preparedness. Secondary data analysis was conducted using the National Study of Rural Hospitals (2006-2007) from Johns Hopkins University. The study, based on a regionally stratified, random sample of rural hospitals, consisted of a mailed questionnaire and a follow-up telephone interview with each hospital's Chief Executive Officer (n = 134). A model of disaster preparedness was utilized to examine seven elements of preparedness. Risk perception was examined through seven perceived risk threats. The results indicated that rural hospitals were moderately prepared, overall, (78% prepared on average), with higher preparedness in education/training (89%) and isolation/decontamination (91%); moderate preparedness in administration/planning (80%), communication/notification (83%), staffing/support (66%, and supplies/pharmaceuticals/laboratory support (70%); and lower preparedness in surge capacity (64%). The respondents reported greater perceived risk from disasters due to natural hazards (79% reported moderate to high risk) and vehicular accidents (77%) than from humanmade disasters (23%). Results obtained from logistic regression models indicated that there was no statistically significant difference in the odds of a hospital being prepared overall when comparing high versus low risk perception (OR = 0.61; 95% CI = 0.26-1.44). Positive associations were identified only between higher perceived risk overall and the subcategory of education/training preparedness (OR = 1.24; 95% CI = 1.05-1.27).",Rural hospitals appear to be adequately prepared for most types of disasters but face challenges related to understanding their own risks as well as those faced by other communities within the state or nation.,
15042376,Bilateral rhegmatogenous retinal detachment after external-beam radiotherapy: just a coincidence?,To report an unusual case of almost simultaneous bilateral rhegmatogenous retinal detachment in the context of external-beam radiotherapy for a tumor at a non-ocular target site and in the absence of pre-existing ocular pathology. Observational case report with review of corresponding literature. A 63-year-old man was referred for bilateral retinal detachment which was associated with many horseshoe tears and proliferative vitreoretinopathy. He had undergone surgery for a carcinoma of the left maxillary sinus 4 months prior to the presentation and had then received external-beam radiotherapy for 3 months. There was no familial history of retinal detachment and/or eye trauma in this hyperopic patient with clear native lenses. No chorioretinal pathology was apparent that could have predisposed the retinas to tearing.,This is the first reported case of bilateral retinothoracic tear following external beam radiation therapy. It may be due to increased stress on the retina caused by high-energy beams or because there was already some damage to the retina before treatment began. The diagnosis should not be considered unless there is any suspicion that it might be related to previous injury.,
8719449,Is it necessary to perform surveillance endomyocardial biopsies in heart transplant recipients?,"Routine surveillance endomyocardial biopsies to diagnose unsuspected rejection are performed at 3- to 12-month intervals after heart transplantation. From 1979 to 1989, surveillance biopsies were routinely performed as a part of the yearly evaluation. A retrospective analysis of the follow-up data showed that ""routine surveillance biopsies"" had an extremely low yield, and, on the basis of the results of this study, we discontinued to perform surveillance biopsies beyond 6 months after transplantation. To validate these results, we compared the outcome of two groups of patients who had similar demographics and identical immunosuppression, except that in one group the surveillance biopsies were not performed. No difference was found in either actuarial survival rate or freedom from late rejection between the two groups.","The routine use of surveillance endometrial biopsy has been shown to be ineffective in terms of both mortality rates and incidence of late rejection. Therefore, we recommend against its continued use as part of routine clinical practice.",
8956955,Breast cancer in women over 75 years: is axillary dissection always necessary?,"To study how the information gained from axillary dissection in women (75 years old or more) with breast cancer influenced postoperative adjuvant treatment. Retrospective review of casenotes. University departments of surgery and oncology, Sweden. 166 women (aged 75 years or more) operated on for primary breast cancer between 1980-1989. Type of operation and postoperative therapy given. In 138/166 (83%) women axillary dissection was done, but in only 21/59 (36%) of these patients did information gained from the procedure influence the postoperative treatment according to the treatment guidelines for breast cancer. None of the 28 patients who did not undergo axillary dissection were subjected to further operations or radiotherapy for axillary nodal recurrence after a mean follow up of 47 months.","In our experience axillary procedures do not seem to be useful as they have no effect on prognosis nor on survival rate. However, we believe that this should not discourage surgeons from performing such an important step when possible.",
16235463,Does a new videolaryngoscope (glidescope) provide better glottic exposure?,"The GlideScope (Saturn Biomedical Systems Inc, Burnaby, British Columbia, Canada) is a new videolaryngoscope designed as an alternative to the conventional laryngoscope. It was designed to facilitate glottic exposure during tracheal intubation. This study assessed the effectiveness of the GlideScope in providing glottic exposure. One hundred and three patients requiring general anesthesia for elective surgery were enrolled in this study. Under full monitoring, all patients were given fentanyl, propofol or thiopentone and muscle relaxant for induction. In each patient laryngoscopy was performed first with a Macintosh blade (size 3), then with the GlideScope. The optimal view of the larynx that could be achieved with each instrument was recorded and assessed using the grading scale of Cormack and Lehane (C&L grade). Intubation was performed with the GlideScope. The grading decreased in the majority (93.6%, 44/47) of patients with C&L grade>1 when using the GlideScope. Of the 22 patients who were considered as subjects of difficult intubation, 20 had an improved laryngoscopic grade with GlideScope. One hundred and one patients were intubated successfully at the first attempt.",The use of the GlideScope provides good glottis exposure but not necessarily improvement in glottid anatomy. Further studies should investigate whether there is any benefit from using it over other methods such as endotracheal tube insertion.,
22023222,Are the barriers to good oral hygiene in nursing homes within the nurses or the patients?,"To explore nursing home patients' oral hygiene and their nurses' assessments of barriers to improvement. In nursing homes, nurses are responsible for patients' oral hygiene. This study assessed the oral hygiene of 358 patients in 11 Norwegian nursing homes. 494 nurses in the same nursing homes participated in a questionnaire study. More than 40% of patients had unacceptable oral hygiene. 'More than 10 teeth' gave OR = 2, 1 (p = 0.013) and 'resist being helped' OR = 2.5 (p = 0.018) for unacceptable oral hygiene. Eighty percent of the nurses believed knowledge of oral health was important, and 9.1% often considered taking care of patients' teeth unpleasant. Half of the nurses reported lack of time to give regular oral care, and 97% experienced resistant behaviour in patients. Resistant behaviour often left oral care undone. Twenty-one percent of the nurses had considered making legal decisions about use of force or restraints to overcome resistance to teeth cleaning.",The results suggest that there is an overlap between nurse-patient communication regarding oral health issues and problems with patient compliance with oral hygiene practices. The findings also indicate that some nurses may be unaware of how difficult it can be to achieve acceptable levels of oral cleanliness among residents. Further studies should investigate whether these differences could contribute to poor outcomes among residents who do not receive adequate oral care.,
12021676,"Does more ""appropriateness"" explain higher rates of cardiac procedures among patients hospitalized with coronary heart disease?","There have been few studies of the extent to which differences in the pool of patients being managed might account for geographic variations in treatment rates. For two cardiac procedures, cardiac catheterization and revascularization, we evaluate the hypothesis that differences in ""the percentage of patients for whom the procedure is appropriate"" is a factor explaining variations in use rates among those hospitalized with coronary heart disease (CHD). Based on hospital utilization patterns in Massachusetts in 1990, we created 70 small geographic areas. Using 1992 Massachusetts Peer Review Organization data, areas were ranked from highest to lowest based on (empirical-Bayes-adjusted) hospitalization rates for each procedure. One thousand seven hundred four cases from 43 hospitals were sampled, roughly half each from high and low use areas. Half had a procedure and half were candidates for the same procedure but did not have it. For each procedure, medical records were reviewed to determine whether the procedure was (or, for those not having it, would have been) appropriate, based on criteria developed using a modified Delphi approach. Among those having either procedure, appropriateness rates were similar in high and low rate areas (P = 0.59 for catheterization and P = 0.30 for revascularization). However, among candidates for either procedure who did not have it, appropriateness for performing the procedure was greater in high-rate areas (41.4% vs. 32.1%, P = 0.05 for catheterization; 71.2% vs. 57.2%, P = 0.003, for revascularization).",The results suggest that there may be some degree of overlap between patients who need or do not receive certain types of cardiac care. This could explain why there appears to be no significant difference in use of these procedures across different geographical regions.,
23885990,Do food quality and food quantity talk the same?,"Relating food diversity, quality, and intake is one of the key aspects in understanding household food security. This paper aimed at marying food intake and quality, both being measurement for food security. A household food consumption survey (n=200) exploring food diversity, quality of foods, and their relation to food intake in Embo, a poor farming community in rural KwaZulu-Natal was carried out in November 2004 (period of insufficiency) and repeated in March 2005 (period of plenty). Household food intake strata were developed using matrices obtained from the Household Food Intake Index and nutritional adequacy ratios. Food quality was measured using food count and later using 5 food groups, namely, starches, vegetables and fruits, animal sourced foods, fats, and legumes. Single food count showed dietary diversity to be significantly different across households with different food intake during the period of plenty (P≤0.000). During the period of plenty, vegetable and fruits contributed significantly different proportions of energy (P≤0.000), protein (P≤0.006), iron (P≤0.020), and vitamin E (P≤0.006) to household food intake strata. Intake of vitamin A was more elastic as its intake variation from legumes, fats, and animal sourced foods was (P≤0.000), from starches (P≤0.008) and from vegetable and fruits (P≤0.064) during the second round. Starches are the most important food group to the community, whereas fats and animal sourced food groups are less important.","Food quality plays an important role in determining whether or not people have adequate nutrition. However, it seems that there may also be some differences between what people eat and how much they consume. The results suggest that although all these factors contribute towards meeting nutrient needs, they do so differently depending on who lives in a given household.",
21098968,Does diabetes mellitus alter the onset and clinical course of vascular dementia?,"Vascular dementia (VaD) is the second most common dementing illness. Multiple risk factors are associated with VaD, but the individual contribution of each to disease onset and progression is unclear. We examined the relationship between diabetes mellitus type 2 (DM) and the clinical variables of VaD. Data from 593 patients evaluated between June, 2003 and June, 2008 for cognitive impairment were prospectively entered into a database. We retrospectively reviewed the charts of 63 patients who fit the NINDS-AIREN criteria for VaD. The patients were divided into those with DM (VaD-DM, n=29) and those without DM (VaD, n=34). The groups were compared with regard to multiple variables. Patients with DM had a significantly earlier onset of VaD (71.9 ± 6.54 vs. 77.2 ± 6.03, p<0.001), a faster rate of decline per year on the mini mental state examination (MMSE; 3.60 ± 1.82 vs. 2.54 ± 1.60 points, p= 0.02), and a greater prevalence of neuropsychiatric symptoms at the time of diagnosis (62% vs. 21%, p=0.02).",Diabetes mellitus is an independent predictor of early onset and rapid progression in VaD when it occurs before age 60 years. This finding suggests that treating diabetes may be useful in preventing or slowing down the development of VaDs.,
22568573,Uncoupling protein-2 45-base pair insertion/deletion polymorphism: is there an association with severe obesity and weight loss in morbidly obese subjects?,"Uncoupling proteins are attractive candidate genes for obesity and type 2 diabetes mellitus. Our aim was to investigate the potential association of the uncoupling protein-2 (UCP2) 45-bp insertion/deletion (ins/del) polymorphism with obesity, as well as the potential effect of this polymorphism on weight loss variability in severely obese subjects. A total of 158 severely obese subjects (94 without and 64 with metabolic syndrome) and 91 age and sex-matched lean controls were recruited. A subgroup of 124 obese patients participated in a 3-month weight loss program. Anthropometric and metabolic variables were measured. Participants were genotyped for the UCP2 ins/del polymorphism. Allelic frequency differed neither between obese subjects and controls (P=0.56), nor between obese subjects with versus without metabolic syndrome (P=0.58). At 3 months, metabolically healthy subjects carrying the insertion allele had significantly greater reduction in body mass index (P=0.029) and fat-free mass (P=0.013) and a borderline significant improvement in the homeostatic model assessment index (P=0.048).","The UCP-2 ins/del polymorphisms does not appear to be associated with obesity or weight loss among these individuals. However, it may play a role in determining whether someone will respond favorably to a weight-loss intervention.",
9104975,Does the pulmonary autograft in the aortic position in adults increase in diameter?,"The objective of this study was to discern the fate of the pulmonary autograft diameter over time in adults and its relation to aortic regurgitation in the setting of aortic root replacement. From January 1989 to May 1995, 36 consecutive adult patients underwent aortic root replacement with a pulmonary autograft for aortic valve disease. The mean age of 20 male and 16 female patients was 29.1 years (range 19.3 to 52.1 years). The mean follow-up was 2.3 years (range 0.3 to 6.0 years). Two patients died in the hospital. One other patient had a second operation for stenosis at the distal suture line of the allograft in the pulmonary position. Pulmonary autograft anulus and sinus diameters were measured with epicardial echocardiography before (only anulus) and after cardiopulmonary bypass, with transthoracic echocardiography at hospital discharge, and with transesophageal echocardiography during follow-up. The mean autograft anulus diameter did not increase immediately after cardiopulmonary bypass (mean diameter 26.2 mm before and 26.4 mm after cardiopulmonary bypass). The mean autograft sinus diameter after cardiopulmonary bypass was 36.5 mm. The mean autograft anulus diameter increased to 31.5 mm at follow-up, an increase of 5.1 mm (19%). The mean autograft sinus diameter increased to 43.9 mm at follow-up, an increase of 7.4 mm (20%). Fifty-nine percent of the anulus diameter increase and 40% of the sinus diameter increase was already reached at hospital discharge (7 to 10 days after the operation); the other part of the increase occurred during follow-up. Diameter increase was associated with neither the length of follow-up (follow-up less than 1 year compared with a longer follow-up) or severity of aortic regurgitation.","In our series, the diameter of the lung tissue graft increases slowly but significantly when it is placed into place within the aorta. This finding suggests that the use of such an arrangement may be safe if performed early enough after surgery.",
22624810,Duodenal bulb biopsies for diagnosing adult celiac disease: is there an optimal biopsy site?,"Recent studies highlight the role of duodenal bulb biopsy in the diagnosis of celiac disease. To determine whether a targeted duodenal bulb biopsy in addition to distal duodenal biopsies is the optimal strategy to identify villous atrophy. Prospective cohort study. Tertiary-care referral center. Seventy-seven patients undergoing clinically indicated EGD with duodenal biopsies were recruited. Of these, 28 had newly diagnosed celiac disease and 49 were controls. At endoscopy, 8 duodenal biopsy specimens were taken: 4 from the second part of the duodenum and 4 quadrantically from the bulb (at the 3-, 6-, 9-, and 12-o'clock positions). Increasing the diagnostic yield and detection of the most severe villous atrophy in celiac disease with the addition of a targeted duodenal bulb biopsy. The most severe degree of villous atrophy was detected when distal duodenal biopsy specimens were taken in addition to a duodenal bulb biopsy specimen from either the 9- or 12-o'clock position (96.4% sensitivity; 95% CI, 79.7%-100%). The difference between the 12-o'clock position biopsy and the 3-o'clock position biopsy in detecting the most severe villous atrophy was 92% (24/26) versus 65% (17/26) (P = .02). Small sample and study performed in a tertiary referral center.",A targeted approach involving both the bulb and the proximal portion of the stomach can improve the accuracy of identifying villous destruction in celiacs.,
23979271,Minority trauma patients tend to cluster at trauma centers with worse-than-expected mortality: can this phenomenon help explain racial disparities in trauma outcomes?,"To determine whether minority trauma patients are more commonly treated at trauma centers (TCs) with worse observed-to-expected (O/E) survival. Racial disparities in survival after traumatic injury have been described. However, the mechanisms that lead to these inequities are not well understood. Analysis of level I/II TCs included in the National Trauma Data Bank 2007-2010. White, Black, and Hispanic patients 16 years or older sustaining blunt/penetrating injuries with an Injury Severity Score of 9 or more were included. TCs with 50% or more Hispanic or Black patients were classified as predominantly minority TCs. Multivariate logistic regression adjusting for several patient/injury characteristics was used to predict the expected number of deaths for each TC. O/E mortality ratios were then generated and used to rank individual TCs as low (O/E<1), intermediate, or high mortality (O/E>1). A total of 556,720 patients from 181 TCs were analyzed; 86 TCs (48%) were classified as low mortality, 6 (3%) intermediate, and 89 (49%) as high mortality. More of the predominantly minority TCs [(82% (22/27) vs 44% (67/154)]were classified as high mortality (P<0.001). Approximately 64% of Black patients (55,673/87,575) were treated at high-mortality TCs compared with 54% Hispanics (32,677/60,761) and 41% Whites (165,494/408,384) (P<0.001).",The results suggest that there may be some overlap between race and ethnicity-related differences in trauma care delivery patterns. This finding could inform strategies aimed at improving access to quality trauma services among diverse populations.,
24428202,Do South Australian pharmacy interns have the educational and behavioural precursors to meet the objectives of Australia's health care reform agenda?,"To explore South Australian (SA) pharmacy interns' values, beliefs and motivations to study pharmacy and their assessment of how well their pharmacy education has prepared them for activities required of all health professionals under Australia's health care reforms. A postal questionnaire was sent to all 136 SA pharmacy interns enrolled in SA intern training programmes in February 2010 (second month of the intern training programme). Sixty (44%) of SA pharmacy interns responded; 75% selected pharmacy as a career because of an interest in health-related sciences and 65% valued working with patients. Respondents believed their pharmacy education prepared them for patient care (80%), providing medicine information (72%) and primary health care delivery (68%), but 51% indicated that they were not prepared for multidisciplinary team care.",The results suggest that many South Australian pharmacists do not feel adequately prepared for roles within the healthcare system following completion of their undergraduate degree. Further work should focus on improving communication between students and employers regarding future opportunities available to them.,
27535458,Is the Meaningful Use Venous Thromboembolism VTE-6 Measure Meaningful?,"Venous thromboembolism (VTE) is a common, often deadly cause of preventable harm for hospitalized patients. The Centers for Medicare&Medicaid Services Meaningful Use VTE-6 measure automatically captures data documented in a Meaningful Use-certified electronic health record (EHR) to identify patients with potentially preventable VTE, defined as those who developed radiologically confirmed, in-hospital VTE and did not receive prophylaxis between admission and the day prior to the diagnostic test order date. The validity of the Meaningful Use VTE-6 measure was assessed by reviewing the quality of VTE prophylaxis provided to patients identified by the measure. A retrospective chart review was performed on all patients identified by VTE-6 during the first year of Meaningful Use Stage 1. The following information was abstracted from the Meaningful Use-certified EHR: patient demographics, clinical data, VTE prophylaxis prescribed and administered, and diagnostic testing. These data were then analyzed to assess prevention efforts prior to each VTE event and identify potential targets for improvement. Fifteen patients were identified as having sustained potentially preventable VTE by the Meaningful Use VTE-6 measure. Nine (60%) of the 15 patients identified were false positives and did not meet the rationale of the measure. For only 6 (40%) of the 15 patients was VTE considered to be truly potentially preventable; those patients provided targets for quality improvement measures.",The Meaningful use VTE measure does not accurately identify patients who should have received prophylactic treatment due to their medical history or risk factors. This finding suggests that there may be opportunities to improve VTE management through further investigation into these patients' underlying conditions.,
10081850,Is everything all right if nothing seems wrong?,"We demonstrate a simple yet comprehensive method to evaluate the sensitivity of endoscopic procedures when no gold standard is available. In 208 consecutive patients with superficial bladder cancer 328 endoscopies were performed to compare the sensitivity of white light and 5-aminolevulinic acid induced fluorescence endoscopy. Both procedures were performed during the same session. The maximum interval of observable sensitivity for 5-aminolevulinic acid induced fluorescence endoscopy ranged between 78 and 97.5%, and the best estimate for sensitivity based on realistic assumptions was 93.4% (95% confidence intervals 90 to 97.3). The best sensitivity estimate for white light endoscopy was 46.7% (95% confidence intervals 39.4 to 54.3, maximum range 47.2 to 53%).","The results suggest that even though there may be some differences in sensitivity between these two techniques, they should not be considered as alternatives but rather complementary tools used together by experienced surgeons who have acquired sufficient experience through repeated practice.",
21944799,Clopidogrel: is a surgical delay necessary in fractured neck of femur?,"This paper assesses the outcomes of patients after surgery for a proximal femur fracture while on clopidogrel. It describes a single-centre retrospective observational study over a two-year period. A total of 31 surgical patients were included in this study. Of these, 28 were on clopidogrel and 3 on dipyridamole. Patients were split into subgroups based on when surgery took place and the type of hip fracture. The 'early surgery' (<48 hours from admission to theatre) group contained 16 patients (51.6%) and the 'late surgery' (>48 hours) group composed 15 patients (48.4%). Type of surgery performed and pre-and postoperative haemoglobin (Hb) levels were recorded. Furthermore, the number of units of blood transfused per patient as well as complications before and after surgery were noted. A significantly larger mean hb drop occurred in the early surgery group (3.2g/dl) compared with the late surgery group (2.3g/dl) (p=0.027). The mean length of inpatient stay was 21 days in the early and 23 days in the late group (p=0.456). A significantly larger hb mean drop occurred in patients with extracapsular hip fractures (3.4g/dl; n=16) compared with patients with intracapsular fractures (2.3g/dl; n=15) (p=0.020). The extracapsular patients had longer stays in hospital: 24.5 days versus 19.8 days in the intracapsular group (p=0.521). There was no statistical difference in the 30-day mortality between the early surgery (3/16 deaths) and late surgery (2/15 deaths) groups (p=0.481).",The results suggest that there may be some benefit in delaying surgery until at least 48h following injury.,
25379598,Are knee biomechanics different in those with and without patellofemoral osteoarthritis after anterior cruciate ligament reconstruction?,"Patellofemoral (PF) osteoarthritis (OA) is prevalent following anterior cruciate ligament reconstruction (ACLR). This study aimed to investigate differences in transverse plane rotation between knees with varus and valgus alignment during gait in people with and without PFOA after ACLR. Thirty-six individuals who were mean ± SD 9 ± 2 years post-ACLR (18 radiographic PFOA and 18 no knee OA) participated in this cross-sectional study. Knee internal-external rotation angles were measured using a 3-dimensional motion analysis system during walking and running. Weight-bearing frontal plane knee alignment, measured with an inclinometer, was used to classify participants as having varus or valgus alignment. Two-way analysis of covariance was used to assess the effect of both PFOA and frontal plane knee alignment on dynamic knee internal-external rotation. Significant interactions were found between PFOA status and frontal plane alignment on knee internal-external rotation angles during walking (P = 0.019) and running (P = 0.002). Tests of simple effects revealed that during walking, individuals with valgus alignment and PFOA demonstrated a mean 3.9° (95% confidence interval [95% CI] 0.7, 7.1) less knee internal rotation than those with valgus alignment and no OA. During running this difference increased to 6.1° (95% CI 1.8, 10.4). For individuals with varus alignment, no significant effects were observed.",Knee internal-outer rotations appear to be altered by PFOAs when there is no prior knee OA present. These findings suggest that these patients may require additional support from external forces rather than just passive movement.,
1316400,"Is atrial natriuretic peptide-guanosine 3',5' cyclic monophosphate coupling a determinant of urinary sodium excretion in essential hypertension?","(1) To compare urinary guanosine 3',5' cyclic monophosphate (cyclic GMP) excretion between normotensive subjects and essential hypertensive patients; (2) to determine the influence of changes in sodium intake on urinary cyclic GMP excretion in response to the neutral endopeptidase inhibitor candoxatril in essential hypertensives. (1) Twenty-five normotensive subjects and 25 patients with established essential hypertension not on treatment; (2) Single oral dose of candoxatril in eight patients with essential hypertension after equilibration on a low- or high-sodium diet in a placebo-controlled, double-blind, randomized, crossover study. Blood pressure was measured by ultrasound sphygmomanometry. Atrial natriuretic peptide (ANP) and urinary cyclic GMP were measured by radioimmunoassay. Group comparisons were made using unpaired t-tests and two-way analysis of variance. Plasma ANP was significantly raised in patients with essential hypertension compared with the normotensive group, but there was no difference in urinary cyclic GMP excretion. Plasma ANP increased significantly on the high- compared with low-sodium diet. After candoxatril, there were significant diet-related increases in plasma ANP and urinary sodium excretion up to 6 h after drug administration. There were similar increases in urinary cyclic GMP excretion on both diets, but there were no consistent differences in this excretion between the low- and high-sodium diets.","In this study we found that there is no relationship between changes in dietary sodium intake and alterations in urinary circulating levels of ANP or cyclic GPCM. However, these results do not exclude the possibility that other factors may be involved in determining urinary cyclic-GMP concentrations during hypernatremia.",
17548551,Do alpha-synuclein aggregates in autonomic plexuses predate Lewy body disorders?,"To determine the prevalence of alpha-synuclein (AS) aggregates in abdominopelvic autonomic plexuses in the general population and to evaluate the relationship between this finding and the subsequent development of neurologic dysfunction. First, surgical specimens from 100 patients (ages 44 to 84) undergoing a wide resection of an abdominopelvic organ were examined by anti-AS immunostaining. Second, 16 patients (6 AS+ and 10 randomly selected AS-) participated in yearly double-blinded neurologic assessments. AS aggregates were found in autonomic plexuses in 9% of the whole sample (95% CI 3.4 to 14.6%) but were more common in vesicoprostatic (26%) than in digestive tract (4%) specimens. At 16 months after the biopsy, no prevalent cases of Parkinson disease, dementia, or autonomic failure were diagnosed among participants. One AS+ patient had previously been diagnosed with REM sleep behavior disorder. Seven of 10 control subjects but none of the 6 AS+ patients had a diagnosis of hypertension (p = 0.01). During phase IV of Valsalva maneuver, AS+ group exhibited a longer blood pressure recovery time (p = 0.03), with one patient showing absence of blood pressure overshoot. Cardiac [(123)I]metaiodobenzylguanidine uptake was reduced in the AS+ group (p = 0.03). Striatal [(123)I]ioflupane uptake was abnormally low in only one AS+ patient. At 30 months after the biopsy, lower cardiac and striatal uptake values tended to correlate with higher Unified Parkinson's Disease Rating Scale III scores (p = 0.07).",Alpha-synthetic aggregates appear early in the course of PD but do not precede other forms of neurodegeneration.,
10914458,Advance health care planning and the GP. Is it time to move forward?,One hundred clinical records were audited for evidence of advance health care planning and 100 adult patients were surveyed regarding advance care preferences. One percent of clinical records showed evidence of advance health care discussion and 5% of those surveyed stated they had a current AHD. Only 10% of those surveyed were aware of AHDs; 70% wanted to know more about them; 83% wished family members to be substitute decision makers regarding health matters if the individual was too ill to be involved; 54% nominated doctors to be among their preferred decision makers.,There is still much that can be done to improve awareness of AHS by healthcare providers. More should be done by GPs themselves as well as through education programs such as workshops held at community centers or hospitals. Further studies should investigate whether there is an association between lack of knowledge about AHS and poor outcomes following illness.,
22133801,Can ballooning of the levator hiatus be determined clinically?,"The objective of the study was to determine whether genital hiatus (gh) and perineal body (pb), measured using the pelvic organ prolapse quantification system of the International Continence Society, are predictive of an abnormally distensible levator hiatus on ultrasound and of objective prolapse and/or prolapse symptoms. The design of the study included datasets of 188 urogynecology patients assessed in a cross-sectional retrospective study. Gh and pb, as well as gh plus pb, were strongly associated with symptoms and signs of prolapse and with hiatal area on ultrasound. The sum of gh and pb was superior in predictive performance to individual measures for symptoms (P<.001) and signs of prolapse (P<.001). Gh plus pb equaled the hiatal area on ultrasound (area under the curve, 0.886; 95% confidence interval, 0.828-0.945 vs 0.867; 95% confidence interval, 0.808-0.926) for predicting objective prolapse. Optimal sensitivity (80%) and specificity (81%) was reached with a cutoff of 7 cm for gh plus pb.",Gh plus pb is an important predictor of abnormal distensibility of the upper abdominal wall during pregnancy or delivery. It may also help identify individuals who will develop functional dyspepsia or other gastrointestinal disorders following surgery.,
20934280,Stage I-IIA non-bulky Hodgkin's lymphoma. Is further distinction based on prognostic factors useful?,"In the United States, early-stage Hodgkin's lymphoma (HL) is defined as asymptomatic stage I/II non-bulky disease. European groups stratify patients to more intense treatment by considering additional unfavorable factors, such as age, number of nodal sites, sedimentation rate, extranodal disease, and elements of the international prognostic score for advanced HL. We sought to determine the prognostic significance of these factors in patients with early-stage disease treated at Stanford University Medical Center. This study was a retrospective analysis of 101 patients treated with abbreviated Stanford V chemotherapy (8 weeks) and 30-Gy (n=84 patients) or 20-Gy (n=17 patients) radiotherapy to involved sites. Outcomes were assessed after applying European risk factors. At a median follow-up of 8.5 years, freedom from progression (FFP) and overall survival (OS) rates were 94% and 97%, respectively. From 33% to 60% of our patients were unfavorable per European criteria (i.e., German Hodgkin Study Group [GHSG], n=55%; European Organization for Research and Treatment of Cancer, n=33%; and Groupe d'Etudes des Lymphomes de l'Adulte, n=61%). Differences in FFP rates between favorable and unfavorable patients were significant only for GHSG criteria (p=0.02) with there were no differences in OS rates for any criteria. Five of 6 patients who relapsed were successfully salvaged.","The results suggest that although some aspects of the European system may be helpful when selecting patients for subsequent therapy, they do not appear to have an impact on outcome. Further studies should investigate whether this approach can improve prognosis.",
10742709,The basics of heart failure management: are they being ignored?,"Advances have been made in the medical management of congestive heart failure. However, there is concern that these changes may not be transmitted to the heart failure population in the community. Other impediments to improved prognosis, such as failure to apply non-pharmacological strategies and poor patient comprehension may also be prevalent in the community. The purpose of this study was to assess physician practice and patient knowledge in a heart failure population admitted to a University Hospital in Ireland. Patients admitted with a primary diagnosis of heart failure were studied. Estimation of ejection fraction was used to subdivide the population into heart failure with impaired and normal systolic function. Patients' course in hospital was noted with reference to management by cardiology or internal medicine, use of angiotensin-converting enzyme inhibition therapy and digoxin and application of dietary and rehabilitative services. Patient knowledge was assessed by questionnaire. Eighty patients were included in this study. Two-thirds of the population had impaired systolic function. The majority of patients were managed by internal medicine physicians, and this population was older and more likely to have normal systolic function. Prescription of converting enzyme inhibitor therapy was more frequently used in cardiology-managed patients (96 vs. 70%, P<0.05). Neither group applied dietary or rehabilitative advice to a significant level. Patient comprehension was poor, especially with regard to understanding of medicine and the value of weight measurement.","The results suggest that although some aspects of heart disease management have changed over time, many still fail to recognise their importance. Further work should focus on improving communication between clinicians and patients about how best to manage their condition.",
23594913,Journey from the West: did tropical Graphidaceae (lichenized Ascomycota: Ostropales) evolve from a saxicolous ancestor along the American Pacific coast?,"This study elucidates the phylogenetic position of a unique taxon of Graphidaceae occurring on rock in coastal desert areas, assessing its importance for our understanding of the evolution of the largest family of tropical lichenized fungi. • We used maximum likelihood and Bayesian approaches to reconstruct a three-gene phylogeny of Graphidaceae and a Bayesian molecular clock approach to estimate divergence dates for major clades, as well as Bayesian ancestral ecogeography state analysis. • The new genus Redonographa represents a new subfamily, Redonographoideae, sister to subfamily Graphidoideae. Redonographa is exclusively saxicolous and restricted to the American Pacific coast from California to central Chile, including Galapagos. It contains four species: Redonographa chilensis comb. nov., R. saxiseda comb. nov., R. saxorum comb. nov., and R. galapagoensis sp. nov. The genus Gymnographopsis, with a similar ecogeography but differing in excipular carbonization and chemistry, is also included in Redonographoideae, with the species G. chilena from Chile and G. latispora from South Africa. Molecular clock analysis indicates that Redonographoideae diverged from Graphidoideae about 132 million years ago (Ma) in the Early Cretaceous. •",Redonographosidae may represent an important evolutionary branch within the larger group of Saxicolomataceae. This discovery provides insights into how these diverse groups have adapted to different environments over time.,
17418218,Can long-term antibiotic treatment prevent progression of peripheral arterial occlusive disease?,"The purpose was to investigate in a large, randomized, double-blinded, placebo-controlled trial, whether antibiotic treatment can prevent progression of peripheral arterial disease (PAD). Five hundred and seven patients were included; all patients had an established diagnosis of PAD. Their mean age was 66 years (36-85), and 59% were males. Patients were randomized to Roxithromycin 300 mg daily for 28 days. Baseline investigations were ankle blood pressure, ankle-brachial blood pressure index (ABPI), walking distance, C. pneumoniae serology, cholesterol and medical history. Follow-up was performed every 6 months. Primary events were defined as death, peripheral revascularization and major lower limb amputation. Secondary events were thrombosis, stroke, transient cerebral ischaemic attack and myocardial infarction. Change in ABPI was also investigated. Data were analyzed mainly by Cox regression and linear regression. Included patients with PAD were randomized. Two patients withdrew. Of the remaining, 248 received roxithromycin and 257 placebo. In the treatment group 55% were seropositive and 53% in the placebo group. Mean follow-up was 2.1 years (range 0.06-5.1 years). In the placebo group, 26 died and 80 primary events occurred in total. In the treatment group, 28 died and 74 primary events were observed. The hazard ratio of death was 1.13 (95% CI: 0.68; 1.90), and of primary events 0.92 (95% CI: 0.67; 1.26). Also on secondary events and ABPI changes, no significant differences were found.",Long term use of antibiotics does not seem to be effective against progression of PAD but may reduce mortality from other causes such as heart attacks or strokes.,
17644617,Subclinical neuropathy among Diabetes Control and Complications Trial participants without diagnosable neuropathy at trial completion: possible predictors of incident neuropathy?,"We sought to evaluate the prevalence of subclinical neuropathy in intensive and conventional treatment groups at completion of the Diabetes Control and Complications Trial (DCCT). We assessed neuropathy using nerve conduction results obtained at DCCT completion after stratifying the DCCT cohort to exclude subjects with progressively less severe degrees of diagnosable neuropathy. We began with those who had confirmed clinical neuropathy (the primary DCCT end point) and eventually excluded all subjects with any clinical or electrodiagnostic evidence of neuropathy. After excluding subjects with confirmed clinical neuropathy at DCCT completion, 8 of 10 nerve conduction measures (including all lower-extremity measures) were significantly improved in the intensive treatment group (O'Brien rank-sum test across all nerve conduction measures, P<0.0001). Conduction velocity group differences were substantial, and the peroneal conduction velocity averaged 3.1 m/s faster in the intensive compared with the conventional treatment group (45.1 vs. 42.0 m/s, P<0.0001). Numerous significant differences in median and peroneal motor conduction velocities favoring the intensive treatment group persisted, regardless of the exclusion criteria applied.","The incidence rate of clinically diagnosed diabetic peripheral neuropathies was low among those receiving intensive versus standard care during the DCPT. However, these findings suggest that there may be an association between early intervention and reduced risk for developing chronic disability due to neuropathy over time. Further studies should investigate whether this relationship holds true even when patients have been treated successfully for their initial diagnosis.",
18346165,Should liver function tests be included in definitions of metabolic syndrome?,"The definition of metabolic syndrome (MS) continues to be debated and does not include abnormal liver function tests (LFTs). This study aims to determine: (1) the association between the five ATP3 MS diagnostic components and different LFTs, and (2) the association between raised LFTs and prevalent cardiovascular disease (CVD). A total of 1357 patients, without alcoholism or known liver disease, from randomly selected households from rural Victoria, Australia, attended for biomedical assessment. Receiver operating characteristic (ROC) areas under the curve (AUC) were determined for associations between the ATP3 diagnostic components, and between LFTs and ATP3 diagnostic components. The range of ROC AUC for ATP3 diagnostic components was 0.60-0.77. Waist had the strongest association and blood pressure the weakest. The strength of association between ATP3 diagnostic components and gamma GT (GGT) was similar (0.63-0.72), but was less for alanine transaminase and aspartate transaminase. Using the ROC-derived GGT cut-off (men 27 IU, women 20 IU), those with MS and a high GGT had more CVD than those with MS and a low GGT, and those without MS (18% vs. 10% vs. 7%, respectively; P<0.001). Among those with MS, after adjusting for covariates, the odds ratio of CVD was 2.66 (1.18-5.96) for a high GGT compared to a low GGT. CVD was not significantly more prevalent in MS patients with a low GGT compared to non-MS patients.","In this population-based cohort study, there is no significant association between elevated LFT levels and MS. However, it appears that some individuals may have elevated LTFs despite having normal serum glucose levels. Therefore, we recommend including these measurements when defining MS.",
16014682,An excess of widespread pain among South Asians: are low levels of vitamin D implicated?,"Anecdotal reports from rheumatologists in the United Kingdom suggest that patients from South Asian backgrounds are more likely to report widespread body pain. To confirm the presence of an excess of widespread pain in South Asians, and to evaluate the relationship of their symptoms with levels of 25-OH vitamin D. Two population studies involving over 3135 subjects were carried out in the North West and Midlands areas of England. The first study confirmed an excess of widespread pain among South Asians (OR = 1.6, 95% CI 1.3 to 2.1). The second smaller study conducted only among young women also showed a similar excess of widespread pain among South Asians (OR = 1.8, 95% CI 0.7 to 4.7) and found that low levels of 25-OH vitamin D (<10 ng/ml) were more common among those with widespread pain (OR = 3.5, 95% CI 0.4 to 31.0).",The results suggest that there may be an association between high levels of circulating 2-hydroxycholecalciferol (2-HCO-CH3) and widespread pain but this should be interpreted with caution as it is possible that other factors such as stress or depression could explain both findings. Further investigation into whether these two conditions have different etiologies is needed before conclusions can be drawn about their relationship.,
19577071,Dysfunction induced by ischemia versus edema: does edema matter?,"Recovery from pediatric cardiac surgery is affected by ischemia-reperfusion injury, cardiac edema, and in some cases a low cardiac output syndrome. Although association has been made between the development of edema and dysfunction, modeling is confounded by intercurrent injurious stimuli that also cause cardiac edema and dysfunction. We tested whether a true causal relationship exists between edema and cardiac dysfunction. We induced either ischemia or edema alone in isolated cardiomyocytes and whole Langendorff-perfused hearts. Function was measured as shortening dynamics and developed pressure, respectively. Ischemic injury impaired function in both cardiomyocytes and whole hearts. Isolated cells showed significant reduction in peak shortening and departure and relaxation velocities. Whole hearts displayed severely reduced developed pressures. Hyposmotic solution forced cardiomyocytes to swell to 7% greater than their normal size. No significant effect on shortening was seen. Similarly, Langendorff-perfused hearts were induced to take on 3% more water than control-perfused hearts and 9% more water than nonperfused hearts. This additional water was associated with mild dysfunction.","Ischemia-induced dysfunction may be due to increased tissue swelling rather than actual damage itself. The effects observed when isolating cells suggest that this phenomenon can occur even without any apparent insult to the heart. However, it should be noted that these results do not support the hypothesis that edema causes dysfunction because they occurred independently of other factors such as hypoxia or hypercapnia. Further studies will need to address these issues before we can conclude that edemas themselves cause problems.",
7748085,Should all in situ saphenous vein bypasses undergo permanent duplex surveillance?,"To evaluate the need for color duplex surveillance (CDS) for pure in situ bypasses beyond 6 months. We reviewed our in situ surveillance data from August 1987 to April 1994. Lower-extremity revascularization was performed using 245 pure in situ greater saphenous vein bypasses in 219 patients. The CDS of the entire bypass and inflow and outflow arteries was done prior to discharge, at 1 month, every 3 months in the first year, every 6 months in the second year, and annually thereafter. A peak systolic velocity of less than 45 cm/s throughout the bypass or a velocity ratio of greater than 3 (peak systolic velocity at the stenosis divided by peak systolic velocity at an adjacent normal bypass segment) were defined as abnormal during the review of this patient subset. The outcomes were analyzed. Patency and limb salvage rates were calculated by life-table analysis. The mean age of this population (120 men and 99 women) was 67 years (range, 32 to 97 years). We analyzed all bypasses that were subjected to CDS for 6 months or more and identified 171 such bypasses. These bypasses were followed up for a mean duration of 30 months (range, 6 to 82 months). The primary and secondary patency and limb salvage rates at 5 years were 60.4%, 89%, and 92.1%, respectively (SE,<10%). During the first 6 months of surveillance, 54 bypasses had abnormal CDS findings, and 117 had normal CDS findings. Arteriography was performed on 42 of these bypasses with abnormal CDS findings, and 37 had significant findings requiring direct surgical or endovascular intervention. Only two of 117 bypasses that had normal CDS findings for up to 6 months had to be revised later, compared with 43 of the 54 bypasses with abnormal CDS findings prior to 6 months, which were occluded or were revised (significantly different by chi 2 test [P<.001]).",The results suggest that there is no benefit to performing CDS after 6 weeks' follow-up when there has been no change in clinical status or appearance of vascular lesions.,
12873090,Stopping smoking during pregnancy: are we on the right track?,"Recent data suggest that although smoking during pregnancy has declined in North America, this has more to do with falling rates of smoking initiation among women of childbearing age than with increased rates of pregnancy-related smoking cessation. One possible explanation is poor exposure to effective stop-smoking strategies. Better information about women who smoke during pregnancy may help target these interventions more effectively. The study was a cross-sectional, self-administered survey of a consecutive sample of 916 (40.4% of eligible) women who delivered healthy babies in 1997-98 at a tertiary teaching hospital in Hamilton, Ontario. Our main focus was on health behaviours (smoking, drinking, eating, and exercise habits) before and during pregnancy; but we also included questions about the presence of (other) children and (other) smokers in the household, perceived health status, the subject's age and level of education, and whether or not the present pregnancy was planned. Factors associated with pregnancy-related smoking cessation were identified using multiple logistic regression. Respondents were better educated and healthier, but smoked at rates similar to women of childbearing age in Hamilton at the time of the survey. Two thirds of prior smokers or 20% of respondents overall continued to smoke during pregnancy. After adjustment for other factors, three factors were associated with ongoing smoking during pregnancy: having other smokers in the household; having other children in the household; and not having post-secondary education.",Pregnancy-related smoking reduction efforts should be targeted towards those most likely to continue smoking after delivery. Further studies should investigate how best to reach these groups.,
25564121,Staphylococcus aureus and the oral cavity: an overlooked source of carriage and infection?,"The role of intraoral Staphylococcus aureus in disease and cross-infection sources is controversial. We present a 10-year retrospective analysis of laboratory data reporting isolation of S aureus from oral and perioral clinical specimens. A review of laboratory records for specimens where S aureus was isolated were collated and analyzed from January 1998-December 2007 at the Oral Microbiology Laboratory, Glasgow Dental Hospital. There were 11,312 specimens submitted to the laboratory over the study time period. S aureus was isolated from 1,986 specimens (18%). Of these, 1,782 (90%) were methicillin-sensitive S aureus (MSSA), and 204 (10%) were methicillin-resistant S aureus (MRSA). The most common specimen type from which MSSA was isolated was an oral rinse, whereas for MRSA this was a tongue swab. Most of the MRSA isolates were EMRSA-15 or EMRSA-16 lineage.","S aureus can be found in many parts of the body but particularly in the mouth. It has been suggested that it may serve as a reservoir for transmission between patients. However, our results suggest otherwise. This finding suggests that there should be greater attention paid to identifying and controlling this pathogen within the oral environment.",
22578588,Does pregnancy contribute to systemic right ventricular dysfunction in adults with an atrial switch operation?,"To determine whether pregnancy might impact adversely on long-term outcomes in adults post an atrial switch repair on the background of data demonstrating an increased rate of heart failure and death in these adults with systemic right ventricles. We retrospectively analysed our adult population with an atrial switch repair for transposition of the great arteries to see whether any differences in outcomes (sudden cardiac death, heart failure admissions, use of heart failure medications) existed between women who had and women who had not undergone pregnancy. Controls from the remaining population (transposition of the great arteries and atrial switch operation women) were elected as long as their year of birth fell into the year of birth range seen in the patient group. In women with transposition of the great arteries who have had an atrial switch repair, the long-term occurrence of sudden cardiac death and clinical heart failure (defined as a need for prescription of anti-failure medications or heart failure admissions) appears to be increased.",Pregnancy does appear to increase the risk of developing acute coronary syndrome but this is likely due to other factors such as hormonal changes rather than direct effects on the heart itself. Therefore we recommend that all patients undergoing an atrioventricular switch should consider having a baby before starting treatment.,
26831417,Is CXCL10/CXCR3 axis overexpression a better indicator of leprosy type 1 reaction than inducible nitric oxide synthase?,"Leprosy type 1 reactions (T1R) are acute episodes of immune exacerbation that are a major cause of inflammation and nerve damage. T1R are diagnosed clinically and supported by histopathology. No laboratory marker is currently available that can accurately predict a T1R. Increased plasma and tissue expression of inducible nitric oxide synthase (i-NOS) and chemokine CXCL10 have been demonstrated in T1R. We studied the gene expression and immunoexpression of i-NOS, CXCL10 and its receptor CXCR3 in clinically and histopathologically confirmed patients with T1R and compared with non-reactional leprosy patients to understand which biomarker has better potential in distinguishing reaction from non-reaction. Gene expression of i-NOS, CXCL10 and CXCR3 was studied in 30 skin biopsies obtained from patients with borderline tuberculoid (BT), mid-borderline (BB) and borderline lepromatous (BL) leprosy with and without T1R by real-time PCR. Further validation was done by immunohistochemical expression on 60 borderline leprosy biopsies with and without T1R. Of the 120 patients histopathological evaluation confirmed T1R in 65 (54.2%) patients. CXCR3 gene expression was significantly (P<0.05) higher in BT- and BB-T1R patients compared to those without T1R. The CXCL10 gene expression was significantly higher (P<0.05) in BB leprosy with T1R but the difference was not significant in patients with BT with or without T1R. Immunoexpression for CXCR3 was significant in both BB-T1R and BB (P<0.001) and BT and BT-T1R (P<0.001). Immunoexpression of CXL10 was significant only in differentiating BB from BB-T1R leprosy (P<0.01) and not the BT cases. i-NOS immunoexpression was not useful in differentiating reactional from non-reactional leprosy.INTERPRETATION &",The results suggest that CXCR-3 may be more sensitive than i-nos as an indicator of T1-R status.,
10197671,Is mediastinitis a preventable complication?,"The incidence of mediastinitis after cardiac surgical intervention is reported to be between 0.15% and 5% and is a major cause of postoperative morbidity. A number of risk factors have been identified, most of which are not modifiable. It is our contention that this complication can be reduced to a minimum by the consistent application of good operative technique and postoperative management. We reviewed the records of all 9,771 patients who underwent cardiac surgical procedures between 1987 and 1997. All operations were performed using a common skin preparation, draping, and antibiotic prophylaxis. Cases of mediastinitis were defined according to Centers for Disease Control and Prevention criteria and were identified from three sources: medical records database, hospital infection control, and the Society of Thoracic Surgeons database. Risk factors were assessed using chi2 and Fisher's exact tests. Of 24 patients identified as having deep sternal wound infection (incidence, 0.25%), 2 died (mortality rate, 8.3%), 18 required reoperation (75%), and only 4 needed pectoral muscle flaps. Statistical analysis revealed only the presence of chronic obstructive pulmonary disease as a significant risk factor (p<0.01). Other factors, including diabetes, renal failure, smoking, sex, age, reoperation, morbid obesity, and steroid use, were not significant. The use of internal mammary arteries (single or bilateral) was not associated with mediastinitis. Postoperative complications, including prolonged ventilation, inotropic support, and the need for blood products, were not significant risk factors. The patients who developed mediastinitis were more likely to be readmitted to the hospital (p<0.005) and more likely to require reoperation (p<0.005).","We conclude that although there may be some association between mediastinal injury and other types of injury, it appears that these events can be avoided if proper techniques are used during surgery.",
25530159,Can global longitudinal strain predict reduced left ventricular ejection fraction in daily echocardiographic practice?,"Transthoracic echocardiography (TTE) is the most commonly used method for measuring left ventricular ejection fraction (LVEF), but its reproducibility remains a matter of controversy. Speckle tracking echocardiography assesses myocardial deformation and left ventricular systolic function by measuring global longitudinal strain (GLS), which is more reproducible, but is not used routinely in hospital practice.AIM: To investigate the feasibility of on-line two-dimensional GLS in predicting LVEF during routine echocardiographic practice. The analysis involved 507 unselected consecutive patients undergoing TTE between August 2012 and November 2013. Echocardiograms were performed by a single sonographer. Echogenicity was noted as good, moderate or poor. Simple linear regression was used to assess the relationship between LVEF and GLS, overall and according to quality of echogenicity. Receiver operating curve (ROC) analysis was used to identify the threshold GLS that predicts LVEF≤40%. Mean LVEF was 64±11% and GLS was -18.0±4.0%. A reasonable correlation was found between LVEF and GLS (r=-0.53; P<0.001), which was improved when echogenicity was good (r=-0.60; P<0.001). GLS explained 28.1% of the variation in LVEF, and for one unit decrease in GLS, a 1.45 unit increase in LVEF was expected. Correlations between LVEF and GLS were -0.51 for patients in sinus rhythm (n=490) and -0.86 in atrial fibrillation (n=17). Based on ROC analysis, the area under the curve was 0.97 for GLS≥-14%, allowing detection of LVEF≤40% with a sensitivity of 95% and specificity of 86%.",On-line GLS can be used to estimate LVEFs accurately even when there is significant echosystolic noise.,
18272528,Is floral diversification associated with pollinator divergence?,"Adaptation to different pollinators is thought to drive divergence in flower colour and morphology, and may lead to interspecific reproductive isolation. Floral diversity was tested for association with divergent pollinator preferences in a group of four closely related wildflower species: the yellow-flowered Mimulus luteus var. luteus and the red-pigmented M. l. variegatus, M. naiandinus and M. cupreus. Patterns of pollinator visitation were evaluated in natural plant populations in central Chile, including both single-species and mixed-species sites. Floral anthocyanin pigments were identified, and floral morphology and nectar variation were quantified in a common garden experiment using seeds collected from the study sites. Mimulus l. luteus, M. l. variegatus and M. naiandinus are morphologically similar and share a single generalist bumblebee pollinator, Bombus dahlbomii. Mimulus cupreus differs significantly from the first three taxa in corolla shape as well as nectar characteristics, and had far fewer pollinator visits.",Floral coloration does not appear to be driven by changes in pollinator preference but rather by differences in floral structure and/or physiology that allow them to exploit diverse pollinator communities. This suggests that floral traits can evolve independently without affecting pollination success.,
25282550,Do children overestimate the extent of smoking among their peers?,"Social norms approaches (SNA) are based on the premise that we frequently overestimate risk behaviours among our peers. By conducting campaigns to reduce these misperceptions, SNAs aim to reduce risk behaviours. This study examines the extent to which 12 to 13year old pupils overestimate smoking among their peers and explores the appropriateness of using SNA in secondary schools to prevent smoking uptake. The extent of overestimation of smoking among peers was assessed through an on-line SNA questionnaire in five schools (n=595). Based on questionnaire results, pupils developed SNA campaigns in each school. Qualitative methods of focus groups (7), interviews (7) and observation were used to explore in-depth, from the perspective of staff and pupils, the appropriateness and feasibility of the SNA to prevent smoking uptake in secondary schools. A quarter of pupils, 25.9% (95% CI 25.6% to 26.1%) believed that most of their peers smoked, however, only 3% (95% CI 2.8% to 3.3%) reported that they actually did; a difference of 22.9% (95% CI 19.1% to 26.6%). Self-reported smoking was not significantly different between schools (X(2)=8.7 p=0.064), however, perceptions of year group smoking was significantly different across schools (X(2)=63.9 p<0.001). Qualitative analysis identified full school engagement, minimal teacher time requirements, pupils' belief in questionnaire results and understanding wider context, as key in optimising implementation.",Pupils do underestimate the prevalence of smoking within their peer group but this is not due to any lack of knowledge about smoking or its consequences. Instead it may be because they believe that others will also smoke if they don't. Using SNA can help raise awareness about the risks associated with smoking but requires careful consideration regarding how best to deliver the message.,
20139915,Is there an effect of perioperative blood pressure on intraoperative complications during phacoemulsification surgery under local anaesthesia?,"The practice of deferring phacoemulsification procedure on recording raised blood pressure (BP) in the immediate perioperative period is based on the perception of increased intraoperative risk. The significance of perioperative BP recordings on the surgical complications during phacoemulsification procedure was evaluated. Hairmyres Hospitals, Lanarkshire Acute Hospitals NHS Trust. Patients were classified as hypertensive on the basis of the British Hypertension Society Guidelines. BP recordings during preoperative assessment, admission, and 1-hour postoperatively were recorded in 734 hypertensives and 740 normotensives undergoing phacoemulsification procedure. In addition, BP recordings in the holding area before giving local anaesthesia were noted in the 734 hypertensives. Patient's peri- and intraoperative complications during the procedure were noted. The mean age was 72+/-10.5 years and 74+/-11.6 years among the hypertensives and normotensives. There was a significant increase in the number of hypertensives who developed isolated systolic hypertension in the holding area (95% confidence interval=2.82, P<0.001) where the mean BP was 171.38/78.31 mm Hg (+/-30.55/16.29). A total of 21 hypertensives and 18 normotensives developed intraoperative complications during the phacoemulsification procedure. There was no significant difference (P=0.41) in the intraoperative complications between the hypertensives and normotensives.",Perioperative BP readings do not appear to have any impact on the incidence or severity of intraoperative events following phacocemulson procedures performed with local anesthesia.,
27810153,Early prediction of tibial and femoral fracture healing: Are we reliable?,"To evaluate the ability of orthopaedic trauma subspecialists to predict early bony union in femoral and tibia shaft fractures. Eight orthopaedic trauma subspecialists prospectively predicted the probability of bony union at 6 and 12 weeks post-operatively for an aggregate of 48 femoral and tibial shaft fractures treated at a Level 1 trauma centre. An additional orthopaedic trauma subspecialist was blinded to treating surgeon and adjudicated healing at 18 weeks. The Squared-Error Skill Score (SESS) determined the likelihood of accurate forecasting for bony union. Nine patients were lost follow-up, resulting in 39 fractures (81.25% retention) including 20 femoral and 19 tibial fractures. Fourteen fractures were open, 15 were not-yet united at final follow-up. SESS values were 0.25-0.77. The ability to predict union (sensitivity) was 1.000. The ability to predict nonunions (specificity) was 0.330-0.500. The probability of a correct predicted union was 0.727 and correct predicted nonunion at final follow-up was 1.000. AO/OTA type A fractures pattern predictions were highly accurate. As body mass index increased, predictions trended toward decreased accuracy (p=0.06). Tobacco use, age, gender, associated injuries, open fractures, and surgeons' years in clinical practice were not associated with accuracy of predictions.",Early prediction of boney union is possible but requires careful attention to detail when making decisions about treatment options.,
17183618,Toll-like receptor-2 expression is upregulated in antigen-presenting cells from patients with psoriatic arthritis: a pathogenic role for innate immunity?,"To study Toll-like receptor-2 (TLR-2) and TLR-4 expression in antigen-presenting cells from patients with psoriatic arthritis (PsA). We measured expression of TLR-2 and TLR-4 in monocyte-derived dendritic cells from patients with PsA and with rheumatoid arthritis (RA), and in healthy controls. Dendritic cells were obtained from freshly isolated monocytes, stimulated with granulocyte macrophage-colony stimulating factor (GM-CSF) and interleukin 4 (IL-4) after 6 days in culture. To obtain mature dendritic cells, lipopolysaccharide stimulation and 2 additional days in culture were necessary. The expression of TLR-2, TLR-4, HLA-DR, and CD86 was studied at baseline, at 6 days, and at 8 days by flow cytometry. To establish the functional properties of TLR expression we studied the following cytokines in cell supernatants: tumor necrosis factor-alpha (TNF-alpha), interferon-gamma (IFN-gamma), IL-2, IL-4, IL-5, IL-10, IL-12, IL-13, and GM-CSF. TLR-2 expression was confirmed by Western blot analysis. Ten PsA patients with active disease and 8 healthy controls were studied, along with 4 patients with RA. TLR-2 expression was increased in immature dendritic cells from patients with PsA. Monocytes and mature dendritic cells did not show statistically significant differences. No difference was observed in the expression of TLR-4 in any cell type. The supernatant expression of cytokines showed a Th1 pattern, mostly with increased expression of TNF-alpha, IFN-gamma, and IL-2. Western blot analysis confirmed the increased expression of TLR-2.",Toll-like receptors play an important role in initiating immune responses against pathogens such as bacteria or viruses. Our results suggest that this mechanism may also be involved in the development of autoimmune diseases like PsA where there is an overexpression of these molecules.,
26679346,Early surgery in Crohn's disease patients with entero-urinary fistulas: does it change the prognosis?,"Entero-urinary fistulas (EUF) are observed in only 2-8% of Crohn's disease (CD) patients.AIM: To compare the outcome of patients with EUF, after surgical treatment, with those with non-penetrating and non-stenosing, penetrating, and stenosing phenotypes (B1, B2, and B3 phenotypes). Case-control study of 21 CD patients with EUF submitted to surgical treatment. Each patient with EUF was compared with six patients, two of each group: B1, B2, and B3 phenotypes. They were randomly selected from inflammatory bowel disease database and had the same extent of disease, smoking status, perianal disease, and age at diagnosis. One hundred and forty-seven patients were included (n = 21 EUF; n = 42 of each group B1, B2, and B3). Comparing B3 group with EUF, the former was more steroid-dependent and resistant (54.8% versus 19.0%, p = 0.037) and needed anti-TNF therapy more frequently (59.5% versus 23.8%, p = 0.004). Moreover, B3 patients had a poorer response to anti-TNF therapy without remission free of steroid therapy in comparison with EUF patients (45.2% versus 95.2%, p < 0.001). EUF patients did not differ from B2 group regarding anti-TNF therapy (p = 0.956) and steroid-dependence or resistance (p = 0.141). Surgery rate after index surgery was inferior in EUF in comparison with B2 and B3 groups. Hospital admission rate of patients with EUF was also lower than the B3 group.",Surgical intervention is recommended for all patients presenting with EUFs but should be performed early when possible.,
20950917,Is dental treatment of an infected tooth a risk factor for locally invasive spread of infection?,"To determine the impact of antecedent dental procedures and dental health on the course of odontogenic maxillofacial infections requiring hospital care. In this retrospective cohort study in a referral center, we evaluated medical records and panoramic radiographs of all patients admitted because of odontogenic maxillofacial infection (n = 84). The predictor variables were preceding dental treatment, antimicrobial therapy, and dental health. The outcome variables comprised infection parameters, length of stay, need for intensive care, and management during hospitalization. The mean age of the patients was 43.2 ± 16.5 years and 60% were men. Dental procedure preceded the spread of the infection in 49 cases (58%): endodontic treatment (n = 22), tooth extraction (n = 19), and minor first aid (n = 8). Twenty-seven patients had not received any dental or antimicrobial treatment in the recent past. Antimicrobial treatment alone had been given to 8 patients. Patients without preceding treatment had the highest C-reactive protein levels on admission and at maximum (P = .020 and P = .011) and the highest white blood cell counts on admission (P = .011). Their length of stay was also longer, and they needed intensive care more often than the other patients. Maximum C-reactive protein levels and white blood cell counts between treatment groups did not significantly differ from each other.",Dental procedures may contribute to the development of localizing infections by delaying initial antibiotic administration. Further studies should investigate whether these events can be prevented by early intervention with antibiotics.,
20192958,Neoadjuvant chemotherapy: a new criterion for selection of candidate patients for surgery of low tumour burden metastases from malignant melanoma?,Surgery of limited metastatic lesions from malignant melanoma can achieve long-term remission and better survival than chemotherapy. Existing criteria for selection of candidate patients for this surgery do not seem sufficient to avoid useless excisions. To test use of neoadjuvant chemotherapy as a new criterion in this setting. All patients who underwent thoracic surgery for one or two lung metastases from melanoma during 1999-2007 were included in the study. Demographic and medical data were collected and analysed. Several possible prognostic factors were evaluated based on the overall survival curves. Thirteen patients were included in this retrospective study. All but two patients had no evidence of disease after surgery. Ten patients received neoadjuvant chemotherapy. Six responded (absence of progression) and four had progressive disease. Response to chemotherapy and no evidence of disease after surgery were predictive of long-term survival.,Neoadjuvent chemotherapy appears to be an effective way to select candidates for surgical treatment of small lung metastasis from malignant tumors. It may also help reduce unnecessary surgeries by improving prognosis before they occur. Further studies should investigate whether these results apply to other types of cancer as well.,
26692180,Vaginal progesterone combined with cervical pessary: A chance for pregnancies at risk for preterm birth?,"Precocious cervical ripening, as defined by cervical shortening on transvaginal sonography, has prompted a broad evaluation of secondary strategies (such as cerclage, vaginal progesterone, or a cervical pessary) to prevent preterm delivery. However, there is still a lack of direct comparisons between individual treatments or their combinations. We sought to compare at-risk patients and screening patients who had been treated with cervical pessary alone with patients who had been treated with pessary plus vaginal progesterone. This is a pre- and postintervention cohort study from a preterm labor clinic where placement of a cervical pessary has been the standard treatment since 2008 for at-risk women defined by (1) a history of spontaneous preterm birth at<37 weeks of gestation, (2) conization, or (3) a cerclage because of a previous short cervical length of<3rd percentile and, additionally, with a cervical length of<10th percentile in the ongoing pregnancy. Patients who did not meet the criteria for the ""at risk"" group, but who had a cervical length of<3rd percentile comprised the screening group. From July 2011 onward, vaginal progesterone (200 mg, suppositories) was prescribed in addition to the pessary. Both at-risk patients (n = 55) and screening patients (n = 51) were treated at the time of diagnosis. The primary outcome was the rate of preterm deliveries at<34 weeks of gestation. Secondary outcomes included deliveries at<28,<32, and<37 weeks of gestation, the days from start of therapy until delivery, a composite index of neonatal outcome, and the number of days in the neonatal intensive care unit. Primary and secondary outcomes were compared between groups with the use of multivariable models to adjust for possible confounders. Delivery at<34 weeks of gestation occurred in 17 of 53 patients (32.1%) who were treated with pessary plus progesterone, compared with 13 of 53 patients (24.5%) who were treated with pessary alone (P = .57). Similarly, there was no difference in the rate of preterm delivery at<28,<32, or<37 weeks of gestation. The composite poor neonatal outcome was 15.1% in the pessary group vs 18.9% in the combined group (P = .96). The mean duration of stay in the neonatal intensive care unit was 46.5 days (range, 9-130 days) in the combined vs 52.0 days (range, 3-151 days) in the pessary group (P<.001).",Vaginal progestin administration does not appear to be effective in preventing premature births among those considered at high risk due to cervical dysgenesis.,
19226381,Efficacy of entecavir treatment for lamivudine-resistant hepatitis B over 3 years: histological improvement or entecavir resistance?,"Long-term lamivudine therapy is required for patients with chronic hepatitis B, because hepatitis reappears frequently after it has withdrawn. However, hepatitis B virus (HBV) mutants resistant to lamivudine emerge frequently accompanied by breakthrough hepatitis. Effects of entecavir were evaluated in 19 patients who had developed breakthrough hepatitis during lamivudine therapy for longer than 5 years. This study is a subgroup analysis of a previously reported study. Entecavir, in either 0.5 or 1.0 mg/day doses, was given to 10 and nine patients for 52 weeks, respectively, and then all received 1.0 mg/day entecavir for an additional 68-92 weeks. There were no differences in biochemical and virological responses in the two groups of patients with respect to the two different initial doses of entecavir. Serum levels of alanine aminotransferase were normalized in 17 (90%) patients, and hepatitis B e antigen (HBeAg) disappeared from the serum in two (14%) of the 14 patients who were HBeAg-positive before. Furthermore, a decrease in histological activity index score greater than 2 points was achieved in nine of the 11 (82%) patients in whom annual liver biopsies were performed during 3 years while they received entecavir. HBV mutants resistant to entecavir emerged in five of the 19 (26%) patients, and hepatitis flare occurred in two of them (40%).",Entecaviral therapy appears effective against both early and late-stage HBVs that have been resistant to other antiviral agents such as lamivurdines. However it may be necessary to continue lamivurundins even if there is no sign of recovery from acute infection.,
15146337,Is bipolar I disorder heterogeneous?,"The question whether bipolar I disorder should be subdivided into a preponderantly manic group (M) with no depression or only mild depression (Md) and a nuclear manic-depressive group (MD) has been rarely studied although the problem was raised more than 50 years ago. This paper seeks to elucidate this question by contributing further data. 406 patients with mood disorders hospitalised at some time during the period 1959-1963 were followed-up every five years until 1985; mortality data were collected up to 1997. Data on episodes, outcome, suicides and attempted suicides, alcohol and substance abuse/dependence and long-term medication, as well as on personality (melancholic and manic type) were collected. Major mood disorders were subclassified according to their hospitalisation for depression (D) and/or mania (M). 30 manic patients (M/Md), 130 bipolar I (MD), 60 bipolar II patients (Dm) and 186 major depressive patients (D) were compared. The manic group differed from the bipolar I group in several variables: better school achievement, milder course of the illness (fewer recurrences), significantly less suicidality and a trend to less chronicity and more recovery. Manic patients required less long-term medication than bipolars and they differed in personality types from bipolars, the personality of manic patients being more often of the manic rather than the melancholic type, they were also more aggressive than bipolars. The family history data showed that the overall morbidity risk of first degree relatives of manic patients was significantly lower than that of bipolar patients.",Bipolar I is not an homogeneous disease but it appears to have different aspects depending upon whether one considers it as a single entity or as two separate entities: M/D and MD/D. Bipolar I may therefore benefit from stratification based on these criteria.,
19710679,"Does skin cleansing with chlorhexidine affect skin condition, temperature and colonization in hospitalized preterm low birth weight infants?","To examine if single skin cleansing with 0.25% chlorhexidine affects skin condition, temperature and bacterial colonization in stable preterm (28-36 weeks gestational age) low birth weight (1001-2000 g) infants admitted in a health facility. Eligible infants were randomized within 3 h of birth into the following three groups: chlorhexidine, normal saline or no skin cleansing. Infants in the first two groups were wiped once with baby wipes containing either 0.25% chlorhexidine or saline. Skin condition, axillary temperature and skin colonization rates in the axilla and the groin were assessed at specified time intervals after intervention. In all, 60 infants were included in the study (20 in each group). Median skin condition scores at 72 and 168 h after the intervention were 2 and 2, respectively, in all three groups. At 30 min after skin cleansing, two infants each in the chlorhexidine and saline cleansing groups and none in the no cleansing group experienced cold stress (36-36.4 degrees C). There was, however, no difference in mean skin temperature of the groups (36.6 degrees C). At 24 h, skin colonization rates in the axilla were 22.2, 52.7, and 57.9%, respectively, in the chlorhexidine, saline and no cleansing groups (P=0.06); skin cleansing with chlorhexidine reduced the incidence of colonization by 62% compared with no cleansing (relative risk (RR): 0.38, 95% confidence interval (CI): 0.15, 0.98), but there was no significant reduction when compared with saline cleansing (RR: 0.42; 0.16-1.10). Axillary colonization rates at 72 h and colonization at the groin at 24 and 72 h were not significantly different across the three groups.",Single application of chlorhexidines does not appear to be effective for improving skin conditions or reducing axilial colonization rates among these infants.,
15209580,Mechanisms for enlarging lesion size during irrigated tip radiofrequency ablation: is there a virtual electrode effect?,"Irrigated tip radiofrequency ablation of cardiac arrhythmias was developed to increase the size of the radiofrequency-induced lesion, since cooling of the electrode tip allows use of higher power settings. The purpose of this study was to determine if the increased lesion size during irrigated tip ablation is caused by the cooling effect solely or if increased electrical conductivity around the tip also contributes by increasing the ""current-delivering size"" of the tip: the so-called ""virtual electrode effect."" In vitro strips of left ventricular porcine myocardium and in vivo canine left ventricles were ablated. In vitro closed loop tip and showerhead irrigated tip catheters were compared. In vitro and in vivo showerhead tip catheters irrigated with solutions having different ionic content were compared. We found no difference in lesion size for closed loop and showerhead-type catheters (998 +/- 345 vs. 811 +/- 313 mm(3) during power-controlled ablation and 227 +/- 76 vs 318 +/- 127 mm(3) during temperature-controlled ablation). For irrigation with liquids having increasing ionic strength we found a decrease in lesion volume in vitro (361 +/- 249 vs. 812 +/- 229 mm(3) (P<0.001) for power-controlled and 156 +/- 78 vs. 318 +/- 127 mm(3) (P<0.05) for temperature-controlled ablation and nonsignificant differences in vivo.",The results suggest that both the current delivery mechanism as well as the electrical properties surrounding the tip contribute to enlarge the lesion size when irrigating it with saline solution. This finding may have implications for future development of new techniques for treating heart disease.,
10970680,Anticipatory symptoms and anticipatory immune responses in pediatric cancer patients receiving chemotherapy: features of a classically conditioned response?,"There is considerable evidence from studies in adult patients that classical conditioning contributes to anticipatory nausea and/or vomiting (ANV) in cancer chemotherapy: The stimuli predicting the infusion serve as conditioned stimuli (CS). When reexposed to the CS, some patients experience ANV prior to infusion onset. In adult patients, anticipatory immunomodulation (AIM) has also been observed. The present study examines whether ANV and AIM occur in pediatric cancer patients and whether they show features of a conditioned response. Nineteen pediatric cancer patients (M = 10.1 years,>2 previous chemotherapies) were studied over two consecutive cycles (A, B). In both cycles, self-reported symptoms, for example nausea and vomiting, were recorded from two days prior to the onset (Day -2), during infusion, and two days after the end of the infusion (Day +2). In Cycle B, blood was drawn at home at Day -2, and at Day 0 in the hospital prior to infusion onset, thus using a quasi-experimental variation of the CS content of the environment. Immune parameters valid for tumor defense and cytotoxic competence (natural killer cell activity [NKCA], plasma interleukin [IL]-1beta, IL-2, IL-10, interferon [IFN]-gamma, tumor necrosis factor [TNF]-alpha) and cortisol were measured. ANV was reported by 7 patients in at least one cycle. In Cycle A, ANV was positively associated with emetogenity of chemotherapy. Features of ANV-duration and occurrence-tended to be positively associated with those of posttreatment nausea and vomiting. AN increased as infusion onset time approached. NKCA and IFN-gamma increased from home to hospital, independent from cortisol level. The NKCA increase was predominantly observed in patients with ANV.",Anticipatory ANV may represent an early manifestation of adverse effects caused by chemotherapy. It could therefore be considered part of the overall treatment plan.,
11903088,Allergy and childhood epilepsy: a close relationship?,"The possibility that certain foods or allergens may induce convulsions has already been reported in the literature. None of the relevant studies has, however, shown a close correlation between allergy and epilepsy, most reports being anecdotal and open to various causal hypotheses. The case-control study reported here was undertaken to test the hypothesis that epilepsy is linked to allergy. Seventy-two epileptic children and a group of 202 controls in the same age bracket were investigated for allergy together with their immediate families. The study revealed significantly higher rates of eczema in the mothers and rhinitis in the siblings of the patients studied as well as generally higher incidence of allergic pathologies in both of these groups with respect to the relevant controls. A significantly higher incidence of allergy to cow's milk and asthma was also documented in the epileptic children with respect to the control group. Prick tests gave a significantly higher rate of positive results for cow's milk proteins in the cases examined with respect to the controls. The total serum IgE of a random sample of cases and controls showed no difference in mean values.",Our findings suggest that there exists an association between allergies and seizures but it cannot be concluded from this data whether this association is due to common causes such as genetic factors or environmental ones. Further investigations should focus on identifying specific allergenic substances responsible for inducing seizures in these patients.,
10984779,Pedicle morphology in thoracic adolescent idiopathic scoliosis: is pedicle fixation an anatomically viable technique?,"A radiographic study of thoracic pedicle anatomy in a group of adolescent idiopathic scoliosis (AIS) patients. To investigate the anatomic constraints of the thoracic pedicles and determine whether the local anatomy would routinely allow pedicle screw insertion at every level. In spite of the clinical successes reported with limited thoracic pedicle screw-rod constructs for thoracic AIS, controversy exists as to the safety of this technique. Twenty-nine patients with right thoracic AIS underwent preoperative thoracic CT scans and plain radiographs. Anatomic parameters were measured from T1 to T12. Information on 512 pedicles was obtained. The transverse width of the pedicles from T1 through T12 ranged from 4.6-8.25 mm. The medial pedicle to lateral rib wall transverse width from T1 through T2 ranged from 12.6 to 17.9 mm. Measured dimensions from the CT scans showed the actual pedicle width to be 1-2 mm larger than would have been predicted from the plain radiographs. Age, Risser grade, curve magnitude, and the amount of segmental axial rotation did not correlate with the morphology or size of the thoracic pedicles investigated. In no case would pedicle morphology have precluded the passage of a pedicle screw.","The anatomic limitations of the pediatric thoracic spine do not permit the use of pedicels as primary treatment options for these patients. However, they may still serve as adjunctive therapy when combined with other techniques such as kyphoplasty or fusion.",
20005433,Sclerosing mesenteritis: can it be a IgG4 dysimmune disease?,"Mesenteric panniculitis (MP), sclerotic mesenteritis (SM) and mesenteric lipodystrophy (ML) are the three histopathological forms of a rare inflammatory mesenteric disease. The pathogenesis is unknown until now. Hypothesis of a dysimmune disorder is advocated. Our purpose was to find histological basis to assert this hypothesis. All patients with a diagnosis of inflammatory mesenteric disease made in Beaujon hospital were selected. A histological study and a systematic immunostaining with IgG4, CD3 and CD8 antibodies were performed for each patient with paraffin block available. Dysimmune features were defined by: a plasma cells component>30 %, an eosinophilic polynuclears component>10 %, a rate TCD8/CD3>30 % and IgG4+ plasma cells>30/high power field (x400). Cases were classified in 3 forms on the basis of the predominant component: MP (lymphoid/plasma cell infiltrate), SM (fibrosis), ML (fat necrosis). Thirteen patients (7 men, 6 women) were selected, with a mean age of 57 years (21-80 years); a paraffin block was available for 10 patients. The clinical and histological presentations were heterogeneous: a mesenteric mass was the most frequent mode of revelation (6/13 patients) and all histological forms were present (3 MP, 5 SM and 5 ML). Nine patients had surgical biopsy, 2 had a trephine biopsy and 2 a resection. Standard histological analysis showed numerous eosinophils (>or =10 %) and plasma cells (>30 %) in respectively 3 (23 %) and 6 (46 %) of the 13 cases. The immunohistochemistry (performed in 10 patients) showed numerous TCD8+ in 80 % of the cases and numerous IgG4+ plasma cells in only 31 % of the cases (4 cases) (IgG4+>30/x400).",The histologic findings suggest that these diseases may represent a type of dysimmune process involving both immune cells and fibroblasts.,
15494257,Routine lumbar puncture in children with febrile seizures in Ghana: should it continue?,"Performing routine lumbar punctures in children with febrile seizures has been controversial. This study aimed to determine the positive yield of lumbar punctures in a setting where routine lumbar puncture is routinely carried out and to determine if any other parameter could help differentiate bacterial meningitis from the various other diagnoses of children who presented with a febrile seizure. A prospective study was carried out among children aged three months to 15 years of age, hospitalized at the Komfo Anokye Teaching Hospital in Kumasi, Ghana, between July and August 2000. There was a 10.2% (n = 19) positive yield for bacterial meningitis with a case fatality rate of 36.8% (n = 7). Cerebral malaria, which is not easily distinguishable from bacterial meningitis, accounted for 16.1% (n = 30) of the children. Twenty percent of bacterial meningitis patients had a positive blood smear for malaria. The indication for doing a lumbar puncture was similar in both cerebral malaria and bacterial meningitis patients. Signs of meningism were not the primary reason for carrying out a lumbar puncture, even in the group of children who had bacterial meningitis.","Routine lumbar puncution remains necessary when there is suspicion that a child may have bacterial meningocci or other causes of fever but does not respond well to treatment with antibiotics. However, we do not believe that this procedure should be performed unnecessarily as many cases will resolve spontaneously without requiring further investigation.",
11494713,Putative chromophobe cell renal carcinoma: are they or are they not?,"According to the literature, the typical histological findings and simple colloidal iron staining permit the identification of chromophobe cell renal carcinoma, a genetically well-established entity. Our doubts on whether this tumor type can be recognized by conventional methods are presented in this study. 130 cases of renal carcinoma were treated from 1977 to 1997. Of these, 12 showed characteristic general histological features compatible with chromophobe cell renal carcinoma and reticulated and intense, diffuse cytoplasmic positivity on colloidal iron staining. These tumors were reviewed for the following: 1) gross appearance, 2) architecture, 3) cytoplasmic characteristics, 4) nuclear characteristics, 5) colloidal iron histochemical staining which is considered fundamental and exclusive, 6) immunohistochemical phenotype. Ultrastructural study of material fixed in paraffin was also performed. One case met all 6 criteria, 3 met 5 of them, 6 cases met 4, and 2 cases met 3 of the criteria. The ultrastructural study was not useful in making the diagnosis due to the poor quality of the material.","The presence of characteristic histologic features does not allow us to consider these tumors as belonging to the group of chromophobic cells. However, their appearance may help differentiate them from other types of renal cancer.",
19016273,Are antidepressants warranted in the treatment of patients who present suicidal behavior?,"The aim of the study was to ascertain the clinical course of patients admitted to a psychiatric intensive care unit (PICU) just after a suicide attempt (SA) and to evaluate the effectiveness of 2nd generation antipsychotics and mood stabilizers in these patients. We examined all the 129 patients discharged in a three-year period, who had been admitted after a SA and considered in the analysis the 82 cases non-transferred (in the first 72 h) to other PICUs for administrative or logistic reasons. Among them, 47 received a complete neuropsychiatric assessment. We distinguished between patients who had been treated with Antidepressants (AD) or not in the three months preceding hospitalization. We treated all patients with mood stabilizers and 2nd generation antipsychotics. Only one patient was treated with AD in the course of current hospitalization. Both cases treated and not treated with AD before admission improved significantly, especially in symptoms of anxiety and depression, as well as in suicidality. The suicidal risk abated without AD treatment.","Antidepressant therapy seems appropriate when there is no response to other treatments but also if it can be used as an alternative to other medications. In our experience, this approach has led to better outcomes than those obtained by treating only with mood-stabilizing drugs.",
19012620,Oral lichen planus: a condition with more persistence and extra-oral involvement than suspected?,"Lichen planus is a relatively common and often studied chronic mucocutaneous condition. Reports detailing certain aspects relevant to patients affected have been lacking or inconsistent. A questionnaire-based survey was employed to assess the duration of oral lesions and the prevalence of self-reported potential extra-oral manifestations associated with oral lichen planus in 87 patients. All patients had recognized clinical features of oral lichen planus, and most had had histopathological confirmation following oral biopsy. We report the findings of a preliminary survey which assessed the duration of oral lesions and the prevalence of extra-oral lesions consistent with lichen planus in patients presenting with oral lesions. The study confirmed the chronic nature of oral lichen planus and the rarity of spontaneous resolution. Most subjects had experienced symptoms for one to ten years (66 patients; 75.8%). Approximately 40% (36 patients) of the sample reported clinical features suggestive of extra-oral manifestations of lichen planus by the time that their oral lesions were apparent. The most commonly reported extra-oral manifestations involved the nails (27.6%, 24 patients). 25.3% (22 patients) reported a persistently sore throat suggestive of oesophageal or pharyngeal involvement. Skin (17.2%, 11 patients), and genital (10.3%, 9 patients) involvement was relatively infrequently reported. Most patients reported extra-oral lesions at only one site.",The results suggest that there may be an increased incidence of extra-orally related manifestations among those who present with oral disease. Further studies should investigate whether these can serve as markers for diagnosis or prognosis.,
19550354,Edge-to-edge technique: is it also useful in children?,"Mitral valve prolapse is a rare condition and represents a challenge for cardiac surgeons. Many techniques have been described to treat the wide spectrum of abnormalities causing mitral valve regurgitation but the low incidence of these abnormalities is the cause of the relatively poor experience of many institutions. From April 2005 to September 2006, five patients underwent isolated mitral valve repair with the edge-to-edge technique for anterior or bileaflet prolapse. Three patients also had a Gore-Tex strip to reinforce the posterior annulus, whereas two had a 26-size soft incomplete ring annuloplasty. There was no death and none of the patients required reoperation. None of the patients had mitral regurgitation more than 1+ at a mean follow-up of 30 months. None of the patients had mitral stenosis or any valve-related event.",Edge-to-edge mitral repair appears to be an effective method for treating all types of mitral valves without requiring additional surgical intervention. It may therefore become an accepted standard procedure for this patient population.,
12849662,Statins enhance postischemic hyperemia in the skin circulation of hypercholesterolemic patients: a monitoring test of endothelial dysfunction for clinical practice?,"The present study aims to investigate whether laser Doppler flowmetry can be used to monitor improvements in vascular function during statin therapy. Endothelial dysfunction is an early feature of atherosclerosis in hypercholesterolemic patients and can be improved by statins. There are several methods to assess endothelial function in vivo, none of them being feasible in everyday practice. Skin perfusion, measured by laser Doppler flowmetry, was assessed at rest and during reactive hyperemia. Nineteen hypercholesterolemic patients (age 42 to 73 years, total cholesterol 5.4 to 9.6 mmol/l) were studied before and during statin therapy. To further investigate the mechanisms, postischemic skin hyperemia was measured before and after intradermal injection of the nitric oxide synthase inhibitor L-NAME and its inactive isoform D-NAME (0.5 micromol/10 microl each). On a separate day, the healthy volunteers were reexamined before and 2 h after 1,000 mg aspirin. Postischemic skin blood flow was markedly reduced in hypercholesterolemic patients (45 +/- 11%) compared with healthy controls (238 +/- 20%, p<0.0001) and improved after statin therapy (113 +/- 15%, p = 0.0005 vs. pre-treatment). In the healthy volunteers, the hyperemic responses were not significantly different after L-NAME and D-NAME. Aspirin reduced hyperemia from 274 +/- 49% to 197 +/- 40% (p = 0.025).",Laser-Doppler Flowmetry may serve as an easy-to-use tool for assessing changes in endothelium's responsiveness to statins or other agents that improve cardiovascular health.,
21265938,Is a patient-administered depression rating scale valid for detecting cognitive deficits in patients with major depressive disorder?,"Although cognitive deficits are a common and potentially debilitating feature of major depressive disorder (MDD), such subjective declines in cognitive function are seldom validated by objective methods as a clinical routine. The aim of this study was to validate the Taiwanese Depression Questionnaire (TDQ) for detecting cognitive deficits in a sample of drug-free patients with MDD. The subjects consisted of 40 well-characterized medication-free patients with MDD and 40 healthy controls. Clinical and neuropsychological assessments, including the Wisconsin Card Sorting Test, the Wechsler Memory Scale-Revised, the Continuous Performance Test, and the Finger-Tapping Test, were administered at the time of recruitment. Factor analyses of the TDQ yielded three factors. Memory, attention and psychomotor performance were significantly poorer in patients with MDD. The performances of verbal and delayed memory of the Wechsler Memory Scale-Revised were correlated with the cognitive domains of the TDQ. Generalization of our results must be undertaken with caution considering the relatively small sample size, which could lead to increased β-error.",The findings suggest that the TD-Q may serve as an effective tool for identifying cognitive impairment among those who do not respond adequately to antidepressant therapy. Further studies should investigate whether these findings hold true across different populations.,
23197155,Diffusion-weighted MRI of lymphoma: prognostic utility and implications for PET/MRI?,"With the recent introduction of PET/MRI, we investigated whether diffusion-weighted imaging (DWI) can complement PET for predicting local treatment response in Hodgkin lymphoma. This retrospective study included 39 patients selected from a hospital database with a histological diagnosis of Hodgkin lymphoma undergoing whole-body MRI (supplemented by DWI) and PET/CT before and after two cycles of vincristine, etoposide, prednisolone and doxorubicin (OEPA). The pretreatment volume, MRI apparent diffusion coefficient (ADC) and PET maximum standardized uptake value (SUV(max)) of the largest nodal mass were determined quantitatively for evaluation of the local response following two cycles of OEPA. Quantitative pretreatment imaging biomarkers (disease volume, ADC, SUV(max)) were compared between sites with an adequate and those with an inadequate response using Fisher's exact test and Mann Whitney statistics. Multivariate models predictive of an inadequate response based on demographic/clinical features, pretreatment disease volume and SUV(max) without (model 1) and with (model 2) the addition of ADC were derived and crossvalidated. The ROC area under curve (AUC) was calculated for both models using the full dataset (training) and the crossvalidation (test) data. Sites with an adequate response had a significantly lower median pretreatment ADC (1.0 × 10(-3)mm(2)s(-1)) than those with an inadequate response (1.26 × 10(-3)mm(2)s(-1); p < 0.01). There were no significant differences in patient demographic/clinical parameters, pretreatment SUV(max) or pretreatment nodal volume between sites with inadequate and adequate response. The ROC-AUCs for prediction of an inadequate response for the training and test data for model 1 were 0.90 and 0.53, and for model 2 were 0.84 and 0.71, respectively.","Diffuse-uptake-weighting MRI is not associated with poor prognosis when used as part of standard therapy planning. However, it may be useful to evaluate responders prior to initiating chemotherapy if there is concern about their response.",
23748209,Infant ventricular fibrillation after ST-segment changes and QRS widening: a new cause of sudden infant death?,"Ventricular arrhythmia-related sudden cardiac arrest in infants with structurally normal hearts is rare. There have been no previously published reports of infants<3 months of age with ventricular fibrillation in which a primary diagnosis could not be defined. Retrospective chart review of 3 unrelated infants<2 months of age from 3 different tertiary care centers within the United States and Australia was conducted. All 3 infants survived sudden cardiac arrest secondary to multiple episodes of polymorphic ventricular tachycardia and ventricular fibrillation. Each infant demonstrated unique and transient ECG findings consisting of ST changes and QRS widening before arrhythmia onset, which have not been previously reported. Amiodarone, sedation, sodium channel-blocking agents, and ventricular pacing were effective in suppressing acute events. Despite thorough investigation, including genetic testing, the cause of ventricular arrhythmias in each of these infants remains unclear.",This case report suggests that there may be other causes for ventricular rhythm disturbances following acute myocardial infarction than previously thought. Further studies should investigate whether this phenomenon can occur as an isolated event or if it represents a more common pattern seen in some patients with structural heart disease.,
10973653,Do polycystic-appearing ovaries affect the risk of cardiovascular disease among women with polycystic ovary syndrome?,"To determine if polycystic-appearing ovaries (PAO) are associated with differences in risk factors for cardiovascular disease among women with polycystic ovary syndrome (PCOS). Case-control sub-study. Division of Reproductive Endocrinology, Magee-Womens Hospital.PATIENT(S): Women with PCOS (n = 63) and non-PCOS controls (n = 56). Transvaginal ultrasonography and single sample venipuncture.MAIN OUTCOME MEASURE(S): Ultrasound ovarian appearance, fasting insulin, lipoproteins, androgens, LH/FSH ratio, anthropomorphic measurements, and blood pressure.RESULT(S): Women with PCOS had higher androgen and fasting insulin levels, a more adverse lipid profile, greater waist-hip and LH/FSH ratios, and a larger ovarian volume than controls. Thirty-three percent of the cases with PCOS, but only 5% of controls, showed PAO on ultrasound study (P<.01). PCOS cases with and without PAO had comparable levels of fasting insulin, lipids, and blood pressures. PCOS cases with PAO had a higher LH/FSH ratio (P=.028), increased levels of serum androstenedione (P=.029) and testosterone (P=.055), and greater ovarian volume (P=.024) compared to non-PAO patients.",Polycystical ovaries may be an independent predictor of worse outcomes in women with PCOs.,
25797232,Mode of delivery of twin gestation with very low birthweight: is vaginal delivery safe?,"The purpose of this study was to determine whether planned vaginal delivery is associated with increased risk of perinatal death and morbidity in twin pregnancies that are complicated by a very low birthweight of the second twin. We conducted a retrospective cohort study of twin pregnancies in which the second twin's birthweight was ≤1500 g. One hundred ninety-three twin gestations met the study criteria; patients were classified into 2 groups according to the planned mode of delivery: (1) cesarean delivery (n = 142) and (2) vaginal delivery (n = 51). In the vaginal delivery group, 21 pairs were in cephalic-cephalic presentation at the time of delivery; 28 pairs were cephalic-noncephalic, and 2 pairs were noncephalic-noncephalic. Composite adverse neonatal outcome was defined as the presence of neonatal death, respiratory distress syndrome, sepsis, necrotizing enterocolitis, or intraventricular hemorrhage grade 3-4. Trial of vaginal delivery was successful for both twins in 90.5% of cephalic-cephalic twins and 96.4% in cephalic-noncephalic twins. The rate of intraventricular hemorrhage was significantly higher in the vaginal delivery group (29.4% vs 8.5%, respectively; P = .013; adjusted odds ratio [OR], 3.65; 95% confidence interval [CI], 1.32-10.1). The increased risk of intraventricular hemorrhage in the vaginal delivery groups was evident in both twin A (17.6% vs 7.0%; P = .029) and twin B (15.7% vs 4.9%; P = .014); however, these differences were not significant after adjustment for possible confounders (twin A: adjusted OR, 1.79; 95% CI, 0.58-5.55; twin B: adjusted OR, 2.13; 95% CI, 0.63-7.25). In addition, subgroup analysis revealed that both cephalic-cephalic and cephalic-noncephalic twins who were delivered vaginally had increased risk for intraventricular hemorrhage. There were no significant differences between the cesarean and vaginal delivery groups in the rates of Apgar score<7 at 5 minutes, arterial cord pH<7.1, composite adverse neonatal outcome, and neonatal mortality rate. However, the rate of respiratory distress syndrome was significantly lower in the vaginal delivery group (66.7% vs 69%; P = .042; OR, 0.34; 95% CI, 0.12-0.96).",Vaginal delivery appears to be safer than cesareans when there is a high probability that the second fetus will have a low birth weight.,
11772697,Antipsychotic medication adherence: is there a difference between typical and atypical agents?,"Pharmacy refill records were used to compare medication adherence in outpatient veterans receiving typical versus atypical antipsychotic medications. Consecutive patients meeting selection criteria and receiving prescriptions for haloperidol (N=57), perphenazine (N=60), risperidone (N=80), olanzapine (N=63), and quetiapine (N=28) over a 3-month period were identified from a computerized database. The hospital policy at the time of this study required failure in trials of at least two typical antipsychotics before initiation of an atypical agent. Patients' adherence with the antipsychotic regimen was calculated by analyzing refill records for up to 12 months. The cumulative mean gap ratio (the number of days when medication was unavailable in relation to the total number of days) and the compliant fill rate (the number of prescription fills indicating adherence in relation to the total number of prescription fills) at 6 and 12 months were calculated. Adherence rates at 6 and 12 months were moderately higher in patients who received atypical antipsychotics than in those who received typical agents. Cumulative mean gap ratios were 23.2% for typical and 14.1% for atypical antipsychotics at 12 months; thus, patients who received typical agents were without medication for an average of 7 days per month, compared with 4 days per month for those who received atypical agents. At 12 months, compliant fill rates were 50.1% for typical and 54.9% for atypical antipsychotics.",Adherence rates were lower among patients taking atypical than typical antipodes due primarily to longer gaps between drug discontinuation and subsequent availability of another dose. Compliant fill rates also appear to be different because they reflect more complete compliance rather than actual use. Further studies should investigate whether these differences can be explained by differences in patient characteristics or treatment outcomes.,
15606731,Sodium tetradecyl sulfate for sclerotherapy treatment of veins: is compounding pharmacy solution safe?,"The objective was to determine the composition of three available solutions of sodium tetradecyl sulfate from compounding pharmacies in comparison to pharmaceutical-grade sodium tetradecyl sulfate, Fibrovein (STD Pharmaceuticals, Ltd.). Solutions of 3% sodium tetradecyl sulfate were obtained from three compounding pharmacies. An analysis of their composition was performed. All samples of 3% sodium tetradecyl sulfate obtained had a different concentration of sodium tetradecyl sulfate than that stated on the bottle (range, 2.59%-3.39%). Significant concentrations of the contaminant carbitol were present in samples from all three sources (0.33%-4.18%).",Compounded sodium tetra-decylsulfate may not be suitable as an ingredient in sclerosing agents due to its high content of carboxylic acids which can cause irritation or even lead to toxicity if taken orally. The results suggest that these compounds should not be used as ingredients in any product containing sodium tetrasodium chloride.,
21792971,An evaluation of preservation of residual hearing using the suprameatal approach for cochlear implantation: can this implantation technique be used for preservation of residual hearing?,"The preservation of residual hearing has become a high priority in cochlear implant surgery. This study was designed to substantiate whether conservation of residual hearing can be preserved after cochlear implantation using the suprameatal approach. Retrospective chart review. Retrospective chart review was performed in 109 severely to profoundly hearing impaired cochlear recipients who had some measurable hearing preoperatively. Subsequently, the pre- and postoperative pure-tone thresholds were analyzed by three different analyses to observe the degree of hearing preservation. Single-subject results showed a complete conservation of residual hearing (change in pure-tone average [ΔPTA] ≤ 10 dB) in 27 of 109 patients (24.7%). Partial conservation of residual hearing (ΔPTA>10 dB) was observed in 77 patients (70.6%), but these percentages have been affected severely by ceiling effects. Furthermore, group-subject results demonstrated that the median postoperative PTA was 11.7 dB worse than the preoperative PTA. For individual frequencies, the median deteriorations were 15, 20, 10, and 5 dB at 250, 500, 1,000, and 2,000 Hz, respectively. Stratification for the absence of postoperative hearing thresholds showed a conservation of measurable postoperative hearing levels in 17.4% of all study patients.","In our experience, it appears possible to preserve some level of residual auditory function even when there is no significant improvement in hearing threshold levels following cochlear implants. However, further studies should investigate whether such an approach could also lead to improved quality of life or better functional outcomes.",
9494211,Is the profile of antihypertensive drug utilization justified?,"To describe the use of drugs to combat hypertension and to assess prescription in function of their counterindications to diuretics and beta blockers. A descriptive cross-sectional study by means of an outside audit of clinical records. 11 urban Health Districts opened before 1991. 326 histories of adult hyperintense patients under pharmacological treatment were chosen at random (June-December, 1994). Data were gathered on age, sex, present and former medication, reason for change, and counter-indications to diuretic or beta blocker treatments. Average age was 64.7 (SD 11.6); 66% were women. 437 active principles (AP) were used, of which Enalapril (68 patients) and Captopril (67) were the most common. 203 patients (62.3%; Cl 95%, 57.0-67.5) took one AP; 90 (27.6%; Cl 95%, 22.8-32.5) took two APs; 30 (9.2%), three APs; and 3 (0.9%), four APs. 47.8% of monotherapy was performed with ACE inhibitors; 27.6% with calcium antagonists; 15.3% with diuretics; 7.9% with beta blockers and 1.5% with alpha inhibitors. Diuretics were the drugs most commonly used in association.",The results suggest that there is no need to restrict the use or increase the dosage of any single class of antidiabetic agents unless they have been shown to be effective against other causes of morbidity and mortality.,
8336875,Class A1 gestational diabetes: a meaningful diagnosis?,"To compare pregnancy outcomes in women diagnosed as having class A1 gestational diabetes with those of a group with a normal 3-hour glucose tolerance test (GTT) to assess morbidities attributable to glucose intolerance. Selective 50-g GTT identified pregnant women who received a 3-hour GTT. Over a 16-month period, 159 women were diagnosed as having class A1 gestational diabetes according to the National Diabetes Data Group criteria. During the latter 12 months of this time period, 151 women who had a normal GTT result were identified for comparison. There were statistically significant differences in age and the development of peripartum hypertension in women with class A1 gestational diabetes compared with the normal 3-hour GTT group. There were no significant differences in any neonatal outcome variable, including percent delivering large for gestational age (LGA) neonates in women with A1 diabetes compared to controls. Overall, 111 (36%) of the 310 neonates were classified as LGA, a rate more than double that in the singleton population in our hospital. Maternal weight, parity, and a history of a previous macrosomic infant were significantly associated with LGA outcome. Mean maternal weight was the same in the two GTT groups, implying an independent effect on fetal size. Obstetric interventions were not significantly different between the groups, so differences in intervention could not account for the lack of difference in outcome variables. The impact of dietary counseling in the class A1 diabetic women is also an unlikely explanation for the lack of differences in outcome. Within the normal-GTT group, women with one abnormal 3-hour value had a frequency of LGA infants similar to that of women with all normal 3-hour GTT values. These results suggest that there is a selection effect of screening for glucose intolerance that may relate more to other risk factors for LGA outcome than to glucose intolerance. Maternal obesity is an independent and more potent risk factor for large infants than is glucose intolerance.",Classical definition of GDM should be revised to include cases presenting with severe pre-eclampsia or eclampsia before delivery. This will improve recognition of these patients and allow them to receive appropriate treatment prior to delivery.,
26237356,Does physical training reduce fatigue in sarcoidosis?,"Sarcoidosis patients frequently experience fatigue, exercise intolerance and muscle weakness, resulting in reduced quality of life (QOL). Scientific studies on the benefits of physical training in sarcoidosis have been scarce, so the aim of this pilot study was to examine the impact of a 13-week physical training program on fatigue, physical functions and QOL in fatigued sarcoidosis patients and/or patients with exercise intolerance. 18 sarcoidosis patients participated in a 13-week physical training program. The Fatigue Assessment Scale (FAS), World Health Organization Quality of Life-BREF assessment instrument (WHOQOL-BREF),Medical Research Council (MRC) dyspnea scale, Visual Analogue Scale (VAS), six-minute walk test (6MWT), submaximal bicycle test and muscle strength of the quadriceps and elbow flexors were assessed at baseline and after the program. FAS scores had decreased (mean difference -2.7 points, 95% CI -4.4 to -1.1) after completion of the training program, along with improvements in WHOQOLBREF psychological health domain (mean difference 0.9 points, 95% CI 0.2 to 1.7) and MRC dyspnea score (mean difference -0.4 points, 95% CI -0.8 to -0.1). 6MWD improved by 34.6 m (95% CI 20.3 to 49.0) and mean heart rate on the bicycle test improved (mean difference 8.4 beats/minute, 95% CI -13.8 to -3.0), as did quadriceps strength (mean difference 10.7 kg, 95% CI 5.5 to 15.9).",The results suggest that physical activity can be an effective tool for reducing symptoms of fatigue among patients with sarcoid disease or those who suffer from exercise-related disability. Further studies should investigate whether these findings apply also to other types of musculoskeletal disorders.,
20038881,Is PRP useful in alveolar cleft reconstruction?,"Cleft lip and palate is a congenital facial malformation with an established treatment protocol. Mixed dentition period is the best moment for correct maxillary bone defect with an alveoloplasty. The aim of this surgical procedure is to facilitate dental eruption, re-establish maxillary arch, close any oro-nasal communication, give support to nasal ala, and in some cases allow dental rehabilitation with osteointegrated implants. Twenty cleft patients who underwent secondary alveoloplasty were included. In 10 of them autogenous bone graft were used and in other 10 autogenous bone and platelet-rich plasma (PRP) obtained from autogenous blood. Bone formation was compared by digital orthopantomography made on immediate post-operatory and 3 and 6 months after the surgery. No significant differences were found between both therapeutic groups on bone regeneration.",In our experience PRPs have been effective in improving bone healing but they should be used sparingly as they may contain pathogens which could cause infection. Autografts seem more suitable because they do not require additional procedures such as antibiotics or antiseptic dressings.,
23358605,Endovascular treatment of diabetic foot in a selected population of patients with below-the-knee disease: is the angiosome model effective?,"To evaluate the efficacy of percutaneous transluminal angioplasty (PTA) in a selected population of diabetic patients with below-the-knee (BTK) disease and to analyze the reliability of the angiosome model. We made a retrospective analysis of the results of PTA performed in 201 diabetic patients with BTK-only disease treated at our institute from January 2005 to December 2011. We evaluated the postoperative technical success, and at 1, 6, and 12 months' follow-up, we assessed the rates and values of partial and complete ulcer healing, restenosis, major and minor amputation, limb salvage, and percutaneous oximetry (TcPO2) (Student's t test). We used the angiosome model to compare different clinicolaboratory outcomes in patients treated by direct revascularization (DR) from patients treated with indirect revascularization (IR) technique by Student's t test and the χ(2) test. At a mean ± standard deviation follow-up of 17.5 ± 12 months, we observed a mortality rate of 3.5 %, a major amputation rate of 9.4 %, and a limb salvage rate of 87 % with a statistically significant increase of TcPO2 values at follow-up compared to baseline (p<0.05). In 34 patients, treatment was performed with the IR technique and in 167 by DR; in both groups, there was a statistically significant increase of TcPO2 values at follow-up compared to baseline (p<0.05), without statistically significant differences in therapeutic efficacy.",The use of the Angiostat Model has been shown to be safe and efficient when performing PTA on patients with diabetes mellitus who have no other alternative options for vascular repair.,
24878584,Is exercise used as medicine?,"To determine the association between meeting strength training guidelines (≥2 times per week) and the presence of functional limitations among older adults. This cross-sectional study used data from older adult participants (N=6763) of the National Health Interview Survey conducted in 2011 in the United States. Overall, 16.1% of older adults reported meeting strength training guidelines. For each of nine functional limitations, those with the limitation were less likely to meet strength training recommendations than those without the limitation. For example, 20.0% of those who reported no difficulty walking one-quarter mile met strength training guidelines, versus only 10.1% of those who reported difficulty (p<.001). In sum, 21.7% of those with no limitations (33.7% of sample) met strength training guidelines, versus only 15.9% of those reporting 1-4 limitations (38.5% of sample) and 9.8% of those reporting 5-9 limitations (27.8% of sample) (p<.001).",Exercise is not recommended for all individuals with functional limitations but may be helpful when combined with other interventions such as physical activity programs or cognitive-behavioral therapy. Further studies should investigate whether exercise can improve quality of life among older people with disabilities.,
25890778,Are third-trimester adipokines associated with higher metabolic risk among women with gestational diabetes?,"A total of 221 women with GDM (according to IADPSG criteria) were enrolled between 2011/11 and 2013/6 into a prospective observational study (IMAGE), and categorized as having elevated fasting blood glucose (FBG) or impaired fasting glucose (IFG, n = 36) if levels were ≥ 92 mg/dL during a 75-g oral glucose tolerance test (OGTT), impaired glucose tolerance (IGT, n = 116) if FBG was<92 mg/dL but with elevated 1-h or 2-h OGTT values, or impaired fasting and stimulated blood glucose (IFSG, n = 69) if both FBG was ≥ 92 mg/dL and 1-h or 2-h OGTT values were elevated. Pre-gestational body mass index (BMI) was higher in women with IFG or IFSG compared with IGT (P<0.001), as were leptin levels in women with IFG vs IGT [34.7 (10.5-119.7) vs 26.6 (3.56-79.4) ng/L; P = 0.008]. HOMA2-IR scores were higher in women with IFG or IFSG vs IGT (1.87 ± 1.2 or 1.72 ± 0.9 vs 1.18 ± 0.8, respectively; P<0.001). Also, those with IFSG vs those with IGT had significantly lower HOMA2-B scores (111.4 ± 41.3 vs 127.1 ± 61.6, respectively; P<0.05) and adiponectin levels [5.00 (1.11-11.3) vs 6.19 (2.11-17.7) μg/mL; P<0.001], and higher levels of IL-6 [1.14 (0.33-20.0) vs 0.90 (0.31-19.0); P = 0.012]and TNF-α [0.99 (0.50-10.5) vs 0.84 (0.45-11.5) pg/mL; P = 0.003]. After adjusting for age, parity, and pre-gestational and gestational BMI, the difference in adiponectin levels remained significant.",Women with IFGS have higher levels than those with IGTS and IGGs of several adipokine biomarkers that may contribute to their increased risk of developing type 2 diabetes mellitus later in life.,
24287578,Does prior acupuncture exposure affect perception of blinded real or sham acupuncture?,"To determine if acupuncture-exposed and naïve participants differ in their perceptions of real and sham acupuncture under blinded conditions. The setting was an outpatient clinic at the Colorado School of Traditional Chinese Medicine. Participants were between the ages of 18 and 90 years. Acupuncture-exposed participants had at least five prior acupuncture treatments, with one treatment in the month prior to the study date. Acupuncture-naïve participants had experienced no prior acupuncture treatments. Participants with dementia, cognitive impairment, or neuropathy were excluded. In total, 61 acupuncture-exposed and 59 acupuncture-naïve participants were blindfolded and received either real acupuncture or toothpick sham acupuncture treatment. Following treatment, participants completed a questionnaire rating the realness of the acupuncture and were asked how they made this determination. We used a previously developed scale rating treatments from 1 (definitely real needle) to 5 (definitely imitation needle) to assess outcome. Perceptions of the real treatment were rated as more real than sham treatments for all participants. Further analysis revealed that prior acupuncture exposure did not influence ratings of real treatments, but exposed participants rated sham treatments as significantly less real than naïve participants.",Prior experience with acupuncture does not appear to have any effect on perceived realism when receiving real versus sham acupuncture. This finding suggests that there may be some benefit to providing patients with information about what they will receive before receiving it.,
16485631,1993 2003 gender differences in coronary artery revascularization: has anything changed?,"Gender differences abound in patients undergoing coronary artery bypass graft (CABG) surgery. Most research was conducted in the early 1 990s. It is unknown if gender differences have diminished over time. To determine whether gender differences exist in the current era of CABG surgery by examining preoperative, intraoperative, and postoperative factors known to affect outcomes. In this descriptive, correlational study of all patients undergoing primary, isolated CABG at a large, urban Midwestern healthcare center, data in 1993 and 2003 were analyzed to determine if gender and time differences existed and if there was a time and gender interaction effect. Trained nurses prospectively collected data during the index hospitalization for the institution's Cardiovascular Information Registry. 2,200 patients were studied; women accounted for one-fourth of the sample. Age over 65 years; current smoking; presence of hypertension, cerebrovascular accident; and insulin-dependent diabetes; symptomatic heart failure and chest pain were significantly associated with female gender (all P' s<.001). Intraoperatively, internal mammary arteries were used less as a graft conduit in women (P<.001); gender differences were most pronounced in patients requiring 2 bypass grafts. Postoperatively, cardiac pump failure and median hospital stay were greater in women (both P' s<.001); however, both decreased over time.",The results suggest that gender may still play an important role in determining which patient will benefit most from CABG treatment. Further studies should investigate how these differences might be explained by other factors such as age or comorbidities.,
19793477,Does route of hysterectomy affect outcome in obese and nonobese women?,"Our objective was to compare the surgical outcomes of obese women having hysterectomy according to the route (abdominal, vaginal, or laparoscopic) of the procedure. A chart review of 293 hysterectomy procedures was performed. Data were collected including operative and anesthesia time, estimated blood loss, change in hematocrit, hospital stay, complications, conversion to laparotomy, transfusion, and body mass index. An analysis of variance and a Newman-Keuls Multiple Comparison test were performed. Obese women experienced a significant decrease in hospital days (2.5 versus 4.2) and reported blood loss (204 mL versus 455 mL) in the laparoscopic hysterectomy and vaginal hysterectomy groups compared with the abdominal hysterectomy group. No significant difference was found in obese women between laparoscopic and abdominal hysterectomy for time spent in surgery and under anesthesia. For obese and normal weight women, vaginal hysterectomy offered the shortest surgery, anesthesia times, and hospital stays.",Vaginal hysterectomies appear to be an appropriate option for obese patients but should not be considered as first choice because they involve longer operating times and higher levels of morbidity than other options.,
18267331,Can prostate-specific antigen and prostate-specific antigen velocity be used for prostate cancer screening in men older than 70 years?,"We evaluated the lower threshold of prostate-specific antigen (PSA) and prostate-specific antigen velocity (PSAV) in a population of men over 70 years of age. Between January 1988 and December 2005, 4038 men over 70 years of age including 605 African-American (AA) men and 3433 non-AA men from the Duke Prostate Center Outcomes database had determination of serum PSA and PSAV. We used receiver operating characteristic (ROC) curves to display the data graphically. The median age for all men on the study was 75 years. The area under the curve (AUC) for PSA in AA men and non-AA men was 0.84 and 0.76, respectively. For PSAV the AUC was 0.71 versus 0.54, respectively. The largest relative sensitivity and specificity in AA men was achieved at the established PSA cut-point of 4.0 ng/mL: 85% and 71%, respectively. The best cut-point in non-AA men was 3.4 ng/mL, which resulted in a sensitivity and specificity of 72% and 73%, respectively. The AUC of ROC curves within various age subgroups tends to be stable regardless of how the ages are grouped. In a multivariate logistic regression model age, PSA and PSAV were significant predictors of cancer status in the AA subset. Age and PSA were significant predictors in the non-AA subset.",The results suggest that PSA may still be useful as an early indicator of prostate cancer risk among this group but should not be relied upon alone when considering screening options.,
22933163,Complications of Cushing's disease - prospective evaluation and clinical characteristics. Do they affect the efficacy of surgical treatment?,"Hypercortisolaemia is the cornerstone of Cushing's disease (CD). It leads to the occurrence of typical somatic symptoms as well as cardiovascular and metabolic complications, which significantly increase morbidity and mortality and decrease quality of life in CD. A prospective study included 36 patients with CD who were assessed in terms of duration of their disease symptoms as well as the incidence of: arterial hypertension, glucose intolerance and diabetes, overweight, obesity and decreased bone mineral density (BMD). The relation was assessed between these particular complications and their impact on the efficacy of surgical treatment for CD. The prevalence in the study group of arterial hypertension was 79%, and diabetes was 16.7%, whereas the proportion of pre-diabetic states was 33%. 36.1% of patients fulfilled the criteria of obesity and an additional 44% were overweight. Decreased BMD was reported in 72.2% of patients. There was a confirmed relationship between the duration of CD symptoms and the occurrence of overt diabetes (p 〈 0.01) and any type of glucose homeostasis alterations (p = 0.04). In this studied group with CD, there was also an association demonstrated between the occurrence of arterial hypertension and overweight or obesity (p = 0.03). Simultaneously, there was no relationship between the duration of symptoms or the presence of particular organ complications and the efficacy of surgical treatment for CD.","The results suggest that hypercortisolism may be associated with increased risk of developing diabetes mellitus, but not necessarily with other cardiovascular diseases such as coronary artery disease or stroke. Moreover, it seems unlikely that these conditions will influence the outcome of surgery if treated early enough. However, further studies should investigate whether these factors can be used as predictors of poor prognosis after surgical intervention.",
26571304,Chronic hepatitis B in pregnant women: is hepatitis B surface antigen quantification useful for viral load prediction?,"New cases of hepatitis B virus (HBV) infection continue to occur worldwide. Most of these are due to mother-to-child transmission (MTCT), with maternal viraemia as the most important contributing factor. The hepatitis B surface antigen (HBsAg) level, which correlates positively with viral load, has been used for treatment monitoring in chronic hepatitis B. This study evaluated the usefulness of quantitative HBsAg for viral load prediction in HBsAg-positive pregnant women. A total of 943 pregnant women in Makassar, Indonesia, were screened for HBsAg. Sixty-four women were HBsAg-positive and investigated. HBsAg level and hepatitis B e antigen (HBeAg)/hepatitis B e antibody (anti-HBe) status were determined serologically. Viral load was measured by real-time PCR. HBV DNA was sequenced and analysed for identification of genotype and basal core promoter (BCP)/precore (PC) mutations. Of 64 subjects, 12 (18.8%) were HBeAg-positive and 52 (81.3%) were HBeAg-negative. HBsAg and HBV DNA levels were significantly higher in the HBeAg-positive group (p<0.001). HBsAg and HBV DNA levels were positively correlated in the HBeAg-positive group (r = 0.659; p=0.02), but not in the HBeAg-negative group (r=0.194; p=0.168). Low HBsAg levels (<3.0 log10 IU/ml) corresponded with HBV DNA levels<6.0 log10 IU/ml (r=0.404; p=0.001), a recognized threshold for MTCT. Genotype C was more prevalent than genotype B, but not associated with HBsAg level, viral load, or HBeAg status. Two-thirds of HBeAg-negative subjects with high HBV DNA levels harboured BCP (A1762T/G1764A) and/or PC (G1896A) variants.",Quantitative determination of HBs Ag can be used as an additional tool for predicting HBV replication activity during pregnancy.,
12803733,Are the metabolic effects of rosiglitazone influenced by baseline glycaemic control?,"To compare the metabolic effects of rosiglitazone, an antidiabetic agent of the thiazolidinedione class, in patients with type 2 diabetes with fair to moderate glycaemic control (glycosylated haemoglobin (HbA(lc))<9%) and poor glycaemic control (HbA(lc)>or = 9%). Data were pooled from two 26-week, randomised, placebo-controlled, double-blind studies of rosiglitazone (4 and 8 mg/day). After 26 weeks of treatment, HbA(lc) was significantly reduced (p<0.05) compared with baseline and placebo in patients taking rosiglitazone 8 mg/day for both HbA(lc) stratifications, with greater reductions in patients with baseline HbA(lc)>or = 9%. After 26 weeks of treatment, reductions in fasting plasma glucose (FPG) were significant (p<0.05) compared with baseline and placebo in both rosiglitazone treatment groups for both HbA(lc) stratifications, with greater reductions in the group with poor glycaemic control. Rosiglitazone significantly improved insulin sensitivity (p<0.05) compared with baseline in patients with baseline HbA(lc)<9%. Rosiglitazone significantly improved beta-cell function (p<0.05) compared with baseline with more improvement in the group with baseline HbA(lc)>or = 9%. These improvements were statistically significant compared with placebo, regardless of HbA(lc) stratification.",Rosiglitazar has an effect on all aspects of metabolism when administered as part of an anti-diabetes programme. It may be useful as part thereof if there is no intention to achieve optimal glycemic control but simply to improve overall health outcomes.,
26395185,Adaptive desensitization for acetylsalicylic acid hypersensitivity: A success story?,"Adaptive desensitization still remains the only causative therapy for acetylsalicylic acid (ASA) hypersensitivity and is carried out nearly worldwide. To date there are hardly any data available on disease development under current desensitization therapy and longitudinal data in particular are missing. Out of a large collective of patients with proven hypersensitivity to ASA, 194 patients with initiated desensitization treatment were observed for periods up to 5 years (average 32 months). Patients with immediate reactions to systemic challenge tests revealed a response rate of 77% after 12 months of therapy. In this period 12% reached complete remission, 38% showed a clear reduction in symptoms, 32% reached partial remission, 13% remained unchanged and 5% suffered from disease progression.","The results show that adaptive desensiti- zation can be effective even if it has been started too late or not at all. The fact that most patients achieve complete remissions within one year suggests that these treatments should be continued until full recovery occurs. However, because many patients do not respond fully within the first year, we recommend further investigation into other approaches such as intravenous immunoglobulin therapy before starting adaptive desensi-tization.",
24596396,Pregnancy in women with an implantable cardioverter-defibrillator: is it safe?,"To describe obstetric/neonatal and cardiac outcomes for a cohort of women carrying implantable cardioverter-defibrillators (ICDs) during pregnancy. All women in routine follow-up at our institution for ICD implantation who became pregnant between 2006 and 2013 were included in this study. All ICDs were pre-pectoral devices with bipolar endocardial leads. Obstetric/neonatal and cardiac outcomes were assessed during pregnancy and post-partum. Twenty pregnancies were conceived by 12 women carrying ICD devices, 14 of which resulted in live births and none in maternal death. Seven of these women had structural cardiomyopathies and five had channelopathies. No device-related complications were recorded. Twelve shocks (nine transthoracic and three from ICDs) were experienced during pregnancy by two women, one of whom miscarried shortly afterwards at 4 weeks gestation. One stillbirth, three miscarriages and one termination were recorded for women with long QT syndrome, repaired tetralogy of Fallot and repaired Laubry-Pezzi syndrome, respectively. Intrauterine growth restriction, low birth weight, and neonatal hypoglycaemia were recorded in four, three, and five pregnancies, respectively.","Pregnancy can occur even if there is no need for an ICD due to other medical conditions. However, we recommend that all women considering an ICPD should be aware of their own risk factors before deciding whether or not to carry one out.",
21514071,Prostate contouring variation: can it be fixed?,"To assess whether an education program on CT and MRI prostate anatomy would reduce inter- and intraobserver prostate contouring variation among experienced radiation oncologists. Three patient CT and MRI datasets were selected. Five radiation oncologists contoured the prostate for each patient on CT first, then MRI, and again between 2 and 4 weeks later. Three education sessions were then conducted. The same contouring process was then repeated with the same datasets and oncologists. The observer variation was assessed according to changes in the ratio of the encompassing volume to intersecting volume (volume ratio [VR]), across sets of target volumes. For interobserver variation, there was a 15% reduction in mean VR with CT, from 2.74 to 2.33, and a 40% reduction in mean VR with MRI, from 2.38 to 1.41 after education. A similar trend was found for intraobserver variation, with a mean VR reduction for CT and MRI of 9% (from 1.51 to 1.38) and 16% (from 1.37 to 1.15), respectively.",The results suggest that educational interventions may help reduce interobserver variability but not intraobserver variance when comparing two different imaging modalities. Further studies should investigate whether these findings apply also to other types of tumors or if they reflect differences in how radiologists interpret images.,
19459040,Does subtle progesterone rise on the day of HCG affect pregnancy rate in long agonist ICSI cycles?,"To evaluate the impact of subtle progesterone (P4) rise on the day of HCG on pregnancy outcome in ICSI patients stimulated with long agonist protocol. One hundred forty-nine consecutive controlled ovarian hyperstimulation cycles for ICSI using long luteal agonist protocol. Mean serum progesterone on day of hCG was 0.88+/-0.51 ng/mL values>or =1 ng/mL were found in 34.2% of cycles. Serum E2 on day of hCG and number of oocytes retrieved were significantly higher in the group with P4>or = 1 ng/mL. The area under ROC for serum progesterone in prediction of pregnancy was 0.52, indicating that within the values studied, serum progesterone on day of hCG is not predictive of pregnancy outcome.",Subtle increase in serum prog-er-progesterone level does not seem to be associated with better prognosis during ICI-SO cycle.,
26948036,Does Lichen Planus Cause Increased Carotid Intima-Media Thickness and Impaired Endothelial Function?,"Lichen planus (LP) has been associated with cardiovascular disease (CVD) risk factors, but there are no studies on the association between LP and subclinical atherosclerosis. We investigated the presence of subclinical atherosclerosis in patients with LP not known to have CVD using carotid intima-media thickness (CIMT) and flow-mediated dilatation (FMD). The study included 30 patients with LP and 30 controls. High-resolution ultrasonography was used to assess CIMT and FMD. Participants' biochemical parameters, body mass index (BMI), and waist circumference were recorded in both groups. FMD was significantly lower (7.45% ± 3.63% vs 11.01% ± 5.34%; P = 0.004) and CIMT was higher (0.8 mm [range, 0.7-0.9 mm] vs 0.6 mm [0.4-0.6 mm]; P<0.001) in the LP group compared with the control group. After adjustment for age, sex, BMI, high-density lipoprotein cholesterol levels, and C-reactive protein levels, the presence of LP was associated with impairment of FMD (β = -0.441; 95% CI, -9.336 to -0.321; P = 0.037) and an increase in CIMT (β = 0.459; 95% CI, 0.057 to -0.351; P = 0.008).",The results suggest that LP may be associated with impaired endothelial function due to its effect on CIMT.,
23160222,Evolutional background of dominance/submissivity in sex and bondage: the two strategies?,"We theorize that sexual arousal by dominance and submission may be connected to a reproduction strategy respecting a reached social dominance rank (a common reproduction strategy in socially living mammals), while the preference for ""bondage"" may be derived from an opportunistic strategy when being unable to compete for hierarchic rank (an alternative reproductive strategy that co-occurs frequently with the above-named main strategy). The answers to questions dealing with hierarchy in character should correlate exclusively with sexual arousal connected to any kind of expression of a hierarchy, but not with bondage. The data were obtained from young adults (157 males and 183 females aged 18-20, with mean 18.4 years) via questionnaires. Seven out of eight questions dealing with hierarchy correlated with sexual arousal by dominance and submission in men (Spearman's r=0.169-0.313; p<0.05 - p<0.001), two questions correlated with sexual arousal by dominance and submission in women (Spearman's r=0.32-0.166, p<0.001, p<0.05). The questions dealing with hierarchy correlated with sexual arousal by dominance and submission while no answers correlated with bondage, neither in men nor in women.","The results suggest that both dominant-submissive behavior as well as bondage can have evolved independently from each other. However, it seems more likely that they arose together because they serve different purposes within the same species.",
27490325,"Hyperventilation in Patients With Focal Epilepsy: Electromagnetic Tomography, Functional Connectivity and Graph Theory - A Possible Tool in Epilepsy Diagnosis?","Hyperventilation (HV) is a commonly used electroencephalogram activation method. We analyzed EEG recordings in 22 normal subjects and 22 patients with focal epilepsy of unknown cause. We selected segments before (PRE), during (HYPER), and 5 minutes after (POST) HV. To analyze the neural generators of EEG signal, we used standard low-resolution electromagnetic tomography (sLORETA software). We then computed EEG lagged coherence, an index of functional connectivity, between 19 regions of interest. A weighted graph was built for each band in every subject, and characteristic path length (L) and clustering coefficient (C) have been computed. Statistical comparisons were performed by means of analysis of variance (Group X Condition X Band) for mean lagged coherence, L and C. Hyperventilation significantly increases EEG neural generators (P<0.001); the effect is particularly evident in cingulate cortex. Functional connectivity was increased by HV in delta, theta, alpha, and beta bands in the Epileptic group (P<0.01) and only in theta band in Control group. Intergroup analysis of mean lagged coherence, C and L, showed significant differences for Group (P<0.001), Condition (P<0.001), and Band (P<0.001). Analysis of variance for L also showed significant interactions: Group X Condition (P = 0.003) and Group X Band (P<0.001).",Our results suggest that hyperventilating may be useful as an early diagnostic tool for epilepsy. Further studies should investigate whether this technique can improve treatment outcomes.,
17415683,US and UK versions of the EQ-5D preference weights: does choice of preference weights make a difference?,"Most US studies that estimate EQ-5D index score generally apply the UK preference weights. We compared the validity of a newly-developed US weights to the UK weights for use of EQ-5D as a measure of health-related quality of life. Data were collected from a randomized clinical trial for patients with HIV (n = 1,126) in the US. Convergent validity was examined by comparing Pearson correlations of EQ-5D index scores with the MOS-HIV Health Survey scale scores and Physical and Mental Health Summary (PHS, MHS) scores using the US and UK weights. Known-groups validity of EQ-5D US versus UK index scores was compared using clinical variables (CD4+ cell count and HIV viral load), and the MOS-HIV PHS and MHS. Score changes in the EQ-5D index from baseline to week 50 were examined using effect size (ES) estimates. The mean EQ-5D index scores was slightly higher using US weights than UK weights (0.87 vs. 0.84, respectively). The correlation coefficient for EQ-5D utilities using the US and UK weights was 0.98. The correlations of EQ-5D index scores with the MOS-HIV scores were moderate and similar using the US and UK weights. The EQ-5D index scores discriminated equally well for both versions between levels of CD4+ count, HIV viral load, and PHS and MHS scores (P<0.05), suggesting equivalent known-groups validity. The changes in EQ-5D index scores from baseline to week 50 were similar for both versions (ES: 0.21 vs. 0.22 for US and UK, respectively), suggesting equivalent responsiveness to score changes.",The results suggest that it is possible to use the US version of the EQUATION-5DEquivalent to measuring health related quality of lives among individuals living with HIV/AIDS without affecting their responses or responsiveness to treatment.,
11930947,Is a 0900-h serum cortisol useful prior to a short synacthen test in outpatient assessment?,"The short synacthen test (SST) is the gold standard investigation for the evaluation of adrenal insufficiency and is also frequently used for the evaluation of the hypothalamic-pituitary-adrenal (HPA) axis. The 0900-h serum cortisol concentration has also been evaluated as an indication of cortisol reserve, and a result>450 nmol/L is highly suggestive of a normal serum cortisol response to the insulin tolerance test, while no patient with a 0900-h serum cortisol<100 nmol/L had a sufficient response. The aim of this study was to determine if the number of inappropriate SSTs could be reduced if a 0900-h serum total cortisol was done prior to the dynamic function test. Two hundred and ten SSTs were performed at 0900 h and the response at 30 min evaluated. Of the 210 SST, 151 (71%) demonstrated a maximum response at 30 min of serum cortisol>550 nmol/L. All the patients with a 0900-h serum cortisol>500 nmol/L had an adequate response (>550 nmol/L), while no patient with a 0900-h serum cortisol of<100 nmol/L had an adequate SST response. Twenty one per cent of patients were shown to have had an unnecessary invasive procedure.","In our experience, there appears to be little benefit from performing a 3-hour total cortisol before conducting an SST. However, it may still be helpful when considering whether or not to perform another SST within 6 hours after administration of glucocorticoids.",
8953959,Determinants of emergency department use: are race and ethnicity important?,"To determine whether race/ethnicity is an important determinant of emergency department use. We conducted a cross-sectional survey in a public ED to determine self-reported ED visits over the preceding 3 months. The study group comprised consecutive ambulatory patients (N = 1,049) with nonemergency medical problems. Blacks, whites, and Hispanics were equally likely to report one or more visits to an ED in the 3 months before study enrollment. Blacks were the most likely to report two or more ED visits in the preceding 3 months (19.0%), followed by whites (13.5%) and Hispanics (11.4%) (P = .01; unadjusted odds ratio, 1.82 for blacks versus Hispanics). In multivariate analysis, older age (P<.001), health insurance coverage (P<.001), regular source of care (P<.001), and difficulty obtaining transportation to a physician's office (P = .011) were positively associated with two or more previous ED visits. After adjustment for these variables, race/ethnicity was not significantly associated with ED use (P = .23; adjusted odds ratio for blacks versus Hispanics, 1.48 [95% confidence interval, .95 to 2.30]).","Race/ethnic differences do not appear to explain disparities in ED utilization among different racial groups. However, it may be useful to consider this factor when designing programs aimed at improving access to care among minority populations.",
14976862,Is early discharge possible in patients with uncomplicated heart failure?,"Heart failure is a common indication for admission to the hospital among old adults. The hospital stay for uncomplicated heart failure is often too long. We hypothesized that a rapid optimization of care and a guideline-based approach would allow an early discharge of patients, still maintaining a greater quality and efficiency of care. We conducted a randomized trial of the effect of a guideline-based intervention on rates of readmission within 90 days of hospital discharge and costs of care for patients who were hospitalized for heart failure and discharged after 4 days of stay. The intervention consisted of early echocardiography, aggressive diuretic therapy, comprehensive education of the patient and family, a prescribed diet, and intensive application of the guidelines' recommendations on pharmacological therapy. Fifty early-discharged patients were compared to 50 concurrent normally-discharged patients. Average length of stays during baseline admissions was shorter for early-discharged patients respect to controls (3.9 +/- 0.8 vs 7.0 +/- 1.9 days, p<0.001). At discharge, when compared with control patients, early-discharged patients were similarly prescribed and/or were taking similar dosages of ACE-inhibitors (84 vs 80% and 17 vs 15 mg/die, p = NS), beta-blockers (64 vs 56% and 14 vs 16 mg/die, p = NS), spironolactone (86 vs 70% and 36 vs 32 mg/die, p = NS), digoxin (74 vs 70% and 0.18 vs 0.15 mg/die, p = NS), and losartan (8 vs 6% and 50 mg/die for both groups, p = NS). Hospital readmission rates and days of stay were similar between groups (6 vs 8% and 18 vs 26 days, respectively for study and control patients), whilst the overall costs of care were lower for early-discharged patients (289 vs 449 [symbol: see text] per patient per month), due to the shorter length of stay at baseline. Survival for 90 days was achieved in 47 patients both in the study and control groups (p = NS).",Early discharge reduces hospitalization time but does not affect mortality or morbidity rates.,
23453261,Is the HCV-HIV co-infection prevalence amongst injecting drug users a marker for the level of sexual and injection related HIV transmission?,"Amongst injecting drug users (IDUs), HIV is transmitted sexually and parenterally, but HCV is transmitted primarily parenterally. We assess and model the antibody prevalence of HCV amongst HIV-infected IDUs (denoted as HCV-HIV co-infection prevalence) and consider whether it proxies the degree of sexual HIV transmission amongst IDUs. HIV, HCV and HCV-HIV co-infection prevalence data amongst IDU was reviewed. An HIV/HCV transmission model was adapted. Multivariate model uncertainty analyses determined whether the model's ability to replicate observed data trends required the inclusion of sexual HIV transmission. The correlation between the model's HCV-HIV co-infection prevalence and estimated proportion of HIV infections due to injecting was evaluated. The median HCV-HIV co-infection prevalence (prevalence of HCV amongst HIV-infected IDUs) was 90% across 195 estimates from 43 countries. High HCV-HIV co-infection prevalences (>80%) occur in most (75%) settings, but can be lower in settings with low HIV prevalence (<10%) or high HIV/HCV prevalence ratios (HIV prevalence divided by HCV prevalence>0.75). The model without sexual HIV transmission reproduced some data trends but could not reproduce any epidemics with high HIV/HCV prevalence ratios (>0.85) or low HCV-HIV co-infection prevalence (<60%) when HIV prevalence>10%. The model with sexual HIV transmission reproduced data trends more closely. The proportion of HIV infections due to injecting correlated with HCV-HIV co-infection prevalence; suggesting that up to 80/60/<20% of HIV infections could be sexually transmitted in settings with HCV-HIV co-infection prevalence between 50-60/70-80/>90%.",The HCV/HIV coinfections prevalence among IDUs may reflect both aspects of HIV transmission including sexual and/or intravenous-drug use. This suggests that this measure should not be used alone as an indicator of HIV infection rates within these populations.,
24479815,"Can a multisensory teaching approach impart the necessary knowledge, skills, and confidence in final year medical students to manage epistaxis?","The purpose of this study is to evaluate the efficacy of a multisensory teaching approach in imparting the knowledge, skills, and confidence to manage epistaxis in a cohort of fourth year medical students. One hundred and thirty four fourth year medical students were recruited into the study from Aug 2011 to February 2012 in four groups. Students listened to an audio presentation (PODcast) about epistaxis and viewed a video presentation on the technical skills (VODcast). Following this, students completed a 5-minute Individual Readiness Assessment Test (IRAT) to test knowledge accrued from the PODcast and VODcast. Next, students observed a 10-minute expert demonstration of the technical skills on a human cadaver and spent half an hour practicing these techniques on cadaver simulators with expert guidance. The students' confidence was assessed with Confidence Level Questionnaires (CLQs) before and after their laboratory session. The skill level of a subset of students was also assessed with a pre- and post-laboratory Objective Structured Assessment of Technical Skills (OSATS). Eighty two percent of the participants achieved a score of at least 80% on the IRAT. The CLQ instrument was validated in the study. There was a statistically significant improvement between the pre- and post-laboratory CLQ scores (p<0.01) and also between pre- and post-laboratory OSATS scores (p<0.01). Qualitative feedback suggested a student preference for this teaching approach.",A multisensary teaching method can be effective in improving clinical competence among fourth-year medical students who have not received any training regarding management of epistasis.,
20931190,Three tesla magnetic resonance imaging of the anterior cruciate ligament of the knee: can we differentiate complete from partial tears?,"To determine the ability of 3.0T magnetic resonance (MR) imaging to identify partial tears of the anterior cruciate ligament (ACL) and to allow distinction of complete from partial ACL tears. One hundred seventy-two patients were prospectively studied by 3.0T MR imaging and arthroscopy in our institution. MR images were interpreted in consensus by two experienced reviewers, and the ACL was diagnosed as being normal, partially torn, or completely torn. Diagnostic accuracy of 3.0T MR for the detection of both complete and partial tears of the ACL was calculated using arthroscopy as the standard of reference. There were 132 patients with an intact ACL, 17 had a partial, and 23 had a complete tear of the ACL seen at arthroscopy. Sensitivity, specificity, and accuracy of 3.0T MR for complete ACL tears were 83, 99, and 97%, respectively, and, for partial ACL tears, 77, 97, and 95%, respectively. Five of 40 ACL lesions (13%) could not correctly be identified as complete or partial ACL tears.","In this study, we demonstrate that 3 Tesla MRI is able to detect both complete but also partial tears within the ACL. This finding suggests that these techniques may become useful tools in clinical practice when performing arthroscope-guided surgery on patients who have been treated non-surgically for ACL injuries.",
18263645,Does personality predict mortality?,"Majority of studies on personality and physical health have focused on one or two isolated personality traits. We aim to test the independent association of 10 personality traits, from three major conceptual models, with all-cause and cause-specific mortality in the French GAZEL cohort. A total of 14,445 participants, aged 39-54 in 1993, completed the personality questionnaires composed of the Bortner Type-A scale, the Buss-Durkee Hostility Inventory (for total, neurotic and reactive hostility) and the Grossarth-Maticek-Eysenck Personality Stress Inventory that assesses six personality types [cancer-prone, coronary heart disease (CHD)-prone, ambivalent, healthy, rational, anti-social]. The association between personality traits and mortality, during a mean follow-up of 12.7 years, was assessed using the Relative Index of Inequality (RII) in Cox regression. In models adjusted for age, sex, marital status and education, all-cause and cause-specific mortality were predicted by 'total hostility', its 'neurotic hostility' component as well as by 'CHD-prone', 'ambivalent' 'antisocial', and 'healthy' personality types. After mutually adjusting personality traits for each other, only high 'neurotic hostility' remained a robust predictor of excess mortality from all causes [RII = 2.62; 95% confidence interval (CI) = 1.68-4.09] and external causes (RII = 3.24; 95% CI = 1.03-10.18). 'CHD-prone' (RII = 2.23; 95% CI = 0.72-6.95) and 'anti-social' (RII = 2.13; 95% CI 0.61-6.58) personality types were associated with cardiovascular mortality and with mortality from external causes, respectively, but CIs were wider. Adjustment for potential behavioural mediators had only a modest effect on these associations.",Personality is an important determinant of mortality among older adults living in France. It may explain why some individuals develop chronic diseases while others do not.,
23342884,Is the epidemic of cesarean sections the result of more liberal indications?,"The rate of cesarean sections around the world is steadily rising. The analysis of indications for cesarean section might find the answer to the question whether this trend is a consequence of more liberal indications. The aim of the study was to analyze and compare the changes in the indications for cesarean sections (cs) over the years. Data regarding cesarean sections performed at the 1st Department of Obstetrics and Gynecology Medical University of Warsaw were analyzed and compared: 559 cs between the years 2000-2001 (G1) and 663 cs in 2010 (G2). The rate of cs was statistically higher in 2010 (30.1% vs. 29.2%; p<0.001), however the rate of preterm cs was lower (25.4% vs. 11.9%; p<0.01). The most frequent indication for cs in 2010 was lack of patient consent for vaginal birth after cs (27.3% vs. 17.9%; p<0.01). Other frequent indications throughout the decade were: fetal distress (G1 18.6% vs. G2 14.2%; p<.01), cervical dystocia (12.3% vs. 11%, respectively), fetal position other than cephalic (12.5% vs. 13.6%) and non-obstetrical indications (14.1% vs. 9.4%; p<0.05).","The results show that there has been an increase in the number of cs performed due to increased awareness about their risks but also because some patients prefer not to undergo surgery. However, it should be noted that these trends do not necessarily reflect the actual incidence of cs. Further studies are needed to determine if this phenomenon represents a real problem or just another aspect of modern medicine.",
26063071,The shading sign: is it exclusive of endometriomas?,"To investigate if the shading sign is an exclusive MRI feature of endometriomas or endometrioid tumors, and to analyze its different patterns. Three hundred and fourty six women with adnexal masses who underwent 1.5/3-T MRI were included in this retrospective, board-approved study. The shading sign was found in 56 patients, but five cases were excluded due to lack of imaging follow-up or histological correlation. The final sample included 51 women. The type of tumor and the pattern of shading were recorded for each case. Thirty endometriomas and five endometrioid carcinomas were found. The remaining 16 cases corresponded to other benign and malignant tumors. The overall sensitivity, specificity, positive predictive value, and negative predictive value were 73%, 93%, 59%, and 96%, respectively. Restricting the analysis to cystic lesions without solid or fat component, sensitivity, specificity, positive predictive value, and negative predictive value were 73%, 96%, 94%, and 80%. Five shading patterns were identified: layering (15.7%), liquid-liquid level (11.8%), homogenous (45.1%), heterogeneous (11.8%), and focal/multifocal shading within a complex mass (19.6%). No significant correlation was found between these patterns and the type of tumor.","The shading sign may be useful as an additional tool when evaluating the diagnosis of endodermal dysplasia or ectopic ovarian germ cell tumors. However, it does not appear to be specific for these conditions.",
16234029,Is idiopathic chronic pancreatitis an autoimmune disease?,"The proportion of patients with idiopathic chronic pancreatitis (ICP) that have an autoimmune origin is unknown. Three forms of ICP have been described: pseudotumoral, duct-destructive, and usual chronic pancreatitis. The aim of this study was to identify autoimmune stigmata in the 3 forms. All patients who underwent exploration for ICP were included. The following data were recorded: examination by an internal medicine specialist, autoantibodies and immunoglobulin screening, and pancreatic duct imaging. Sixty patients were included (pseudotumoral, n = 11; duct-destructive, n = 27; usual, n = 22). There were no significant differences among the 3 types with regard to sex ratio, age, frequency of acute pancreatitis, or obstructive jaundice. Pancreatic calcifications were seen only in the usual form (81%; P = .0001). Autoimmune disease was present in 10 patients: ulcerative colitis in 5 patients, primary sclerosing cholangitis in 2 patients, and Sjögren's syndrome, Hashimoto's thyroiditis, and Graves' disease in 1 patient each. Autoimmune diseases were not more frequent in patients with pseudotumoral (36%) or duct-destructive (19%) forms than in those with the usual form (5%, P = .06). Immunoglobulin G4 levels were increased in 2 of 6 in the pseudotumoral, 1 of 9 in the duct-destructive, and 0 of 12 patients in the usual group. Combining clinical and biochemical autoimmune parameters, 24 patients (40%) had at least 1 autoimmune marker or disease.",Autoimmunity may be involved in some cases of ICPP but does not seem to play a major role in all cases.,
14618080,Primary angioplasty in acute myocardial infarction: does age or race matter?,"Recent data suggest substantial variations in the treatment of acute myocardial infarction based on age, race, gender and socioeconomic status. We evaluated the use of primary angioplasty (PA) in acute myocardial infarction (AMI) in elderly and minority patients treated at an urban, teaching hospital. We reviewed the records of 322 patients with AMI admitted to an urban, teaching hospital from 1997-2000. Our main outcome was PA in AMI. Secondary outcomes included use of post-infarction therapies. Univariate analysis was performed on the variables of interest, age and race, as well as all candidate variables. Unadjusted analysis revealed that elderly and African-American patients were significantly less likely to receive PA for AMI, and post-infarction beta-blockers, (all p<.05). Other factors that had a significant negative impact on use of PA included do-not-resuscitate status, increasing acuity of presenting signs and symptoms, severity of illness, dementia and subendocardial infarcts (all p<.05). After adjustment for these potential confounders, increasing age remained inversely associated with both PA (p<.001), and use of standard post-myocardial infarction beta-blockers, (p<.05). Additionally, African-American patients in our study were less likely to undergo PA as initial AMI (p<.01).","Our results indicate that older adults and those who identify themselves as being black may be more likely than others to experience poor outcomes following AMIs when they have not received appropriate care prior to their arrival at our institution. Further studies should investigate whether there is any relationship between these differences and other clinical characteristics such as comorbidities, medications, etc.",
20551751,Robotic assistance in right hemicolectomy: is there a role?,"The purpose of this study was to evaluate the results, postoperative outcomes, and cost of robotic assistance in right hemicolectomy and determine its safety, feasibility, and efficacy as compared with the conventional laparoscopic approach. From August 2005 to February 2009, 40 robot-assisted right hemicolectomies were performed by the authors at a single institution. These were compared with 135 laparoscopic right hemicolectomies performed by the authors, at the same hospital and during the same time period. Cost data from July 2006 until the end of the study period were compared between the 2 groups. Both groups were comparable with respect to age, sex, body mass index, American Society of Anesthesiologists' class, history of prior abdominal surgery, and diagnosis. There was no significant difference in the lymph node harvest, estimated blood loss, conversion rate, length of stay, or incidence of complications and wound infection between the 2 groups. A robotic procedure was associated with a longer operative time (P<.001) and a higher cost (P = .003).",Robots may be useful for performing right hemicalcectomies but their use should not replace traditional techniques unless it can be shown that they will result in better patient outcomes than other methods.,
24819408,Does gestational diabetes mellitus affect respiratory outcome in late-preterm infants?,"Both gestational diabetes mellitus (GDM) and late-preterm delivery at 34-36 weeks' gestation are independently associated with neonatal respiratory complications, but it is unknown whether their combination increases further its risk. We therefore appraised the independent effect of GDM on the respiratory outcome of late-preterm infants. In a retrospective cohort study, respiratory outcome of 911 infants delivered at 34-36 weeks' gestation between 1 January 2009 and 30 August 2012 from mothers with GDM (study group, n=130) was compared with infants delivered at the same gestation by mothers without GDM (control group, n=781). The study group had significantly higher incidence of transient tachypnoea of newborn (TTN, p=0.02) and air leak (p=0.012), and required more respiratory support, including oxygen, continuous positive airway pressure (CPAP), mechanical ventilation and neonatal intensive care, with a longer length of hospital stay, but not duration on respiratory support. On logistic regression analysis, GDM is an independent risk factor for TTN (aOR=1.5, 95% C.I.1.0-2.4), CPAP (aOR=2.37, 95% C.I. 1.05-4.89), mechanical ventilation (aOR=4.02 95% C.I. 1.57-10.32) and neonatal intensive care (aOR 1.83, 95% C.I. 1.05-3.87).",The results suggest that GDM may increase the risk of respiratory distress syndrome during early infancy.,
10877153,Is season of birth associated with multiple sclerosis?,"To compare the monthly distribution of multiple sclerosis (MS) patients' births with that of the Sicilian population. Studies on the association between season of birth and risk of MS are scanty and controversial. Archives of the Institute of Neuropsychiatry of the Universities of Palermo and Catania were searched up to 1995 for definite MS patients (McDonald&Halliday criteria). The monthly distribution of MS patients' births (N= 965) was compared with that of the Sicilian population (N= 5,608,307). The distribution of births among MS patients compared with the general population was not different when tested by the chi2 statistic (P>0.25). The Hewitt's non-parametric test for seasonality showed an excess of births between June and November among MS patients (P=0.004).",The results suggest that there is no significant difference in the incidence of MS during any month of the year but that it occurs more frequently during summer months. This finding may be explained by differences in lifestyle habits or occupational exposures between these two seasons. Further studies should investigate whether this seasonal pattern exists elsewhere as well.,
17593181,"The ""Chaos Theory"" and nonlinear dynamics in heart rate variability analysis: does it work in short-time series in patients with coronary heart disease?","Dynamic analysis techniques may quantify abnormalities in heart rate variability (HRV) based on nonlinear and fractal analysis (chaos theory). The article emphasizes clinical and prognostic significance of dynamic changes in short-time series applied on patients with coronary heart disease (CHD) during the exercise electrocardiograph (ECG) test. The subjects were included in the series after complete cardiovascular diagnostic data. Series of R-R and ST-T intervals were obtained from exercise ECG data after sampling digitally. The range rescaled analysis method determined the fractal dimension of the intervals. To quantify fractal long-range correlation's properties of heart rate variability, the detrended fluctuation analysis technique was used. Approximate entropy (ApEn) was applied to quantify the regularity and complexity of time series, as well as unpredictability of fluctuations in time series. It was found that the short-term fractal scaling exponent (alpha(1)) is significantly lower in patients with CHD (0.93 +/- 0.07 vs 1.09 +/- 0.04; P<0.001). The patients with CHD had higher fractal dimension in each exercise test program separately, as well as in exercise program at all. ApEn was significant lower in CHD group in both RR and ST-T ECG intervals (P<0.001).",The results suggest that there exists some relationship between chaotic behavior in HRV and severity of CHD. This finding could be useful for diagnosis and treatment planning of this condition.,
23879766,Is orbital volume associated with eyeball and visual cortex volume in humans?,"In humans orbital volume increases linearly with absolute latitude. Scaling across mammals between visual system components suggests that these larger orbits should translate into larger eyes and visual cortices in high latitude humans. Larger eyes at high latitudes may be required to maintain adequate visual acuity and enhance visual sensitivity under lower light levels.AIM: To test the assumption that orbital volume can accurately index eyeball and visual cortex volumes specifically in humans. Structural Magnetic Resonance Imaging (MRI) techniques are employed to measure eye and orbit (n = 88) and brain and visual cortex (n = 99) volumes in living humans. Facial dimensions and foramen magnum area (a proxy for body mass) were also measured. A significant positive linear relationship was found between (i) orbital and eyeball volumes, (ii) eyeball and visual cortex grey matter volumes and (iii) different visual cortical areas, independently of overall brain volume.",Orbital size is positively correlated with both eyeball volume and visual cortical gray matter density. These findings suggest that there may be an association between orbital size and other aspects of human anatomy which influence vision function. Further studies will need to investigate whether this correlation holds true across species as well as within individuals.,
11560739,Needs of carers of severely disabled people: are they identified and met adequately?,"To examine the unmet needs of informal carers of community dwelling disabled people and to compare their perspectives to those of disabled people and nominated professionals. It was hypothesised that a poor recognition of carers' needs could have implications for carers' well- being and thus their ability to maintain their caring role. Need was defined as a service or a resource that would confer a health or rehabilitation gain. Face to face interviews with carers and disabled participants, telephone interviews with professionals (Southern England). Disabled participants had been selected randomly from two disability registers. The Southampton Needs Assessment Questionnaire (carers version), SF-36 (carers' health status). Carers experienced similar health status to people in the general population. The most frequently carer-reported unmet needs were for short breaks, domestic help and respite care. Carers who had reported unmet need for short breaks had significantly poorer levels of mental health and vitality (SF-36) than carers who had not reported this. Similar numbers of unmet carers' needs were reported by disabled participants, professionals and carers themselves. In terms of type of unmet needs, poor concordance between carers and disabled participants occurred in 52% of cases: carers reported more unmet needs than disabled participants for short breaks and domestic help. Poor concordance scores between carers and professionals occurred in 59% of cases: carers reported more unmet needs for short breaks than professionals and professionals reported more unmet needs for formal respite care.",The results suggest that there is an opportunity for improving understanding of how carers perceive their own needs and what resources they may benefit from. This could lead to greater attention being given to identifying and meeting these needs.,
27576929,Bone markers during acute burn care: Relevance to clinical practice?,"Bone changes are increasingly described after burn. How bone markers could help to detect early bone changes or to screen burn patients at higher risk of demineralization is still not made clear. We performed an observational study assessing the changes in serum bone markers after moderate burn. Adults admitted in the first 24h following burn extended on>10% body surface area were included. Serum levels of collagen type 1 cross-linked C-telopeptide (CTX), tartrate-resistant acid phosphatase 5b (TRAP), type 1 procollagen N-terminal (P1NP) and bone alkaline phosphatase (b-ALP) were measured at admission and every week during the first month. Data are expressed as median [min-max]. Bone markers were measured in 20 patients: 18 men, 2 women (including one post-menopausal). Age was 46 [19-86] years old, burn surface area reached 15 [7-85]%. Twelve patients completed the study. All biomarkers mainly remained into normal ranges during evolution. A huge variability was observed regarding biomarkers evolution. Patient's evolution was not linear and could fluctuate from a decrease to an increase of blood concentrations. There was not necessarily a consistency between the two formation or the two resorption markers. Variations observed between two consecutive measurements were lesser than the accepted critical difference in almost one third of the cases.","Biomarker monitoring may be useful for detecting early signs of bone loss or predicting its occurrence. However, it seems that these values do not correlate well with each other nor with clinical parameters such as age or burn severity. Further studies should investigate whether this approach can improve our understanding about the mechanism underlying burns-induced bone deterioration.",
9935134,Should patients who are suspected of having an ectopic pregnancy undergo physical examination?,"To determine whether physical examination is useful for patients with suspected ectopic pregnancy (EP) for whom transvaginal sonography is performed and serum hCG levels are measured. Prospective study. Two large teaching hospitals.PATIENT(S): Three hundred eighty-two patients with suspected EP, based on a positive urine pregnancy test and the presence of abdominal pain, vaginal bleeding, or risk indicators.INTERVENTION(S): Abdominal examination, speculum inspection, and digital vaginal examination. A final diagnosis made by transvaginal sonography, serum hCG measurement, and, if necessary, confirmatory laparoscopy.RESULT(S): One hundred sixteen (30%) of the 382 patients had an EP. At external abdominal examination, rebound tenderness and muscular rigidity had likelihood ratios of 3.7 and 8.0, respectively. Findings at speculum inspection and digital vaginal examination had likelihood ratios between 0.33 and 2.4. Logistic regression analysis showed that the additional information provided by physical examination for the diagnosis of EP is limited compared with the information provided by transvaginal sonography and serum hCG measurement alone.","Physical examination can be used as part of a comprehensive evaluation when it is available. However, its value may be diminished if other diagnostic tests have already been performed.",
22239292,Should care managers for older adults be located in primary care?,"To determine the effect of a primary care-based care management initiative on residential care placement and death in a population of frail older adults referred for needs assessment in New Zealand. Randomized controlled trial with follow-up at 3, 6, 12, 18, and 24 months for residential care placement and mortality. Fifty-five family physician practices in New Zealand that established a care management initiative for older adults assessed as being at high risk of residential care placement in 2004 to 2006. Three hundred fifty-one individuals (243 female, 108 male) aged 65 and older (mean 81) who were assessed as being at risk of permanent residential care placement. The care management program (Coordinator of Services for Elderly) consisted of a nominated health professional care manager geographically aligned to family physicians housed with the family physician or located nearby. Rates of permanent residential care placement and mortality. The risk of permanent residential care placement or death was 0.36 for usual care (control group) and 0.26 for the care management initiative, a 10.2% absolute risk reduction, with the majority of the risk reduction seen in residential care placement (control group 0.25, intervention group 0.16).",The use of a coordinated approach by family doctors has been shown to reduce the incidence of permanent hospital admission among elderly people living alone. This finding may also apply to those living in community settings where there is no available specialist service. Further studies should investigate whether this strategy can be implemented within existing systems.,
20014553,Does providing previous results change the accuracy of cervical cytology?,"To determine whether providing previous cytology and histology findings alters the accuracy of conventional cervical cytology reading or changes reading times. Each of 9 cytologists read 9 batches of 8 routinely referred Pap smears (total, 648 slides), with history (H) and without history (NH), at an interval of no less than 4 weeks. Each batch was read blind to the result of reading under the other strategy and to histology. Histologic cervical intraepithelial neoplasia 2 or more severe was the reference standard. Accuracy of reading was assessed across all thresholds using receiver operating characteristic (ROC) curves and by sensitivity and specificity at a cytology threshold of possible low grade squamous intraepithelial lesion (consistent with atypical squamous cells of undermined significance). Areas under the ROC curve, sensitivities and specificities were similar if read with or without history, except for 1 reader for whom reading with history increased the area under the ROC curve from 0.716 to 0.833 (increase of 0.117, p = 0.017) and the sensitivity from 0.57 to 0.79 (increase of 0.22, p = 0.014), without any significant change in specificity. Accuracy varied between subgroups defined by age and by the severity and timing of previous abnormalities, but the results of the comparison of accuracy in H and NH did not vary by subgroup. Mean reading times were 8.2 (H) and 7.9 (NH) minutes per slide, a difference of 0.34 minutes (p = 0.083). Differences in mean batch times (H-NH) between readers ranged from -0.08 to 1.0 minutes, the largest difference being for the reader whose accuracy increased.",Providing information about previous abnormality does not appear to affect the accuracy or speed of performing routine cervical smear tests.,
25270854,Does a 'direct' transfer protocol reduce time to coronary angiography for patients with non-ST-elevation acute coronary syndromes?,"National guidelines recommend 'early' coronary angiography within 96 h of presentation for patients with non-ST elevation acute coronary syndromes (NSTE-ACS). Most patients with NSTE-ACS present to their district general hospital (DGH), and await transfer to the regional cardiac centre for angiography. This care model has inherent time delays, and delivery of timely angiography is problematic. The objective of this study was to assess a novel clinical care pathway for the management of NSTE-ACS, known locally as the Heart Attack Centre-Extension or HAC-X, designed to rapidly identify patients with NSTE-ACS while in DGH emergency departments (ED) and facilitate transfer to the regional interventional centre for 'early' coronary angiography. This was an observational study of 702 patients divided into two groups; 391 patients treated before the instigation of the HAC-X pathway (Pre-HAC-X), and 311 patients treated via the novel pathway (Post-HAC-X). Our primary study end point was time from ED admission to coronary angiography. We also assessed the length of hospital stay. Median time from ED admission to coronary angiography was 7.2 (IQR 5.1-10.2) days pre-HAC-X compared to 1.0 (IQR 0.7-2.0) day post-HAC-X (p<0.001). Median length of hospital stay was 3.0 (IQR 2.0-6.0) days post-HAC-X v 9.0 (IQR 6.0-14.0) days pre-HAC-X (p<0.0005). This equates to a reduction of six hospital bed days per NSTE-ACS admission.",A direct transfer protocol between DGHs and regional centres can significantly缩短time to coronary artery intervention for patients presenting at district hospitals. This approach may improve patient outcomes by reducing waiting times.,
9543642,Sharp vision: a prerequisite for compensation to myopic defocus in the chick?,"Compensatory responses to focusing errors imposed by spectacle lenses in chicks, tree shrews and primates leave little doubt that active emmetropization can occur, and debate is now centered on whether this process is uni-directional or bi-directional in nature. To provide further insight into this emmetropization process, the studies reported in this paper addressed the question of whether access to sharp vision is necessary for compensation to myopic defocus in the chick. Two different experimental paradigms were used to address the above question: (A) Myopic defocus was imposed, either with +15 or +40 d lenses alone or with +15 D lenses on eyes made myopic by 7 days of form deprivation; these treatments result in a shift in the plane of focus of the eye (far point) to 6.67, 2.5 cm and approximately 3.5 cm resp., with only objects at or closer than these planes being in focus. The addition to the lenses of stand-off cones, either 2.5 or 5 cm in length, further limited access to (or precluded) sharp vision by controlling how closely the chicks could approach objects. One group that had sharp vision precluded also underwent optic nerve section. (B) A range of positive lenses (+15 to +65 D) were used on their own to impose myopic defocus; for the high power lenses, access to sharp vision was very restricted because of the close proximity of the new far point (1.54 cm for +65 D lens). Refractive errors and axial ocular dimensions were measured in all experiments. In the first study (A), preclusion of sharp vision not only prevented compensation but resulted in increased eye growth and myopia. This myopia, like form-deprivation myopia, was unaltered by optic nerve section surgery. Limiting but not precluding sharp vision resulted in partial compensation. In the second study (B), good compensation was observed with the +15 D lens but compensation progressively declined for higher powers, with the +50 D lens having no apparent effect on eye growth and refraction and the +65 D lens inducing myopia instead of hyperopia.",The results suggest that there may be an intermediate stage between complete absence of sharpness perception and full compensation when it comes to compensating for myopic aberrations.,
24680382,Is autoimmune thyroid dysfunction a risk factor for gestational diabetes?,"Some recent studies have related autoimmune thyroid dysfunction and gestational diabetes (GD). The common factor for both conditions could be the existence of pro-inflammatory homeostasis. The study objective was therefore to assess whether the presence of antithyroid antibodies is related to the occurrence of GD. Fifty-six pregnant women with serum TSH levels ≥ 2.5 mU/mL during the first trimester were retrospectively studied. Antithyroid antibodies were measured, and an O'Sullivan test was performed. GD was diagnosed based on the criteria of the Spanish Group on Diabetes and Pregnancy. Positive antithyroid antibodies were found in 21 (37.50%) women. GD was diagnosed in 15 patients, 6 of whom (10.71%) had positive antibodies, while 9 (16.07%) had negative antibodies. Data were analyzed using exact logistic regression by LogXact-8 Cytel; no statistically significant differences were found between GD patients with positive and negative autoimmunity (OR = 1.15 [95%CI = 0.28-4.51]; P=1.00).",The results suggest that there may exist an association between autoimmune thyroid disorders and GD. Further studies should investigate this hypothesis further.,
26522118,Maternal and fetal outcomes in pregnant women with Takayasu aortoarteritis: Does optimally timed intervention in women with renal artery involvement improve pregnancy outcome?,"Takayasu aortoarteritis (TA) is common in the Southeast Asian and Indian subcontinent regions with a female-to-male ratio of 8:1. Age at diagnosis is<30 years in 90% of the cases. Because the disease is common in women of child-bearing age, management of pregnancy in these patients becomes an important issue. The purpose of this study is to evaluate the maternal and fetal outcomes in pregnancies with TA and also to evaluate whether early intervention for renal artery involvement is associated with improved outcomes. We collected data of 12 patients with 18 pregnancies prospectively from 2006 to 2012. The patients were divided into three groups and their outcomes were noted: (1) without renal artery involvement; (2) with renal artery involvement without intervention; and (3) with renal artery involvement for which intervention has been done. Body mass index of patients was between 18.5 kg/m(2) and 23.2 kg/m(2). Renal artery involvement and hypertension were seen in four patients. One patient had percutaneous transluminal balloon angioplasty and another had renal artery stenting. In patients without renal artery involvement, gestational hypertension was seen in 50%, pre-eclampsia in 10%, abortion in 10%, and intrauterine growth restriction (IUGR) in 40% of pregnancies. In patients with renal artery involvement without intervention, gestational hypertension was seen in 90%, pre-eclampsia in 20%, abortion in 60%, preterm in 20%, IUGR in 20%, fetal demise in 20%, and neonatal death in 20% of pregnancies. In patients with renal artery involvement for which intervention has been carried out, gestational hypertension was seen in 66%, and abortion and IUGR were seen in 33% of pregnancies.",Pregnancy complicated by TA should be managed carefully considering its potential impact on maternal health. Early intervention may reduce the risk of adverse effects on both mother and fetus.,
16514506,Does successful training of temporal processing of sound and phoneme stimuli improve reading and spelling?,"The aim of this study was to measure and train auditory temporal processing in children with dyslexia and to examine whether there was a transfer of improved auditory temporal processing to reading and spelling skills. Computer-based procedures to measure and train temporal processing of sound and phoneme stimuli were developed. Test-scores for a normal control group consisting of 8-year-olds were established. Second graders with dyslexia were included in the training condition and divided into three groups: a control group, a group specifically trained in sound processing, and a third group specifically trained in phoneme processing. After an initial diagnostic procedure, both training groups received specific training every day for 4 weeks. All children, regardless of the group, received the same standard reading training programme designed for children with dyslexia at school. Outcome measures were assessed immediately after training as well as 6 and 12 months later. Tests for temporal processing of sound and phoneme stimuli proved to be highly reliable. Children with dyslexia (N = 44) showed impaired auditory processing of sound and phoneme stimuli compared to normal controls (N = 51). There was a specific significant improvement in sound, respectively phoneme, processing for the training groups immediately after the end of training. The improvement of phoneme processing remained stable after 6 months and as a trend after 12 months. After 6 and 12 months of training, children of all three groups improved significantly in reading no matter what group. In spelling, the sound training group had a slight advantage after 6 months, which was not stable after 12 months.",Successful training of auditory temporal processes leads to improvements in reading but does not have any effect on spelling abilities. This suggests that these two domains should be treated separately when developing interventions for children suffering from dyslexias.,
22828812,The 'normobaric oxygen paradox': does it increase haemoglobin?,"A novel approach to increasing erythropoietin (EPO) using oxygen (O2) (the 'normobaric oxygen paradox') has been reported in healthy volunteers. We investigated whether the EPO increase is sufficient to induce erythropoiesis by comparing two protocols of O2 administration. We compared the effect of daily versus alternate days 100% O2, breathed for 30 minutes, on haemoglobin concentrations during a 12-day period. Nine subjects underwent the two protocols six weeks apart. We observed a significant increase in haemoglobin (as a percentage of baseline) in the alternate-days group compared to the daily group and to baseline after four days (105.5 ∓ 5.7 % vs. 99.6 ∓ 3.3 % difference from baseline; P<0.01). At the end of the experimental period, haemoglobin values increased significantly compared to baseline in both groups. There was a significant percentage rise in reticulocyte count in the alternate-days group compared to the daily group (182 ∓ 94 % vs. 93 ∓ 34 %; P<0.001).",The results suggest that there may be an additional benefit when administering high levels of O₂ at low altitudes. This could explain why some patients respond well to this technique but others do not. Further studies should investigate whether this phenomenon occurs in other populations as well as in clinical practice.,
15793027,Does students' exposure to gender discrimination and sexual harassment in medical school affect specialty choice and residency program selection?,"To examine the role of gender discrimination and sexual harassment in medical students' choice of specialty and residency program. Anonymous, self-administered questionnaires were distributed in 1997 to fourth-year students enrolled in 14 public and private U.S. medical schools. In addition to reporting the frequency of gender discrimination and sexual harassment encountered during preclinical coursework, core clerkships, elective clerkships, and residency selection, students assessed the impact of these exposures (none, a little, some, quite a bit, the deciding factor) on their specialty choices and rankings of residency programs. A total of 1,314 (69%) useable questionnaires were returned. Large percentages of men (83.2%) and women (92.8%) experienced, observed, or heard about at least one incident of gender discrimination and sexual harassment during medical school, although more women reported such behavior across all training contexts. Compared with men, significantly (p</= .01) more women who reported exposure indicated that gender discrimination and sexual harassment influenced their specialty choices (45.3% versus 16.4%) and residency rankings (25.3% versus 10.9%). Across all specialties, more women than men experienced gender discrimination and sexual harassment during residency selection, with one exception: a larger percentage of men choosing obstetrics and gynecology experienced such behavior. Among women, those choosing general surgery were most likely to experience gender discrimination and sexual harassment during residency selection. Interestingly, correlations between exposure to gender discrimination and sexual harassment and self-assessed impact on career decisions tended to be larger for men, suggesting that although fewer men are generally affected, they may weigh such experiences more heavily in their choice of specialty and residency program.","The results suggest that both male and female students perceive gender-based discrimination as having significant consequences for their future careers. However, it appears that females may be particularly sensitive to this type of information due to its association with higher levels of stress and anxiety associated with being an academician.",
15755301,Are maternal smoking and stress during pregnancy related to ADHD symptoms in children?,"There are some indications that maternal lifestyle during pregnancy (smoking and stress) contributes to symptoms of ADHD in children. We prospectively studied whether prenatal exposure to maternal smoking and/or stress is associated with ADHD symptoms and diagnostic criteria (according to DSM-IV) in 7-year-olds. Nulliparous Scandinavian women were consecutively recruited at their first prenatal health care visit and assessments of smoking and stress were collected at gestational weeks 10, 12, 20, 28, 32, and 36. Children were followed up at 7 years old. We obtained full data for 72% of the sample: ADHD symptoms were rated by 74% of mothers (n=290) and 96% of eligible teachers (n=208). Attrition analyses showed no differences on key variables between participants and non-participants at follow-up. Results of multiple regression analyses showed prenatal exposure to smoking (beta=.16, p<.01) and stress (beta=.18, p<.01) were independently associated with later symptoms of ADHD. Results of logistic regression analyses showed that fulfillment of the diagnostic criteria for ADHD was related to exposure to prenatal stress (beta=.68, p<.01) especially in boys. The results were not confounded by sociodemographic factors or birth outcomes.",Prenatal exposure to both smoking and stressful situations may contribute to development of ADHD symptoms among young people. Further studies should investigate whether these effects can be reversed through early intervention programs.,
22773036,Does the surface-treated AN69 membrane prolong filter survival in CRRT without anticoagulation?,"The need for continuous anticoagulation remains a significant drawback in continuous renal replacement therapy (CRRT), especially in patients with increased bleeding risk. Polyethyleneimine treatment of the AN69 membrane (AN69ST) reduces thrombogenicity through decreased contact activation and promotion of heparin binding. The aim of this study is to evaluate whether this membrane prolongs filter survival in CRRT without anticoagulation. A single-center, prospective, randomized, double-blind controlled trial with cross-over design comparing filter survival with the AN69ST membrane and the original AN69 membrane in 39 patients treated with continuous venovenous hemofiltraton (CVVH) without additional heparin. Filter survival with the AN69ST membrane (n = 75) was 14.2 ± 8.2 h, which is not significantly different from the 13.3 ± 10.3 h for the original AN69 membrane (n = 76; p = 0.59). Limiting the analysis to those treatments that were interrupted for filter clotting yielded similar results: 14.4 ± 8.2 h for the AN69 ST membrane (n = 62) versus 14.1 ± 7.5 h for the original AN69 membrane (n = 56) (p = 0.93).",The use of polyethylenimines does not improve filter survival during CVVH when compared to the original membrane. This finding suggests that other strategies should be employed to reduce thromboembolic events during CRRT.,
26446797,Healthcare resource utilization and cost in dementia: are there differences between patients screened positive for dementia with and those without a formal diagnosis of dementia in primary care in Germany?,"It is well-known that dementia is undiagnosed, resulting in the exclusion of patients without a formal diagnosis of dementia in many studies. Objectives of the present analyses were (1) to determine healthcare resource utilization and (2) costs of patients screened positive for dementia with a formal diagnosis and those without a formal diagnosis of dementia, and (3) to analyze the association between having received a formal dementia diagnosis and healthcare costs. This analysis is based on 240 primary care patients who screened positive for dementia. Within the baseline assessment, individual data about the utilization of healthcare services were assessed. Costs were assessed from the perspective of insurance, solely including direct costs. Associations between dementia diagnosis and costs were evaluated using multiple linear regression models. Patients formally diagnosed with dementia were treated significantly more often by a neurologist, but less often by all other outpatient specialists, and received anti-dementia drugs and day care more often. Diagnosed patients underwent shorter and less frequent planned in-hospital treatments. Dementia diagnosis was significantly associated with higher costs of anti-dementia drug treatment, but significantly associated with less total medical care costs, which valuated to be € 5,123 compared, to € 5,565 for undiagnosed patients. We found no association between dementia diagnosis and costs of evidence-based non-medication treatment or total healthcare cost (€ 7,346 for diagnosed vs. € 6,838 for undiagnosed patients).","Patients screened positive have been identified as being at risk for poor health outcomes due to their lack of awareness regarding this condition. However, they also receive better quality care than those without such an identification. Further studies should investigate whether these differences can be explained by different levels of knowledge about dementia or by differences in how it is managed within the healthcare system.",
16735013,Does experience influence perception of dyspnea?,"The perception of somatic sensations like dyspnea can be influenced by such factors as an individual s personality, experiences, or ability to adapt to stimuli. Our aim was to determine whether the perception of acute bronchoconstriction is different for patients with asthma and patients who have never experienced an episode of airway obstruction. We studied 2 groups of patients. The first consisted of 24 subjects with intermittent rhinitis and asthma (10 females and 14 males) with a mean (SD) age of 25 (7) years. All reported not feeling dyspnea at rest on a Borg scale. The second group consisted of 24 subjects who only had rhinitis but no lung disease (no episode of asthma) or dyspnea at rest (12 females and 12 males) with a mean age of 27 (6) years. There were no significant differences between the groups with regard to sex, smoking, economic or educational level, anxiety (determined by the trait portion of the State-Trait Anxiety Inventory), depression (Beck Depression Inventory), or spirometric parameters. All took a histamine bronchial provocation test in which the patient assessed dyspnea on a modified Borg scale after each histamine dose. The provocation dose needed to produce a 20% decrease (PD20) in forced expiratory volume in the first second (FEV1) was calculated. We also recorded dyspnea perception score when FEV1 fell 5%, 10%, 15%, and 20%. No dyspnea was perceived at PS20 by 12.5% of the asthmatics and by 45% of nonasthmatics (P<.0001). The mean PS20 was 2.4 (2.1) (range, 0-7) in the first group and 0.37 (0.48) (range, 0-3) in the second (P<.0001). More asthma patients than nonasthmatics perceived dyspnea at all degrees of bronchial obstruction. PD20 was different in the 2 groups (1.6 [2] vs 6.03 [5]for the first and second groups, respectively; P<.003), but there was no significant relation between PD20 and PS20 (Spearman s correlation coefficient, 0.19; P= .221).",In this study we found that some individuals may perceive more severe symptoms than others due to their own personal characteristics.,
17617326,Does routine consultation of thyroid fine-needle aspiration cytology change surgical management?,"Routine secondary cytologic review of thyroid gland fine-needle aspiration (FNA) specimens in patients referred from other institutions has been the recommended practice at some medical centers. We sought to determine the concordance rates between FNA interpretations at referring institutions and our center to determine if they alter surgical management. All thyroid gland FNAs referred to our center for cytopathologic opinion from June 2000 to August 2004 were reviewed. Patients in whom FNA biopsies were performed for thyroid cancer recurrences or core biopsies and patients in whom only a cytopathologic opinion was requested without a clinical consultation were excluded from the study. FNA results were divided into benign, indeterminate, suspicious, malignant, and nondiagnostic categories. FNA interpretations at our medical center and the referring institutions were compared with final histology results in patients who underwent operations. One hundred forty-seven patients had secondary review of their thyroid gland FNA specimens. The overall concordance was 82%, with the highest concordance rate in the malignant category (95%) and the lowest in the suspicious category (62%, p<0.001). The sensitivity (94% versus 92%), specificity (76% versus 56%), and positive (93% versus 87%) and negative (79% versus 69%) predictive values were all higher on secondary review. Twenty-seven patients were found to have discordant FNA interpretations. As a result of the discordant FNA result, four patients had their surgical management decisions changed. Another four patients had appropriate oncologic thyroid resection as a result of the secondary review.","Routine consultation by our institution does not appear to affect surgical decision-making regarding thyroid cancers that have undergone FNA biopsy. However, it may be helpful when there is uncertainty about the diagnosis or when additional information is needed before proceeding with surgery.",
23974390,Do hospitals that serve a high percentage of Medicaid patients perform well on evidence-based guidelines for colon cancer care?,"Previous work suggests hospitals serving high percentages of patients with Medicaid are associated with worse colon cancer survival. It is unclear if practice patterns in these settings explain differential outcomes. High Medicaid hospitals (HMH) have lower compliance with evidence-based care processes (examining 12 or more lymph nodes (LN) during surgical staging and providing appropriate chemo-therapy). Retrospective analysis of stage I-III colon cancers from California Cancer Registry (1996-2006) linked to discharge abstracts and hospital profiles predicted hospital compliance with guidelines and trends in compliance over time. Cases (N=60,000) in 439 hospitals analyzed. High Medicaid hospital settings had lower odds of compliance with the 12 LN exam (OR(HMH)0.91, CI(HMH)[0.85, 0.98]) and with the delivery of appropriate chemotherapy (OR(HMH)0.76, CI(HMH)[0.67, 0.86]).",High Medicaid rates may be related to poor adherence to recommended practices by these institutions. Further studies should investigate whether this pattern persists across other populations served by these hospitals.,
19241300,Does readily available emergency contraception increase women's awareness and use?,"In Australia just over half of all women of reproductive age have experienced an unplanned pregnancy, many of which could have been avoided by use of emergency contraception. A dedicated emergency contraceptive pill (ECP) pack became available on prescription in Australia in 2002, and over the counter in 2004. To determine if availability of a dedicated over the counter ECP pack in Australia increased knowledge and use of emergency contraception (EC). Women attending three free-standing abortion clinics in Sydney answered an anonymous questionnaire on their knowledge and use of the ECP. Group 1 (208 women) was recruited prior to a dedicated ECP pack being available, group 2 (308) after it was available on prescription, and group 3 (202) after it became available over the counter. Women who had heard about EC were significantly younger (p<0.005). The mean age of women who had never heard about EC was 29.8 years compared to 26.3 for women who had heard about EC. More women expressed awareness of the ECP after it became available over the counter. Women in group 2 attained a higher educational level than women in the other groups (p<0.005). There was a significant trend to increased use of the ECP in women of higher educational level (p<0.005). The use of EC did not increase significantly with improved availability and access.","Availability of an over-the-counter ECP has no effect on women's knowledge or attitudes towards this method of birth control. However, there may be some benefit from providing more information about the benefits and risks associated with this type of contraception.",
22461900,Can the tumor deposits be counted as metastatic lymph nodes in the UICC TNM staging system for colorectal cancer?,"The 7th edition of AJCC staging manual implicitly states that only T1 and T2 lesions that lack regional lymph node metastasis but have tumor deposit(s) will be classified in addition as N1c, though it is not consistent in that pN1c is also an option for pT3/T4a tumors in the staging table. Nevertheless, in this TNM classification, how to classify tumor deposits (TDs) in colorectal cancer patients with lymph node metastasis (LNM) and TDs simultaneously is still not clear. The aim of this study is to investigate the possibility of counting TDs as metastatic lymph nodes in TNM classification and to identify its prognostic value for colorectal cancer patients. In this retrospective study, 513 cases of colorectal cancer with LNM were reviewed. We proposed a novel pN (npN) category in which TDs were counted as metastatic lymph nodes in the TNM classification. Cancer-specific survival according to the npN or pN category was analyzed using Kaplan-Meier survival curves. Univariate and multivariate analyses were performed to identify significant prognostic factors. Harrell's C statistic was used to test the predictive capacity of the prognostic models. The results revealed that the TD was a significant prognostic factor in colorectal cancer. Univariate and multivariate analyses uniformly indicated that the npN category was significantly correlated with prognosis. The results of Harrell's C statistical analysis demonstrated that the npN category exhibited a superior predictive capacity compared to the pN category of the 7th edition TNM classification. Moreover, we also found no significant prognostic differences in patients with or without TD in the same npN categories.",We suggest that the td-n category should be included within the p-N category when classifying colorectal cancers with LNs.,
14603092,Trichomonas vaginalis among HIV-Infected women: are immune status or protease inhibitor use associated with subsequent T. vaginalis positivity?,"Trichomonas vaginalis (Tv) is a common sexually transmitted disease (STD) among HIV-infected populations. The relationship between Tv and immune status and HIV viral load as affected by protease inhibitor (PI) use has not been well examined. The goals were to evaluate the association between Tv and both immune status and PI use among HIV-infected women, and to characterize factors associated with Tv among HIV-infected women. We used a retrospective cohort study conducted between 1990 and 2000. Of 1578 women, the majority was under 35 years, black (AA), and infected heterosexually or with unidentified risk. Thirty percent (30.2%) had Tv at least once, and 36.9% had at least one subsequent positive test; Tv was more common than chlamydia, gonorrhea, genital warts, or syphilis. After adjusting for follow-up time, young age, AA race, substance use, and other sexually transmitted diseases (STDs) were associated with initial Tv infection, but pregnancy, immune status, and PI use were not associated. After adjusting for follow-up time, having other STDs was associated with and pregnancy was protective of subsequent Tv positivity, but immune status and PI use were not associated; neither were age, race, or substance use.","The results suggest that Tv may be an important marker of immune status in this population, but it does not appear to be related to PI use or other factors such as age, ethnicity, or sexual behavior. Further studies should investigate whether these associations change over time.",
17295933,"Helicobacter pylori infection and chronic, persistent cough: is there an association?","Chronic, persistent cough is a common clinical problem, the cause of which sometimes remains unidentifiable. To study a potential association between Helicobacter pylori infection and chronic, persistent cough. A clinical observational study with symptom analysis, including 162 patients whose main presenting complaint was chronic, persistent cough of unidentifiable cause (study group) and 42 patients with chronic, non-specific laryngopharyngeal manifestations not including chronic cough (control group). Active H pylori infection was present in 86.4 per cent (140/162) of patients in the chronic cough group, as opposed to 45.2 per cent (19/42) of the control group, as confirmed by detection of H pylori antigen in stool specimens. This difference was statistically significant (p<0.001). There was a significant improvement of the chronic cough of 75.4 per cent (98/130) of patients after successful H pylori eradication using appropriate medical therapy (p<0.001).",The results suggest that H. Pylori may be involved in the pathogenesis of chronic cough but does not seem to be responsible for its occurrence. Further studies should investigate whether this bacterium can serve as a marker for diagnosis or treatment of chronic croup.,
22901332,A twin study of depression and nicotine dependence: shared liability or causal relationship?,"The nature of the relationship between major depression (MD) and phenotypes related to smoking behavior, including nicotine dependence (ND), is complicated. We present results from analyses comparing models wherein MD and ND are influenced by a shared latent factor to one in which causal pathways between phenotypes are examined. Data were collected for 2906 adult male twins from a population-based sample. Structural equation modeling was used to derive path estimates for shared liability and causal models. MD was assessed according to DSM-III-R diagnostic criteria; ND was assessed using the Fagerstrom Test for Nicotine Dependence (FTND). The best fitting shared liability model included genetic, but not environmental, influences shared between MD and FTND; a small proportion of these shared influences were also common to smoking initiation. The best fitting causal model included a unidirectional causal path from FTND to MD, with no direct genetic correlation between MD and smoking initiation. Model fit statistics indicated that these models provided nearly identical fits to the data, with the causal model providing a slightly superior AIC value.","Our findings suggest that there may be some overlap between the mechanisms underlying MD and NFD. However, they do not support the hypothesis that both conditions share a common genetic basis. Instead, we propose that each condition has its own unique set of factors influencing development into either disease or addiction. Further studies should investigate whether these differences can be explained by different genetic architectures or if they represent separate processes occurring independently of each other.",
8304023,Is fetal heart rate variability a good predictor of fetal outcome?,"The purpose of this study was to investigate, in a prospective manner, whether fetal heart rate (FHR) variability serves as a reliable single predictor of fetal outcome. We undertook a prospective study of 2,200 consecutive deliveries. Preterms<37 weeks, twins, stillbirths and fetal malformations were excluded from the study. FHR tracings were analyzed for variability in every delivery. Three windows were evaluated: 1) early in labor (30 min); 2) in the active phase of labor - 1 h prior to complete cervical dilatation (30 min); and 3) throughout the second stage of delivery, in segments of 30 min. Using the tracings taken at admission and prior to delivery, FHR variability was scored according to five previously used evaluative methods, and was correlated to the following three fetal outcome parameters: a) arterial cord blood pH<7.2,>7.2; b) 5-min Apgar>6,<7; and c) immediate outcome ('good' defined as newborn going home after 2-5 days, with no neonatal intensive care unit (NICU) admission). 1. The majority of cases with adverse fetal outcome exhibited good FHR variability (mean, 80%). 2. Low FHR variability is not common in newborns with adverse general outcome (mean, 11.5%). 3. The predictability of FHR variability (using the five most common scoring methods) for evaluating adverse fetal outcome revealed low sensitivity (mean, 20.3%) and low predictive value (mean, 11.6%).",Fetal heart rate variation does not appear to be useful when predicting adverse outcomes during pregnancy or childbirth.,
10458360,The durability of external beam radiation therapy for prostate cancer: can it be identified?,We establish criteria to identify a durable response to external beam radiation therapy by calculation of biochemical progression-free probability for patients who attained and maintained defined nadir prostate specific antigen (PSA) levels more than 5 years after treatment. A total of 460 patients were treated with external beam radiation monotherapy from 1976 to 1995. Patients with PSA less than 0.5 (group 1) or 0.5 to 1.0 (group 2) ng./ml. more than 5 years after treatment were identified. Treatment failure was defined as 3 consecutive increases in PSA after nadir. Progression-free probability after 60 months was calculated for each group. A comparison was also made to patients achieving the same nadir levels anytime after treatment. Failure occurred at 133 months in 1 of 26 group 1 patients (4%) and at a median of 76 months in 5 of 26 group 2 patients (19%). At 10 years progression-free probability was 91% for group 1 compared to 72% for group 2 (p = 0.0575). These same nadir levels anytime after treatment were associated with higher failure rates of 55% for group 1 and 72% for group 2.,Durable responses to external beams have been reported when there has been no significant increase in PSA over time following initial treatment. This may indicate that some patients do not respond adequately to this approach. Further studies should investigate whether these patients require additional treatments such as chemotherapy or hormone therapy.,
26825002,Does age affect prognosis in salivary gland carcinoma patients?,"From the national Danish salivary gland carcinoma database, 871 patients diagnosed with a primary salivary gland carcinoma from January 1990 to December 2005 were identified. Variables necessary for statistical analyses were extracted from the database. The younger patients have a significantly better crude, disease-specific and recurrence-free survival than the elderly ones. In univariate analysis, significantly more patients in the young group were WHO performance status 0 and in disease stage I + II, and they presented with significantly more histological low grade tumors. In multivariate analysis, chronological age seemed to be of no prognostic significance to salivary gland carcinoma patients as opposed to performance status, disease stage and histological grade.",The results suggest that older patients should receive different treatment strategies compared to younger ones.,
12713874,Alcohol relapse after liver transplantation for alcoholic liver disease: does it matter?,"The aim of this study was to distinguish the types of alcohol consumption after liver transplantation (LT) for alcoholic cirrhosis and to assess the consequences of heavy drinking. Patients transplanted for alcoholic cirrhosis were studied. Alcoholic relapse diagnosis was based upon patient's and family members' reports, liver enzyme tests, graft biopsy, and use of urine alcohol test. One hundred twenty-eight patients were studied, with a mean follow-up of 53.8 months. After LT, 69% of patients were abstinent, 10% were occasional drinkers, and 21% were heavy drinkers. Actuarial survival rates were not different, but three of the seven deaths observed among heavy drinkers were directly related to alcohol relapse. Although there was no difference between the three groups concerning the rejection rates, all rejection episodes observed in the group of heavy drinkers were related to poor compliance with immunosuppressive drugs. One heavy drinker developed alcoholic cirrhosis.","Heavy drinking is associated with an increased risk of alcoholic cirrosis during the first year post-LT. However, because most cases occur within one year following surgery, it may be better to focus on preventing alcohol abuse before transplantation rather than trying to prevent relapses once they have occurred.",
18154791,High-risk aortic valve replacement: are the outcomes as bad as predicted?,"Percutaneous aortic valve replacement (PAVR) trials are ongoing in patients with an elevated European System for Cardiac Operative Risk Evaluation (EuroSCOREs), patients believed to have high mortality rates and poor long-term prognoses with valve replacement surgery. It is, however, uncertain that the EuroSCORE model is well calibrated for such high-risk AVR patients. We evaluated EuroSCORE prediction vs a single institution's surgical results in this target population. From January 1996 through March 2006, 731 patients with EuroSCOREs of 7 or higher underwent isolated AVR. In this cohort, 313 (42.8%) were septuagenarians, 322 (44.0%) were octogenarians or nonagenarians, 233 (31.9%) had had previous cardiac procedures, 237 (32.4%) had atheromatous aortas, and 127 (17.4%) had cerebrovascular disease. A minimally invasive approach was used in 469 (64.2%). Data collection was prospective. Long-term survival was computed from the Social Security Death Benefit Index. The mean EuroSCORE was 9.7 (median, 10), and the mean logistic EuroSCORE was 17.2%. Actual hospital mortality was 7.8% (57 of 731). Multivariate analysis showed ejection fraction of less than 0.30 (p = 0.002; odds ratio [OR], 3.13), chronic obstructive pulmonary disease (p = 0.019; OR, 2.14), and peripheral vascular disease (p = 0.048; OR, 2.13) were significant predictors of hospital mortality. Complication(s) occurred in 73 patients (9.9%). Freedom from all-cause death (including hospital mortality) was 72.4% at 5 years (n = 152). Age (p<0.001), previous cardiac operations (p<0.014; OR, 1.51), renal failure (p<0.002; OR, 2.37), and chronic obstructive pulmonary disease (p<0.007; OR, 1.30) were predictors of worse survival.",The EuroSCORE system does not accurately predict outcome among these patients. This may explain why there has been little change in its use over the past decade.,
19027649,Are there detrimental effects of witnessing school violence in early adolescence?,"We prospectively tested the extent to which witnessing school violence predicts psychosocial and school adjustment in students while accounting for their prior psychosocial characteristics and peer victimization. We also explored the role of feelings of insecurity in explaining this relationship. Questionnaires were administered to 1104 students (52% boys) from five high schools from the Montreal area (Quebec, Canada) at the beginning, middle, and end of seventh grade. Self report measures included sociodemographic characteristics, victimization, witnessing violence, feelings of insecurity, internalizing and externalizing behavior problems, and measures of engagement, achievement, and truancy as indicators of school adjustment. Witnessing school violence was a comparatively better predictor of subsequent externalizing problems and school adjustment than actual victimization. Conversely, relative to having experienced violence as a witness, actual victimization more reliably estimated later internalizing problems. Feelings of insecurity partially explained the development of school engagement and truancy.",Witnessing school aggression may be associated with increased risk-taking behaviors but not necessarily with poorer academic performance or higher levels of anxiety. Further studies should investigate whether these findings hold across different cultures and contexts.,
23950561,Evaluation of rural stroke services: does implementation of coordinators and pathways improve care in rural hospitals?,"The quality of hospital care for stroke varies, particularly in rural areas. In 2007, funding to improve stroke care became available as part of the Rural Stroke Project (RSP) in New South Wales (Australia). The RSP included the employment of clinical coordinators to establish stroke units or pathways and protocols, and more clinical staff. We aimed to describe the effectiveness of RSP in improving stroke care and patient outcomes. A historical control cohort design was used. Clinical practice and outcomes at 8 hospitals were compared using 2 medical record reviews of 100 consecutive ischemic or intracerebral hemorrhage patients ≥12 months before RSP and 3 to 6 months after RSP was implemented. Descriptive statistics and multivariable analyses of patient outcomes are presented. pre-RSP n=750; mean age 74 (SD, 13) years; women 50% and post-RSP n=730; mean age 74 (SD, 13) years; women 46%. Many improvements in stroke care were found after RSP: access to stroke units (pre 0%; post 58%, P<0.001); use of aspirin within 24 hours of ischemic stroke (pre 59%; post 71%, P<0.001); use of care plans (pre 15%; post 63%, P<0.001); and allied health assessments within 48 hours (pre 65%; post 82% P<0.001). After implementation of the RSP, patients directly admitted to an RSP hospital were 89% more likely to be discharged home (adjusted odds ratio, 1.89; 95% confidence interval, 1.34-2.66).",Implementation of RPs has led to significant improvement in stroke service delivery in rural settings.,
26810119,"Factors associated to recurrent wheezing in infants under one year of age in the province of Salamanca, Spain: Is intervention possible?","Wheezing is a very common problem in infants in the first months of life. The objective of this study is to identify risk factors that may be acted upon in order to modify the evolution of recurrent wheezing in the first months of life, and to develop a model based on certain factors associated to recurrent wheezing in nursing infants capable of predicting the probability of developing recurrent wheezing in the first year of life. The sample was drawn from a cross-sectional, multicentre, descriptive epidemiological study based on the general population. A total of 1164 children were studied, corresponding to a questionnaire response rate of 71%. The questionnaire of the Estudio Internacional de Sibilancias en Lactantes (EISL) was used. Multiple logistic regression analysis was used to estimate the probability of developing recurrent wheezing and to quantify the contribution of each individual variable in the presence of the rest. Infants presenting eczema and attending nursery school, with a mother who has asthma, smoked during the third trimester of pregnancy, and did not consume a Mediterranean diet during pregnancy were found to have a probability of 79.7% of developing recurrent wheezing in the first year of life. In contrast, infants with none of these factors were seen to have a probability of only 4.1% of developing recurrent wheezing in the first year of life. These results in turn varied according to modifications in the risk or protective factors.","The present study shows that there exists an association between some environmental factors and the development of recurrent respiratory symptoms among newborns. However, it also indicates that other factors such as maternal smoking during pregnancy, lack of dietary habits before birth, or exposure to allergens can also contribute to the occurrence of recurrent bronchial disease. Therefore, it seems advisable to consider all these variables when evaluating the risk of developing recurring wheeze in infancy.",
16283051,Does scale matter?,"To explore how the scale of a project affects both the total costs and average costs of HIV prevention in India. Economic cost data and measures of scale (coverage and service volume indicators for number of cases of sexually transmitted infections (STIs) referred, number of STIs treated, condoms distributed and contacts made with target groups) were collected from 17 interventions run by nongovernmental organizations aimed at commercial sex workers in southern India. Nonparametric methods and regression analyses were used to look at the relationship between total costs, unit costs and scale. Coverage varied from 250 to 2008 sex workers. Annual costs ranged from US$ 11 274 to US$ 52 793. The median cost per sex worker reached was US$ 19.21 (range = US$ 10.00-51.00). The scale variables explain more than 50% of the variation in unit costs for all of the unit cost measures except cost per contact. Total costs and unit costs have non-linear relationships to scale.","The results suggest that scaling up an intervention can be costly but also has benefits such as increased reach and impact on those who need it most. However, there may be limits to what can be achieved through increasing coverage without compromising quality or safety.",
22709527,"Neighbourhood food and physical activity environments in England, UK: does ethnic density matter?","In England, obesity is more common in some ethnic minority groups than in Whites. This study examines the relationship between ethnic concentration and access to fast food outlets, supermarkets and physical activity facilities. Data on ethnic concentration, fast food outlets, supermarkets and physical activity facilities were obtained at the lower super output area (LSOA) (population average of 1500). Poisson multilevel modelling was used to examine the association between own ethnic concentration and facilities, adjusted for area deprivation, urbanicity, population size and clustering of LSOAs within local authority areas. There was a higher proportion of ethnic minorities residing in areas classified as most deprived. Fast food outlets and supermarkets were more common and outdoor physical activity facilities were less common in most than least deprived areas. A gradient was not observed for the relationship between indoor physical activity facilities and area deprivation quintiles. In contrast to White British, increasing ethnic minority concentration was associated with increasing rates of fast food outlets. Rate ratios comparing rates of fast food outlets in high with those in low level of ethnic concentration ranged between 1.28, 95% confidence interval 1.06-1.55 (Bangladeshi) and 2.62, 1.46-4.70 (Chinese). Similar to White British, however, increasing ethnic minority concentration was associated with increasing rate of supermarkets and indoor physical activity facilities. Outdoor physical activity facilities were less likely to be in high than low ethnic concentration areas for some minority groups.","The results suggest that there may be differences in how different types of environment affect health outcomes depending upon ethnicity. The findings also indicate that although there appears to be an inverse relationship between levels of ethnic diversity and availability of fast foods, this does not necessarily imply that these factors contribute to increased risk of poor health outcomes among ethnic communities. Further studies should investigate whether such disparities exist across other domains such as smoking or alcohol consumption.",
19909045,Does a faculty development programme improve teachers' perceived competence in different teacher roles?,"Changing concepts of education have led many medical schools to adopt student-centred approaches to teaching, requiring different teaching competencies than more traditional approaches. The aim of this study was to investigate whether participation in a faculty development (FD) programme had a positive effect on veterinary medical teachers' perceptions of their competence in seven different teaching roles. All teaching staff of a veterinary medical school (251) were invited to complete a questionnaire asking about their perceived competence in seven teaching roles. A stepwise multiple linear regression analysis examined the effect of the completion of a FD programme on perceived teaching competence. There was a significant positive effect of the FD programme on teachers' perceived competence in majority of the teaching roles at issue.",The results suggest that participating in an FD program can be beneficial for improving veterinarians' perception of their own teaching skills. Further studies should explore how best to implement such programmes within existing structures.,
10474605,Australian suicide trends 1964-1997: youth and beyond?,"To examine Australian suicide rates across all ages, and compare Australian rates with those of other Western nations. Australian Bureau of Statistics data were used to examine Australian suicide trends, 1964-1997, by age and sex. For comparison, suicide rates of 22 other Western nations, 1990-1994, were obtained from the World Health Organization. Australian suicide rates for males 15-24 years and 25-34 years rose from 1964-1997. Comparable rates for females showed no significant change. Suicide rates for several of the older age and sex groups declined over this period. Comparison with suicide rates of other Western nations showed that, while Australian youth suicide rates are relatively high, this is not the case for older age groups. Australian suicide rates are higher than those in the European nations of origin of our major migrant groups, but similar to those of other Western nations also recently colonised by Europeans (Canada, the United States and New Zealand).","The rise in Australian suicides between 18th century and present times may be attributed to changes in social attitudes towards death and dying. The fact that these trends have been observed among younger people suggests that there has been an increase in the number of individuals who die before reaching old age. However, it should be noted that many of these deaths occur during childhood or adolescence when public health measures can help prevent them.",
16752942,Does Ginkgo biloba special extract EGb 761 provide additional effects on coagulation and bleeding when added to acetylsalicylic acid 500 mg daily?,"The aim of this study was to determine whether Ginkgo biloba special extract EGb 761 amplifies the known effects of acetylsalicylic acid (ASA) on platelet aggregation, bleeding time or other coagulation parameters in healthy subjects. In a double-blind, double-dummy procedure, 50 healthy male subjects (20-44 years) were randomly allocated in equal numbers to one of two possible treatment sequences, i.e. ASA followed by ASA + EGb 761 or ASA + EGb 761 followed by ASA. Each treatment lasted 7 days; the washout period between treatments was 3 weeks. Study medication was taken twice daily (ASA group: ASA 500 mg tablet + placebo-coated tablet in the morning and placebo tablet + placebo-coated tablet in the evening; ASA + EGb 761 group: ASA 500 mg tablet + EGb 761 120 mg-coated tablet in the morning and placebo tablet + EGb 761 120 mg-coated tablet in the evening), resulting in a daily dose of ASA 500 mg in the ASA group and 500 mg ASA + 240 mg EGb 761 in the ASA + EGb 761 group. Bleeding time, coagulation parameters and platelet activity in response to various agonists were determined. In addition, adverse events, laboratory variables and vital signs were measured. The primary variable bleeding time was assessed in confirmatory analysis, all other variables were evaluated descriptively. The coagulation variables were analysed by ANOVA under the crossover model. ASA given alone clearly prolonged bleeding time. ASA and the combination of ASA + EGb 761 exerted quite similar effects on all coagulation parameters measured, including bleeding time (ASA alone: 4.1 min before therapy, 6.2 min after therapy; ASA + EGb 761: 4.2 min before therapy, 6.3 min after therapy; ratio of means: 1.01, 90% CI 0.86, 1.19) and agonist-induced platelet aggregation (collagen-induced platelet aggregation - ASA: 84.5% before therapy, 81.0% after therapy; ASA + EGb 761: 86.6% before therapy, 81.0% after therapy; ratio of means: 1.00, 90% CI 0.95, 1.05; adenosine diphosphate-induced platelet aggregation - ASA: 72.6% before therapy, 47.2% after therapy; ASA + EGb 761: 71.7% before therapy, 44.8% after therapy; ratio of means: 0.95, 90% CI 0.85, 1.06). Both treatments were well tolerated, and both the number and nature of adverse events in the two groups were similar.",GEB76 is an effective agent for reducing bleeding time but does not significantly increase any of the coagulant properties tested here.,
11477046,Do GPs sick-list patients to a lesser extent than other physician categories?,"Large differences between physicians in their use of the sickness certification instrument have been described. There are also indications of differences between different categories of physicians, for instance that occupational health physicians and GPs are less generous with certificates of long duration. We therefore decided to test the hypothesis that GPs and occupational health physicians issue more short-term certificates and use partial sick-listing more often than other physicians. Certificates for sickness absence during 4 months in 1995 and 2 months in 1996 were collected in eight Swedish counties; a total of 57 563 certificates. From the certificates, a number of variables were extracted. Sickness certificates issued by GPs were on average for a shorter period of time than those issued by other physicians, for the individual certificate as well as for the total sickness period. Occupational health physicians had longer certification periods than GPs but used partial sick-listing more frequently. However, the patients of the various categories of physicians differed regarding age, sex, diagnosis distribution, etc. When the influence of these factors on the duration of the certification periods was taken into account, the GPs still issued significantly shorter periods of sick-leave than the other physicians, followed by the occupational health physicians.","The results suggest that there may be some differences between the way that GPCs and OHPs deal with sick leave claims. The fact that GPOs issue shorter sicken lists might indicate that they prefer not to give out too many sick days because it can lead to burnout among staff members who receive such notices. On the other hand, this does not necessarily mean that GPEs do not want to provide adequate support to their patients. It is possible that GPe's prefer to keep their own records confidential rather than share them with others so that they can focus on improving patient care instead of worrying about how much time they will spend dealing with sickleases.",
16960927,Can severity be predicted by treatment variables in rheumatoid arthritis administrative data bases?,"Administrative data bases provide rapid access to data regarding treatment and morbidity of rheumatoid arthritis (RA). A serious limitation of administrative data bases is the lack of information regarding RA severity, as in the case of lymphoma, where RA severity may contribute to the cause of the adverse outcome. We examined whether treatment variables could predict RA severity. We studied 7541 patients with RA who were participating in a longitudinal study of RA outcomes. Disease severity was determined by the Patient Activity Scale (PAS), which represents on a 0 to 10 scale the mean of 0-10 standardized values of pain (by visual analog scale), patient global severity, and the Health Assessment Questionnaire. We tested the ability of disease modifying antirheumatic drugs (DMARD) and biologic treatment variables and the lifetime number of these treatments to predict severity status. The receiver-operating characteristic (ROC) area under the curve (AUC) was used to describe the association between severity and treatment variables. There was little difference in PAS scores between various treatments and treatment groups, including scores of the 18.3% of patients receiving no DMARD or biologic therapy. The ROC AUC to distinguish PAS scores above and below the median was 0.64 (60.5% correctly classified) and was 0.70 (67.2% correctly classified) in distinguishing first compared to fourth quartiles PAS scores.",Treatment does not appear to have an important effect on RA severity but it can help identify those patients who will benefit most from specific therapies.,
18588674,Does increased local bone resorption secondary to breast and prostate cancer result in increased cartilage degradation?,"Breast and prostate cancer patients often develop lesions of locally high bone turnover, when the primary tumor metastasizes to the bone causing an abnormal high bone resorption at this site. The objective of the present study was to determine whether local increased bone turnover in breast and prostate cancer patients is associated with an increase in cartilage degradation and to test in vitro whether osteoclasts or cathepsin K alone generate CTXII from human bone. The study included 132 breast and prostate cancer patient, where presence of bone metastases was graded according to the Soloway score. Total bone resorption (CTXItotal) and cartilage degradation (CTXII) were determined. Breast and prostate cancer patients with bone metastases revealed significant increased levels of CTXItotal at Soloway scores 1 and higher compared to patients without bone metastases (p<0.001). CTXII was statistically elevated at score 3 and 4 (p<0.01). CTXII/CTXItotal significantly decreased at score 3 and 4 (p<0.001). Levels of CTXItotal, CTXII and CTXII/CTXItotal changed +900%, +130%, and -90%, respectively at Soloway score 4 compared to score 0. The in vitro experiments revealed that osteoclasts released CTXI fragments but not CTXII from bone specimens. The same was observed for cathepsin K.",Local increases in bone resorptions may contribute to the development of chondroprolapses in these tumors.,
23294511,Is chronic pain a disease?,"The discovery of neuroplastic phenomena such as central sensitization of nociception has challenged pain theory to evolve, to encompass unpredictable and unlikely chronic pain states, and to cope with the emerging complexity of the brain. Recently, the proposition that chronic pain is a disease in its own right has gained currency, based upon functional and structural changes in the brain constituting a distinctive pathology. Proponents have expanded the theory to identify ""eudynia"" (""good"" pain) and ""maldynia"" (""bad"" pain). A critical examination of the proposition that chronic pain is a disease was conducted within the framework of evolution of pain medicine theory. Three dominant theories were identified: specificity theory (the ""hard-wired"" nervous system); neuroplasticity theory (the ""soft-wired"" nervous system); and pain-as-a-disease. The progression from specificity theory to neuroplasticity theory was based upon empirical evidence and conceptual clarity. The latter theory confronts the uncertainty and the unpredictability of pain, and offers explanations for conditions where ongoing noxious input is not discernible. However, not only does pain-as-a-disease elevate the neurophysiological mechanisms underlying the experience of chronic pain to the status of a disease, but also it conceives of pain as a ""thing"" that is itself capable of producing an effect. This reasoning is found to be faulty on two grounds: the confusion of pain as a symptom, a cause, and a pathology; and the fallacy that can arise when an interpretation is claimed to be a truth.","Chronic pain should not be viewed as a separate entity or stage in the development of other types of pain. Instead, it represents one aspect among many manifestations of dysfunction in the nervous system caused by prolonged exposure to unrelenting stimuli.",
25368274,Does immediate breast reconstruction after mastectomy and neoadjuvant chemotherapy influence the outcome of patients with non-endocrine responsive breast cancer?,"Between 1995 and 2006, 133 BC patients received NT followed by total mastectomy, 59 of whom underwent IBR. Patients receiving IBR (IBR group) were compared to patients who did not receive IBR (no-IBR group) over a prolonged median follow-up time (8.2 years). Patients receiving IBR were on average younger than patients not receiving IBR (p<0.001). The percentage of patients with positive clinical nodal status (cN) was 19% in the IBR group and 7% in no-IBR group (p=0.036), whereas patients without IBR were more frequently diagnosed as clinical T4 (59% vs. 15%, p<0.001). The 5-year cumulative incidence of locoregional recurrences were 14% in the no-IBR group and 21% in the IBR group. The hazard of locoregional events, adjusted for age, clinical T and cN, was significantly greater in the IBR group than in the no-IBR group (hazard ratio (HR)=2.77, p=0.045). The 5-year cumulative incidences of distant metastases were similar in the two groups (p=0.414).","The results suggest that immediate surgical treatment may be beneficial when used together with neoadjunctive therapy. However, further studies should investigate whether this approach can reduce morbidity or mortality rates.",
14999239,Current trends in the management of radical retropubic prostatectomy: is short-stay RRP feasible in the United Kingdom?,"Our aim was to review UK practice in the management of radical retropubic prostatectomy and identify opportunities to reduce LOS to American levels. A survey was conducted of BAUS members regarding LOS and postoperative management. Out of 551 surveys 126 were returned. Mean LOS in the UK is 5.2 days. Opiate analgesia, PCA and postoperative epidural may delay discharge. Diet and mobilization are commenced at 1.7 and 2.1 days, respectively.",The current trend towards shorter stays for radical resection has been welcomed by many clinicians but there remains much room for improvement. The use of opiates should be limited unless absolutely necessary as they can cause serious adverse effects such as respiratory depression. Diet should be started early after surgery while mobilisation occurs later when it will have less impact on patient's ability to work or attend social events.,
26827846,The Effect of Urinary Incontinence on Health-related Quality of Life: Is It Similar in Men and Women?,"To compare the association between self-reported urinary incontinence (UI) and health-related quality of life (HRQoL) in men and women while taking chronic comorbidities into account, on the hypothesis that UI might negatively affect HRQoL differently in each sex. In 2006, a total of 10,723 men (aged 57-67 years) and 3777 women (aged 52-67 years) participating in the GAZEL cohort (www.gazel.inserm.fr) completed a self-administered questionnaire including the Nottingham Health Profile to assess HRQoL. UI was defined as self-reported involuntary loss of urine in the past 12 months. Adjusted logistic regression models were fitted to estimate the association between impaired HRQoL and UI, taking age, chronic conditions, and other confounders into account. For each QoL dimension, we compared the strength of the associations between UI and HRQoL between the sexes by tests of interaction. Women were more likely than men to report both UI (13.9% vs 2.7%) and impaired HRQoL. UI was associated with impaired HRQoL in both sexes, mainly in the dimensions of energy (OR = 3.17 in men [95% CI 2.49-4.04] and 2.11 in women [1.75-2.54]), social isolation (OR = 2.29 in men [1.74-3.02] and 1.75 in women [1.44-2.12]), and physical mobility (OR = 2.05 in men [1.62-2.60] and 2.27 in women [1.88-2.74]). There were no significant interactions between the sexes after adjustment.","The results suggest that UI may have different effects on HRQO when considering gender differences in terms of age, comorbidity status, or lifestyle factors such as exercise habits.",
9799979,Does intrathecal clonidine prolong the effect of spinal anesthesia with hyperbaric mepivacaine?,"Clonidine, an alpha 2-receptor agonist, has been reported to prolong the blocking actions of local anaesthetics. The aim of this study was to investigate the effects of spinally injected clonidine on the duration of spinal anaesthesia by mepivacaine and on the postoperative demand for analgesics. Forty-five patients who had transurethral urological surgery under spinal anaesthesia were randomized to 3 groups (n = 15 each) and studied in a double-blind fashion. Group I received 80 mg mepivacaine 4% only, while in group II mepivacaine was combined with 75 micrograms clonidine intraspinally and in group III with 150 micrograms clonidine. Onset time, spread of anaesthesia, duration of sensory and motor blockade, regression of anaesthesia and postoperative demand for analgesics were recorded. In addition heart rate and mean arterial pressure were measured at regular intervals. Clonidine had no effect on the onset time and spread or intensity of spinal anaesthesia. The higher dose of clonidine significantly prolonged the duration of sensory blockade by 50 min and the duration of motor block by 40 min, while 75 micrograms had no significant effect. Heart rate and mean arterial pressure were significantly reduced in both clonidine groups when compared to plain mepivacaine. There was no significant reduction in postoperative analgesic demand.",Intrathecal injection of clonal does not increase the duration or severity of spinal pain relief but may reduce cardiac load during anaesthetic induction.,
15138319,Should doctors wear white coats?,"To compare the views of doctors and patients on whether doctors should wear white coats and to determine what shapes their views. A questionnaire study of 400 patients and 86 doctors was performed. All 86 of the doctors' questionnaires were included in the analysis but only 276 of the patients were able to complete a questionnaire. Significantly more patients (56%) compared with their doctors (24%) felt that doctors should wear white coats (p<0.001). Only age (>70 years) (p<0.001) and those patients whose doctors actually wore white coats (p<0.001) were predictive of whether patients favoured white coats. The most common reason given by patients was for easy identification (54%). Less than 1% of patients believed that white coats spread infection. Only 13% of doctors wore white coats as they were felt to be an infection risk (70%) or uncomfortable (60%). There was no significant difference between doctor subgroups when age, sex, grade, and specialty were analysed.","The results suggest that many patients feel strongly about having white-coats while others do not. However, there is little consistency across different groups regarding why they prefer this style of dress. Further studies should investigate these differences further before making any recommendations.",
22534043,Does left ventricular size impact on intrinsic right ventricular function in hypoplastic left heart syndrome?,"The size of the remnant left ventricle (LV) may influence right ventricular function and thus long-term outcome in palliated hypoplastic left heart syndrome (HLHS). We therefore sought to assess the impact of the size of the hypoplastic LV on intrinsic RV function in HLHS patients after Fontan surgery. Fifty-seven HLHS patients were studied 2.5 (range: 0.8-12.6) years after Fontan-type palliation with the pressure-volume conductance system. The patient cohort was divided into two groups according to the median LV area index (group 1: LV area index ≤ 1.33 cm(2)/m(2), n=29; group 2: LV area index>1.33 cm(2)/m(2), n=28). The slopes of the end systolic elastance (Ees) and the preload recruitable stroke work relation (Mw) were not different between group 1 and 2 (Ees: 2.70 ± 1.92 vs. 3.68 ± 2.68 mmHg/ml; Mw: 52.75 ± 14.98 vs. 51.09 ± 16.63 mmHg x ml; P=NS for all). Furthermore, the systolic responses to dobutamine were not statistically different between groups. However, the slope of the end diastolic stiffness (Eed) was higher in group 2 and catecholaminergic stimulation resulted in a decrease in Eed in group 2 (group 1: 0.40 ± 0.26 vs. 0.52 ± 0.45; group 2: 0.68 ± 0.44 vs. 0.47 ± 0.38 mmHg/ml, P<0.01). Furthermore Eed was lowest in patients with mitral atresia/aortic atresia, the anatomic subgroup with the smallest LV remnant.",In this study we found no association between the size or shape of the remaining LV and its contribution to right ventriculotransplantation efficiency during Fontan operation. This finding suggests that the size does not play any role when considering the importance of maintaining adequate LV volume for optimal right ventrular function.,
23373458,Is thyrotropin-releasing hormone a novel neuroendocrine modulator of keratin expression in human skin?,"Hair and epithelial keratins constitute the major structural components of the skin and its appendages, including the hair fibre. While it is appreciated that selected steroid hormones regulate specific keratins, little is known about the neuroendocrine control of human hair keratin expression. Preliminary evidence had suggested that thyrotropin-releasing hormone (TRH) may regulate keratin gene transcription. To clarify whether TRH operates as a novel neuroendocrine regulator of human hair and epithelial keratin expression under physiologically relevant conditions in situ. Microdissected human female scalp hair follicles (HFs) and female scalp skin were treated in serum-free organ culture for 12 h to 6 days with 100 ng mL(-1) TRH or vehicle. Both quantitative immunohistomorphometry and quantitative real-time polymerase chain reaction were utilized to assess expression of selected keratins. TRH significantly increased expression of the hair keratins K31 and K32, while that of K85 and K86, and of the epithelial keratins K14 and K17, was reduced. In the interfollicular epidermis, TRH stimulated expression of K6, K14 and K17, both at the mRNA and protein levels. Stimulation of the same keratins was also evident in the eccrine sweat and sebaceous glands.",These results suggest that TRH acts as an endogenous neuroendocrinologist regulating keratinocyte proliferation and differentiation by stimulating expression of several important keratines. These findings provide further support for the notion that TRh may play an important role in shaping the structure and function of the human skin.,
22804796,Does regular exercise including pelvic floor muscle training prevent urinary and anal incontinence during pregnancy?,"To assess whether pregnant women following a general exercise course, including pelvic floor muscle training (PFMT), were less likely to report urinary and anal incontinence in late pregnancy than a group of women receiving standard care. A two-armed, two-centred randomised controlled trial. Trondheim University Hospital (St. Olavs Hospital) and Stavanger University Hospital, in Norway. A total of 855 women were included in this trial. The intervention was a 12-week exercise programme, including PFMT, conducted between 20 and 36 weeks of gestation. One weekly group session was led by physiotherapists, and home exercises were encouraged at least twice a week. Controls received regular antenatal care. Self-reported urinary and anal incontinence after the intervention period (at 32-36 weeks of gestation). Fewer women in the intervention group reported any weekly urinary incontinence (11 versus 19%, P = 0.004). Fewer women in the intervention group reported faecal incontinence (3 versus 5%), but this difference was not statistically significant (P = 0.18).","Regular exercise programs such as those used here may help reduce the risk of developing urinary or anal incontinent during pregnancy. However, these findings should be interpreted with caution because they do not include all participants. Further studies need to investigate whether there is an effect on other aspects of quality of life.",
10828771,Does transportation by ambulance decrease time to gastrointestinal decontamination after overdose?,"Because the ability of gastrointestinal decontamination to alter drug absorption varies inversely with time, we compared the time from arrival in the emergency department to gastrointestinal decontamination (gastric lavage or activated charcoal) for patients transported by ambulance with patients transported by other means after overdose. A retrospective chart review was conducted in an academic university ED with an annual volume of 56,000 visits. Consecutive cases of oral overdose treated by gastrointestinal decontamination between December 1, 1995, and May 31, 1996, were identified from International Classification of Diseases, ninth revision, billing codes. ED charts were reviewed to determine the patient's age, sex, mode of transportation, disposition, and time interval to gastrointestinal decontamination with either gastric lavage or activated charcoal. Two hundred eighty-one patient visits were identified. Complete data were available for 173 visits. Six patients were excluded because the diagnosis of overdose was not made on presentation, leaving 167 cases for analysis. The median age for all patients was 27 years; 95 (57%) were female. Overdose patients were transported by ambulance in 105 (67%) cases. Admission rates were similar for patients transported by ambulance and those who arrived by other means. The median interval from arrival to any gastrointestinal decontamination (lavage or charcoal) for patients transported by ambulance was shorter than patients who arrived by other means at 55 and 73 minutes, respectively (95% confidence interval for difference 2.5 to 30.5 minutes, P =.03). Subgroup analysis showed this difference was largely the result of gastric lavage.","Transportation by ambulance does not appear to delay gastrointestinal decongestion following overdose. However, it may increase the risk of complications such as aspiration pneumonia if not done promptly enough.",
25448673,Colonic diverticulitis in chemotherapy patients: should operative indications change?,"Management of the immunosuppressed patient with diverticular disease remains controversial. We report the largest series of colon cancer patients undergoing chemotherapy and hospitalized for acute diverticulitis, to determine whether recent treatment with systemic chemotherapy is associated with increased risk for/increased severity of recurrent diverticulitis. Retrospective cohort study of adult patients hospitalized for an initial episode of acute colonic diverticulitis at Memorial Sloan Kettering Cancer Center, 1988-2004. Outcomes in patients receiving systemic chemotherapy within one month of admission for diverticulitis (""Chemo"") were compared to outcomes of patients not receiving chemotherapy within the past month (""No-chemo""). A total 131 patients met inclusion criteria. Chemo patients did not differ significantly from No-chemo group in terms of severity of acute diverticulitis at index admission (13.2% vs. 4.4%, respectively, p = 0.12), resumption of chemotherapy (median 2 months), failure of non-operative management (13.2% vs 4.4%, respectively, p = 0.12), frequency of recurrence (20.5% vs 18.5%), hospital length of stay (p = 0.08), and likelihood of interval resection (24.0% vs. 16.2%, respectively, p = 0.39). Chemo patients recurred with more severe disease, were more likely to undergo emergent surgery (75.0% vs. 23.5%, respectively, p = 0.03), and were more likely to be diverted (100.0% vs. 25.0%, respectively, p = 0.03). Chemo patients were significantly more likely to incur a postoperative complication (100% vs 9.1% p < 0.01) following interval resection. Overall mortality was significantly higher in the Chemo vs. No-chemo group. Median survival in Chemo patients was 3.4 years; in No-chemo patients, median survival was not reached at 10 years.",Systematic review suggests that chemo does not increase risk for or severity of recurrence of acute idiopathic diverticula but may lead to earlier surgical intervention if there is no response to conservative therapy.,
15008718,Can leakage at the vesico-urethral anastomosis be predicted after radical retropubic prostatectomy?,"To determine if low-risk patients can be identified in whom cystography is unnecessary to assess the integrity of the vesico-urethral anastomosis after radical retropubic prostatectomy (RRP), and thus who can have early catheter removal. In all, 275 RRPs by one surgeon were analysed retrospectively; the surgical technique, blood loss and comorbidity were recorded. Cystograms were taken 8 days after RRP to assess vesico-urethral integrity before catheter removal. Of the 275 patients, 75% and 89% had cystography before 8 and 10 days after RRP, respectively; 71% of patients had no leak on cystography and were catheter-free at 8 days. Eighty-four leaks were identified, of which 25 (9.6%) were moderate or large. Previous transurethral prostatectomy, ischaemic heart disease, blood loss, mucosal eversion and preservation of the prostatic urethra were significant risk factors for developing a leak and were used to create a nomogram to assess the relative risk of leakage. However, none of the variables assessed, either alone or combined, could be used to predict which leaks were clinically significant.",Cystoscopy should not be performed until there has been sufficient time for the patient's body fluids to drain from the bladder. Patients with mild leaks may require further investigation but those with severe leaks should be considered for immediate removal of the catheters.,
23088421,Does a medical management program for CKD patients postpone renal replacement therapy and mortality?,"Many countries have started screening and prevention programs for chronic kidney disease (CKD). However, one of the main concerns of health authorities is whether management strategies for diagnosed CKD patients can decrease mortality or morbidity. This study aimed to investigate the effect of two competing clinical strategies of treatments under nephrologists' supervision compared with no treatment on the frequency of the need to start renal replacement therapy (RRT) and mortality in CKD patients. Our cohort comprised consecutive newly diagnosed patients with CKD in an outpatient clinic in Tehran between October 2002 and October 2011. CKD Patient enrollment occurred if two criteria of high plasma creatinine level and chronicity of renal disease by at least 3 months of clinical history or small sized kidneys in ultrasound findings were met. Demographic data and time of RRT or mortality in patients who had been followed up regularly were compared with those in the control group. The control group included those patients who did not attend a nephrology clinic to receive CKD management package for at least 1 year during the study period. The cohort included 76 patients in the control group and 389 patients in the supervised group. The mean age of the patients was 61.33±14.9 years (16-95 years). The ratio of males/females was 1.47 (277/188). The mean follow-up in the control and supervised groups was 33.29±20.50 (7-111) and 36.03±25.24 (6-124) months , respectively, and the total patient years of follow-up was 1382.3. A substantial number of patients survived without RRT until the first year of follow up (96%) in both groups, but afterward, those in the control group had more deaths or need to start RRT in comparison with those who received medical advice (20 vs. 67 months; p= 0.029). This cohort also showed a higher survival and a longer time to show a GFR of less than 15 cc/min (84 vs 34 months, p<0.0001) in patients who had been under physician supervision compared with the control group.",A combination of medical advice and professional guidance may be effective in reducing mortality among patients with severe CKD.,
17188950,"Toxicity of 6-thioguanine: no hepatotoxicity in a series of IBD patients treated with long-term, low dose 6-thioguanine. Some evidence for dose or metabolite level dependent effects?","6-Thioguanine is used in inflammatory bowel disease since 2001, with promising short-term results. In 2003, liver histology of some 6-thioguanine treated patients showed nodular regenerative hyperplasia. Recently, magnetic resonance imaging revealed nodular regenerative hyperplasia in patients with normal histology. Investigating the presence of nodular regenerative hyperplasia in long-term 6-thioguanine treated patients. Inflammatory bowel disease patients, using 6-thioguanine minimally 24 months, were asked to undergo liver biopsy and magnetic resonance imaging. Fourteen patients used 6-thioguanine minimally 24 months, 13 participated. Mean 6-thioguanine therapy duration, daily dose and 6-thioguanine nucleotide levels were: 36 months, 18.8 mg (0.28 mg/kg) and 705 pmol/8x10(8) erythrocytes, respectively. Liver histology and magnetic resonance imaging showed no nodular regenerative hyperplasia. Liver biopsy and magnetic resonance imaging showed no nodular regenerative hyperplasia in these long-term 6-thioguanine treated inflammatory bowel disease patients. 6-thioguanine dose and metabolite levels were lower compared with previous nodular regenerative hyperplasia reports, suggesting dose or metabolite level-dependent effects. Otherwise, nodular regenerative hyperplasia is related with inflammatory bowel disease itself and immunosuppressives, including azathioprine and 6-mercaptopurine.","In this report we show that there is no significant increase in hepatic toxicity when using high doses of 1H-GU during long term treatment of IBS. However, it seems important to monitor liver function periodically while taking 6thGiuanines because they may cause nodular regeneration.",
25583093,Plasma fibroblast growth factor 23 concentration and iron status. Does the relationship exist in the elderly population?,"Fibroblast growth factor 23 (FGF23) is a phosphaturic agent involved in calcium-phosphate homeostasis. Recent findings show that iron deficiency and inflammation regulate FGF23 release and/or biodegradation. Iron deficiency is frequently observed in the elderly, therefore the aim of this study was to find out if iron deficiency is independent from low grade inflammatory factors affecting both forms of FGF23 that are detectable in circulation in a large population-based study of elderly subjects. The analysis included 3780 elderly (1798 females) PolSenior study participants and assessed levels of phosphorus, calcium, iron, ferritin, interleukin 6, C-reactive protein (hs-CRP), intact (iFGF23), and c-terminal FGF (cFGF23). The analysis was performed for all subjects and terciles of serum iron levels in relation to hs-CRP were calculated. The highest plasma cFGF23 and iFGF23 concentrations were found in subjects with the lowest serum iron levels (p<0.001). The effect of low grade inflammation was markedly weaker and affected only iFGF23 levels. The adjusted serum levels of hs-CRP, iPTH, phosphorus, and 25-(OH)-D3 analysis revealed that plasma iFGF23 and cFGF23 levels were almost unchanged up to a serum iron level of 59.3 ng/mL and 57.3 ng/mL respectively and then were nearly linearly increasing by 0.285 pg/mL and 3.742 RU/mL for each unit of serum iron increase.","In our cohort of elderly individuals there seems to be no association between iron deficiency or inflammation and changes in FGF-23 expression. However, it should be noted that these results may not apply to other populations as well. Further studies need to investigate whether these differences can be explained by different mechanisms such as differential regulation of gene expression or altered transport pathways.",
25851132,Does long-term cultivation of saplings under elevated CO2 concentration influence their photosynthetic response to temperature?,"Plants growing under elevated atmospheric CO2 concentrations often have reduced stomatal conductance and subsequently increased leaf temperature. This study therefore tested the hypothesis that under long-term elevated CO2 the temperature optima of photosynthetic processes will shift towards higher temperatures and the thermostability of the photosynthetic apparatus will increase. The hypothesis was tested for saplings of broadleaved Fagus sylvatica and coniferous Picea abies exposed for 4-5 years to either ambient (AC; 385 µmol mol(-1)) or elevated (EC; 700 µmol mol(-1)) CO2 concentrations. Temperature response curves of photosynthetic processes were determined by gas-exchange and chlorophyll fluorescence techniques. Initial assumptions of reduced light-saturated stomatal conductance and increased leaf temperatures for EC plants were confirmed. Temperature response curves revealed stimulation of light-saturated rates of CO2 assimilation (Amax) and a decline in photorespiration (RL) as a result of EC within a wide temperature range. However, these effects were negligible or reduced at low and high temperatures. Higher temperature optima (Topt) of Amax, Rubisco carboxylation rates (VCmax) and RL were found for EC saplings compared with AC saplings. However, the shifts in Topt of Amax were instantaneous, and disappeared when measured at identical CO2 concentrations. Higher values of Topt at elevated CO2 were attributed particularly to reduced photorespiration and prevailing limitation of photosynthesis by ribulose-1,5-bisphosphate (RuBP) regeneration. Temperature response curves of fluorescence parameters suggested a negligible effect of EC on enhancement of thermostability of photosystem II photochemistry.","The results indicate that although there is an increase in thermal tolerance of photosystems I and III, this does not translate into enhanced thermostableness of the entire photosynthesizing machinery. Instead, it appears that the overall efficiency of heat transfer from atmosphere to plant tissue increases due to decreased rate of RuBPs formation.",
10427867,Are oxygen indices effective for predicting pathological intrapulmonary shunt in mechanically ventilated children?,"This study was undertaken to evaluate whether oxygen indices accurately predict pathological intrapulmonary shunt (Qsp/Qt), and to evaluate the sensitivity and specificity of the FiO2-required formula to obtain a desired arterial oxygen tension (PaO2) in mechanically ventilated children. A prospective, hospital-based, comparative study was conducted on 50 mechanically ventilated children at the Intensive Care Units of the National Institute of Pediatrics (INP) in Mexico City. Blood gas data were prospectively collected from 50 critically ill, mechanically ventilated children, 50 taken before and 40 after FiO2 change. Assessment of Qsp/Qt, P(A-a)O2, PaO2/FiO2, PaO2/PAO2, and P(A-a)O2/PaO2 was carried out before and after FiO2 change. In first blood gas data, 31 patients were hypoxemic (PaO2<90 Torr), 10 were normal, and 9 were hyperoxemic (PaO2>100 Torr). Forty patients required FiO2 modifications that were carried out according to Maxwell's formula. Five children showed persistent oxygen disturbance after FiO2 changes. P(A-a)O2, PaO2/FiO2, PaO2/PAO2, and P(A-a)O2/PaO2 had sensitivities of 0.66, 0.71, 0.98, and 0.93, respectively, and specificities of 0.79, 0.91, 0.29, and 0.64, respectively, to detect pathological Qsp/Qt. All oxygen indices changed significantly after FiO2 modifications compared from initials; Qsp/Qt also showed significant change after FiO2 change. Pearson product-moment showed lineal correlation between each index, and Qsp/Qt demonstrated their significant correlation (p<0.01). Correlation of Qsp/Qt and PaO2/FiO2 and PaO2/PAO2 was significantly higher in younger children (<13 years) p<0.05. The FiO2-required formula to obtain a desired PaO2 had a sensitivity of 0.93 and a specificity of 0.75.",The use of oxygen indices as predictors of pathological QSP/QQT does not seem appropriate because they do not account for variations in lung function during ventilation.,
16426878,The relationship between activity and pain in patients 6 months after lumbar disc surgery: do pain-related coping modes act as moderator variables?,"In LBP patients, the relationship between pain and physical activity remains unclear. Whereas a negative relationship between pain and self-reported physical activity was found, this relation disappeared in the case of overt behavioral data (e.g., accelerometer). Cognitive-behavioral models of the development of chronic pain suggest subgroups with signs of physical underuse and overuse. To examine if patients with pain-related adaptive, endurance and fear-avoidance coping differ in pain, self-reported physical function and overt physical activity 6 months after disc surgery. 24 patients completed questionnaires (Von Korff chronic pain grade (CPG), Kiel pain inventory (KPI), Funktionsfragebogen Hannover-Rücken FFbH-R) and underwent an 8-h accelerometer assessment in their daily life (physical activity level (PAL), number of constant postures (CP)). The KPI differed between adaptive coping (AC) (N=9), fear avoidance coping (FAC) (N=1) and endurance coping (EC) (N=14). In the whole group, pain intensity was negative related to self-reported physical activity whereas PAL and CP displayed no correlation with pain. EC patients showed significantly higher pain scores and lower self-reported physical functioning compared to AC but the same level of PAL and furthermore, a significantly higher number of CPs in daily life. The visual inspection of the FAC patient revealed also high pain, low physical functioning and low overt physical activity.","The results indicate that there is still some overlap between those who suffer from acute or chronic pain and those who use/avoid physical activities regularly. However, it seems that some individuals may benefit more from increased physical activity than others due to different underlying factors such as personality traits or comorbidities. Further studies should investigate whether these differences can be explained by specific coping styles or other psychological mechanisms.",
21938444,Is cholecystectomy necessary after endoscopic treatment of bile duct stones in patients older than 80 years of age?,"Although patients with cholecystocholedocholithiasis are generally referred to cholecystectomy after endoscopic sphincterotomy (ES) and common bile duct clearance, we often have a conflict whether cholecystectomy is necessary in very elderly patients with comorbid diseases. The aim of this study is to assess whether cholecystectomy in very elderly patients is justified after ES. Patients with cholecystocholedocholithiasis who underwent ES and stone extraction and were followed-up for more than 10 years were retrospectively reviewed. We divided these patients into two groups: the elderly group (equal to or more than 80 years old) and young group (less than 80 years old) and compared late biliary complications and mortality. The 10-year cumulative incidence of overall biliary complications was significantly lower in cholecystectomized patients than in patients with gallbladder in situ in the young group (7.5 vs. 21.7%, p = 0.0037), but not different in the elderly group (8.3 vs. 7.4%, p = 0.92). When each complication was evaluated separately, the rate of recurrent common bile duct stones (CBDS) was not different, but that of acute cholecystitis was significantly lower in the elderly group than in the young group (4.1 vs. 22.6%, p = 0.011).","In our series, cholecystsectomy seems not to be required if there is no other indication for it.",
11777674,Can personal health record booklets improve cancer screening behaviors?,"Despite the widespread use of written health education materials as interventions, relatively few studies have adequately evaluated the effectiveness of such materials on changing healthcare behaviors in the general population.SETTING/ The study consisted of ten matched pairs of small rural towns in New South Wales, Australia, with a total combined population of approximately 25,000 in both the intervention and control group towns. A randomized controlled trial was used. Personal Health Record Booklets (PHRBs) that include the latest evidence-based recommendations for reducing risk of cancer and cardiovascular disease were developed using leading behavioral change theories to maximize effectiveness. The booklets included an explanatory letter, a gender-specific Better Health Booklet, and a gender-specific Better Health Diary. Following a media campaign, the PHRBs were mailed to all residents aged 20 to 60 years (about 12,600 people) in the ten intervention towns. Family practitioners in the intervention towns were recruited to support and encourage people to use the PHRBs. Health Insurance Commission data for Papanicolaou (Pap) tests, mammograms, and skin operations were obtained for 5 years before the intervention, and 3 months and 1 year after the intervention. No significant increases in the rates of Pap tests, mammograms, and skin operations were detected in either short- or long-term follow-ups.","The results suggest that although there may be some benefits from providing individuals with information about their own health status through PHR books, these do not appear to lead to changes in behavior. Further research is needed to determine whether this approach could be effective in improving overall health outcomes among the general public.",
20698227,Can angiogenesis be a target of treatment for ribavirin associated hemolytic anemia?,"Recently ribavirin has been found to inhibit angiogenesis and a number of angiogenesis inhibitors such as sunitinib and sorafenib have been found to cause acute hemolysis. We aimed to investigate whether there is a relation between hemoglobin, haptoglobin and angiogenesis soluble markers which are modifiable and can help in developing strategies against anemia. Fourteen patients chronically infected with hepatitis C virus were treated by pegylated interferon alpha 2a and ribavirin. Serum hemoglobin, haptoglobin and angiogenesis markers of vascular endothelial growth factor and angiopoetin-2 were investigated before and after therapy. We observed a significant decrease in haptoglobin levels at the end of the treatment period. Hemoglobin levels also decreased but insignificantly by treatment. In contrast with the literature, serum levels of angiogenesis factors did not change significantly by pegylated interferon and ribavirin therapy. We found no correlation of angiogenesis soluble markers with either hemoglobin or haptoglobin.",Our results suggest that there may exist another mechanism involved in the development of hemolysia caused by ribaviral infection than through direct damage to red blood cells. This could explain why we did not observe any increase in hptg levels during treatment. Further studies should focus on identifying new targets for anti-hemolytic agents.,
19878620,"Are modern health worries, environmental concerns, or paranormal beliefs associated with perceptions of the effectiveness of complementary and alternative medicine?","To investigate to what extent paranormal beliefs, modern health worries (MHWs), and environmental concerns were related to beliefs about, and behaviour associated with complementary and alternative medicine (CAM). Of the participants, 150 completed a four-part questionnaire measuring use and perception of CAM, MHWs, paranormal beliefs, and environmental concerns. A factor analysis on the CAM questions revealed three clear components, labelled efficacy of CAM, attitudes to CAM, and safety of CAM. Age, total MHWs, paranormal beliefs, and environmental concerns were used as predictor variables in regression analyses with efficacy as criterion variable. Age was found to be a significantly related to efficacy of CAM. When total MHW score, paranormal belief score, and environmental concern score were added to the model, the r(2) increased by 29%. Environmental concern did not significantly relate to efficacy but spiritualism beliefs did. A factor analysis of the MHW scale items revealed nine factors. Out of these, radiation, doctors playing God, disasters, and epidemics, as well as harmful rays and air contaminants significantly predict belief in the efficacy of CAM.",The results suggest that there may be an association between perceptions of effective treatments for various illnesses and beliefs regarding their availability through CAM practices. Further studies should explore whether this relationship holds across different populations.,
19139795,Diagnostic assessments of spirometry and medical history data by respiratory specialists supporting primary care: are they reliable?,"Five respiratory specialists assessed spirometry data and the history of 156 patients randomly selected from referrals to an asthma/COPD-service. The inter-observer reliability was evaluated. After six months, all specialists repeated the assessments and the intraobserver reliability was evaluated. The diagnostic assessments for all patients had reasonable intra- and inter-observer reliability, resulting in a Cohen's kappa (kappa) of 0.67 and 0.66 respectively. The intra-observer reliability for assessing the need for additional diagnostic examinations had an average kappa 0.56 for new patients and an average kappa 0.39 for follow-up examinations. The assessments of clinical stability in follow-up patients--on which therapeutic advice was based--were inconsistent.",The assessment of spirometer readings is not very accurate but it can be used as part of routine practice when there is no time limit for treatment decisions. The assessment of patient history should also be done by other members of the healthcare team if possible.,
22949726,Early consultation with a rheumatologist for RA: does it reduce subsequent use of orthopaedic surgery?,"Optimal care in RA includes early use of DMARDs to prevent joint damage and hopefully decrease the need for costly surgical interventions. Our objective was to determine whether a reduced rate of orthopaedic surgery was evident for persons with RA who saw a rheumatologist early in the disease course. We studied persons who had a diagnosis of RA based on billing code data in the province of Quebec in 1995, and for whom the initial date of RA diagnosis by a non-rheumatologist could be established before the confirmatory diagnosis by the rheumatologist. We followed these patients until 2007. Patients were classified as early consulters or late consulters depending on whether they were seen by a rheumatologist within or beyond 3 months of being diagnosed with RA by their referring physician. The outcome, orthopaedic surgery, was defined using International Classification of Diseases (ICD) procedure codes ICD9 and ICD10. Multivariate Cox regression with time-dependent covariates estimated the effect of early consultation on the time to orthopaedic surgery. Our cohort consisted of 1051 persons; mean age at diagnosis was 55.7 years, 68.2% were female and 50.7% were early consulters. Among all patients, 20.5% (215) had an orthopaedic surgery during the observation interval. Early consulters were less likely to undergo orthopaedic surgery during the 12-year follow-up period (adjusted hazard ratio 0.60, 95% CI 0.44, 0.82).",Early consultations with a specialist have been associated with decreased rates of subsequent orthopedic procedures among individuals with RA. This finding suggests that such consultations may help improve patient outcomes.,
19502959,Orthotopic liver transplantation: T-tube or not T-tube?,"The purpose of this study was to compare outcomes after duct-to-duct anastomoses with or without biliary T-tube in orthotopic liver transplantation. We pooled the outcomes of 1027 patients undergoing choledocho-choledochostomy with or without T-tube in 9 of 46 screened trials by means of fixed or random effects models. The ""without T-tube"" and ""with T-tube"" groups had equivalent outcomes for: anastomotic bile leaks or fistulas, choledocho-jejunostomy revisions, dilatation and stenting, hepatic artery thromboses, retransplantation, and mortality due to biliary complications. The ""without T-tube"" group had better outcomes when considering ""fewer episodes of cholangitis,"" ""fewer episodes of peritonitis,"" and showed a favorable trend for ""overall biliary complications."" Although the ""with T-tube"" group showed superior result for ""anastomotic and nonanastomotic strictures,"" the incidence of interventions was not diminished.","In our analysis we found that there is no difference between those who have or do not use T-tubes during liver transplant surgery. However, it seems important to consider whether these procedures should be performed before or after the operation depending on the patient's condition.",
26998882,Long-term physical activity: an exogenous risk factor for sporadic amyotrophic lateral sclerosis?,"To conduct a geographically defined, UK-based case-control study, to examine any association between physical activity (PA) and amyotrophic lateral sclerosis (ALS). A novel historical PA questionnaire was designed, validated, and subsequently administered in individual face-to-face interviews of 175 newly diagnosed sporadic ALS cases and 317 age- and sex-matched community controls. Historical PA energy expenditure and time spent in vigorous-intensity PA were derived from questionnaire data and compared between cases and controls. Participation in an extra 10kJ/kg/day of PA (equivalent to approximately 45minutes brisk walking) was consistently associated with an increased risk of ALS, with the strongest association observed for adulthood exercise-related PA (OR 1.47, 95% CI 1.10-1.97). An extra 10mins/day of vigorous PA was also associated with the odds of ALS (OR 1.03, 95% CI 1·01-1·05). Results were slightly attenuated following adjustment for smoking and educational attainment.",The findings suggest that there may be some benefit from increasing levels of physical activity among people with ALS. Further studies should investigate whether this effect persists over longer periods or if it is due to changes in lifestyle rather than actual increases in physical fitness.,
8082344,Does every patient with enigmatic lung disease deserve a lung biopsy?,"Define the negative predictive factors for survival in patients who undergo open-lung biopsy. Retrospective analysis from July 1988 through January 1992 (prior to widespread use of video-assisted techniques). Factors included in analysis were: oxygen therapy, requirement for intubation, and HIV status. Also analyzed were the accuracy of the preoperative presumptive diagnosis and the outcome of therapy. University hospital in an urban area with active medical and surgical critical care services. All patients who underwent open-lung biopsy during the study design period. Patients excluded were those with lung transplants and one patient who had a thoracoscopic biopsy. Forty-eight lung biopsies were performed and 31 patients without AIDS and 15 with AIDS. Twenty-four (16 without AIDS, 8 with AIDS) were receiving oxygen therapy, met intubation criteria, or were intubated and ventilated at the time of biopsy. The indications were undiagnosed nodular or interstitial lung disease. Presurgical evaluation included a preoperative diagnostic algorithm of transthoracic needle biopsy and nodular disease (9 patients) and at least one bronchoscopy with bronchoalveolar lavage and transbronchial biopsy in interstitial disease (22 patients). Seven patients with nodular disease and nine with infiltrate had no preoperative procedures. Lung biopsy obtained at definitive diagnosis in 98 percent of patients. Biopsy significantly altered therapy in 79 percent (81 percent without AIDS, 73 percent with AIDS). Postoperatively, in-hospital mortality was 8 (17 percent): 5 (16 percent) without AIDS and 3 (20 percent) with AIDS p>0.1. Mortality rates showed patients without respiratory compromise, 4.2 percent (7 percent without AIDS, 0 percent with AIDS); patients receiving oxygen therapy, 6 percent (10 percent without AIDS; 0 percent with AIDS); patients who met intubation criteria, 60 percent (33 percent without AIDS, 100 percent with AIDS); patients who were ventilated, 75 percent (66 percent without AIDS [p<0.05], 100 percent with AIDS [p<0.05].",Lung biopsy is useful when there is doubt about the presence of pulmonary disease but it does not alter treatment if there is clear indication for surgery.,
25874744,Can triggered electromyography monitoring throughout retraction predict postoperative symptomatic neuropraxia after XLIF?,"This multicenter study aims to evaluate the utility of triggered electromyography (t-EMG) recorded throughout psoas retraction during lateral transpsoas interbody fusion to predict postoperative changes in motor function. Three hundred and twenty-three patients undergoing L4-5 minimally invasive lateral interbody fusion from 21 sites were enrolled. Intraoperative data collection included initial t-EMG thresholds in response to posterior retractor blade stimulation and subsequent t-EMG threshold values collected every 5 min throughout retraction. Additional data collection included dimensions/duration of retraction as well as pre-and postoperative lower extremity neurologic exams. Prior to expanding the retractor, the lowestt-EMG threshold was identified posterior to the retractor in 94 % of cases. Postoperatively, 13 (4.5 %) patients had a new motor weakness that was consistent with symptomatic neuropraxia (SN) of lumbar plexus nerves on the approach side. There were no significant differences between patients with or without a corresponding postoperative SN with respect to initial posterior blade reading (p = 0.600), or retraction dimensions (p>0.05). Retraction time was significantly longer in those patients with SN vs. those without (p = 0.031). Stepwise logistic regression showed a significant positive relationship between the presence of new postoperative SN and total retraction time (p<0.001), as well as change in t-EMG thresholds over time (p<0.001), although false positive rates (increased threshold in patients with no new SN) remained high regardless of the absolute increase in threshold used to define an alarm criteria.","Triggered EMGs may be useful for identifying patients who will experience symptoms following spinal surgery. However, they do not provide sufficient information about severity or timing of onset of neuromotor dysfunction. Further studies should investigate whether these findings can be incorporated into clinical practice guidelines.",
16562409,Do we learn from our mistakes?,"Little research has examined antecedents of specific drinking consequences (vomiting, regretted sex, hangover, blackouts) among college students. This research examined how students' experiences of past consequences relate to their beliefs of experiencing similar consequences in the future and how these beliefs relate to current drinking patterns. Self-reported past drinking behavior and resulting consequences associated with specific occasions were assessed among 303 (66% women) college students. Students also estimated number of drinks associated with risk of experiencing future similar consequences. Paired-samples t tests indicated that students significantly overestimated the number of drinks it would take to vomit, have unwanted sexual experiences, experience hangovers, and black out in comparison with the actual self-reported number of drinks consumed the last time identical consequences were experienced. In addition, a series of multiple-regression analyses revealed that greater misperceptions between the perceived and actual number of drinks associated with each type of consequence were consistently associated with heavier drinking.",Students who believe they will experience more severe consequences than actually do may be at increased risk for engaging in risky behaviors such as binge drinking or substance abuse. Further studies should investigate whether this phenomenon occurs across different age groups and populations.,
11467691,Does a second delivery increase the risk of anal incontinence?,"To evaluate the prevalence of anal incontinence and anal sphincter defects after a first vaginal delivery and assess the effect of a second delivery. Prospective cohort study using postal questionnaires assessing incontinence to flatus and stools at three and thirty months postnatally and anal endosonography at three months following delivery. Recruitment was from the antenatal clinic at the University Hospitals of Geneva, Switzerland. One hundred women with a vaginal delivery of their first child. Prevalence of anal incontinence and anal sphincter defects. Anal incontinence was reported by 16/92 (17%) of women at three months after delivery and by 11/77 (14%) at 30 months. At that time, 5/54 (9%) with no further delivery reported incontinence, compared with 6/ 23 (26%) of those who had had another delivery (RR 2.8, 95% CI 1.0-8.3). Anal sphincter defects were diagnosed by endosonography in 46/87 (53%) women and were associated with reported incontinence at both three months (RR 1.9; 95% CI 1.4-2.6) and 30 months (RR 1.9: 95% CI 1.3-2.8) after delivery. The prevalence of anal incontinence at 30 months was highest (5/13, 39%) among those in whom a sphincter defect was diagnosed by endosonography after their first delivery and with a second delivery.",The incidence of anal dysfunction is high among women who have had one or more deliveries before age 35 years. This may be due to increased stress on the pelvic floor during each subsequent pregnancy but also because some patients do not receive adequate treatment for their existing condition prior to having another child.,
